{
"type": "FeatureCollection",
"features": [
{ "type": "Feature", "properties": { "NAME": "Kingston upon Thames", "GSS_CODE": "E09000021", "HECTARES": 3726.117, "NONLD_AREA": 0.0, "ONS_INNER": "F", "SUB_2009": null, "SUB_2006": null }, "geometry": { "type": "Polygon", "coordinates": [ [ [ 534747.800000000046566, 159517.799999999988358 ], [ 534588.0, 159522.1 ], [ 534512.300000000046566, 159780.5 ], [ 534474.800000000046566, 159760.799999999988358 ], [ 534398.800000000046566, 159726.700000000011642 ], [ 534391.900000000023283, 159723.299999999988358 ], [ 534378.900000000023283, 159712.4 ], [ 534345.099999999976717, 159702.799999999988358 ], [ 534314.300000000046566, 159691.799999999988358 ], [ 534292.699999999953434, 159683.9 ], [ 534253.099999999976717, 159666.6 ], [ 534229.400000000023283, 159657.9 ], [ 534207.5, 159654.6 ], [ 534160.5, 159651.5 ], [ 534159.699999999953434, 159637.1 ], [ 534109.5, 159624.6 ], [ 534075.400000000023283, 159619.299999999988358 ], [ 534001.5, 159606.0 ], [ 533965.599999999976717, 159603.299999999988358 ], [ 533968.0, 159564.799999999988358 ], [ 533974.900000000023283, 159467.700000000011642 ], [ 533977.0, 159416.700000000011642 ], [ 533946.5, 159414.700000000011642 ], [ 533940.599999999976717, 159413.0 ], [ 533934.800000000046566, 159411.200000000011642 ], [ 533933.400000000023283, 159410.799999999988358 ], [ 533929.599999999976717, 159409.5 ], [ 533925.800000000046566, 159408.200000000011642 ], [ 533922.0, 159406.799999999988358 ], [ 533918.300000000046566, 159405.299999999988358 ], [ 533914.599999999976717, 159403.6 ], [ 533895.699999999953434, 159395.1 ], [ 533882.800000000046566, 159384.5 ], [ 533867.900000000023283, 159369.299999999988358 ], [ 533858.099999999976717, 159358.4 ], [ 533841.699999999953434, 159340.1 ], [ 533819.900000000023283, 159310.0 ], [ 533825.199999999953434, 159304.700000000011642 ], [ 533823.099999999976717, 159297.0 ], [ 533813.0, 159273.6 ], [ 533803.699999999953434, 159265.1 ], [ 533792.0, 159257.6 ], [ 533775.5, 159264.0 ], [ 533760.599999999976717, 159288.200000000011642 ], [ 533752.900000000023283, 159290.9 ], [ 533744.900000000023283, 159285.4 ], [ 533721.199999999953434, 159269.1 ], [ 533685.300000000046566, 159261.4 ], [ 533651.800000000046566, 159251.5 ], [ 533644.5, 159247.9 ], [ 533650.199999999953434, 159218.200000000011642 ], [ 533608.5, 159201.5 ], [ 533567.300000000046566, 159158.700000000011642 ], [ 533606.199999999953434, 159113.6 ], [ 533634.300000000046566, 159079.200000000011642 ], [ 533663.699999999953434, 159032.5 ], [ 533683.900000000023283, 158988.299999999988358 ], [ 533707.099999999976717, 158950.200000000011642 ], [ 533748.099999999976717, 158867.9 ], [ 533759.599999999976717, 158845.1 ], [ 533779.5, 158801.700000000011642 ], [ 533784.900000000023283, 158774.0 ], [ 533793.599999999976717, 158719.0 ], [ 533787.400000000023283, 158687.799999999988358 ], [ 533783.099999999976717, 158653.700000000011642 ], [ 533782.5, 158583.5 ], [ 533761.099999999976717, 158571.1 ], [ 533747.599999999976717, 158564.9 ], [ 533739.800000000046566, 158559.799999999988358 ], [ 533728.699999999953434, 158550.1 ], [ 533682.599999999976717, 158514.700000000011642 ], [ 533661.699999999953434, 158500.299999999988358 ], [ 533639.900000000023283, 158487.200000000011642 ], [ 533541.800000000046566, 158423.9 ], [ 533463.900000000023283, 158376.200000000011642 ], [ 533459.0, 158371.700000000011642 ], [ 533454.5, 158364.5 ], [ 533448.900000000023283, 158358.0 ], [ 533398.599999999976717, 158302.1 ], [ 533340.300000000046566, 158233.0 ], [ 533335.0, 158225.5 ], [ 533326.400000000023283, 158211.0 ], [ 533312.0, 158189.700000000011642 ], [ 533320.099999999976717, 158149.200000000011642 ], [ 533320.400000000023283, 158137.6 ], [ 533318.800000000046566, 158121.299999999988358 ], [ 533319.400000000023283, 158100.299999999988358 ], [ 533319.699999999953434, 158064.1 ], [ 533321.699999999953434, 158040.700000000011642 ], [ 533330.699999999953434, 157967.5 ], [ 533324.599999999976717, 157954.799999999988358 ], [ 533320.699999999953434, 157945.5 ], [ 533318.300000000046566, 157928.799999999988358 ], [ 533316.699999999953434, 157921.0 ], [ 533297.400000000023283, 157888.0 ], [ 533295.900000000023283, 157885.799999999988358 ], [ 533273.300000000046566, 157878.5 ], [ 533267.900000000023283, 157869.299999999988358 ], [ 533266.0, 157864.4 ], [ 533263.099999999976717, 157853.6 ], [ 533261.199999999953434, 157842.6 ], [ 533260.0, 157827.4 ], [ 533189.599999999976717, 157823.200000000011642 ], [ 533179.699999999953434, 157807.799999999988358 ], [ 533159.5, 157759.9 ], [ 533169.0, 157747.5 ], [ 533180.699999999953434, 157736.6 ], [ 533176.199999999953434, 157688.799999999988358 ], [ 533180.199999999953434, 157679.700000000011642 ], [ 533177.5, 157656.799999999988358 ], [ 533177.099999999976717, 157644.4 ], [ 533177.800000000046566, 157604.9 ], [ 533165.300000000046566, 157546.5 ], [ 532993.099999999976717, 157465.200000000011642 ], [ 532943.400000000023283, 157445.1 ], [ 532915.800000000046566, 157452.5 ], [ 532879.099999999976717, 157522.799999999988358 ], [ 532853.599999999976717, 157530.799999999988358 ], [ 532848.0, 157540.0 ], [ 532826.199999999953434, 157542.799999999988358 ], [ 532803.699999999953434, 157526.9 ], [ 532733.5, 157495.4 ], [ 532742.199999999953434, 157476.5 ], [ 532735.900000000023283, 157465.4 ], [ 532734.699999999953434, 157457.799999999988358 ], [ 532736.800000000046566, 157448.200000000011642 ], [ 532749.800000000046566, 157410.200000000011642 ], [ 532745.099999999976717, 157404.6 ], [ 532768.099999999976717, 157384.1 ], [ 532810.599999999976717, 157351.0 ], [ 532826.099999999976717, 157342.0 ], [ 532849.5, 157330.1 ], [ 532867.5, 157323.0 ], [ 532880.900000000023283, 157319.200000000011642 ], [ 532895.5, 157317.299999999988358 ], [ 532944.900000000023283, 157317.200000000011642 ], [ 532954.5, 157314.700000000011642 ], [ 532951.400000000023283, 157305.200000000011642 ], [ 532711.699999999953434, 157118.200000000011642 ], [ 532614.400000000023283, 157045.799999999988358 ], [ 532607.699999999953434, 157040.799999999988358 ], [ 532592.699999999953434, 157028.200000000011642 ], [ 532553.099999999976717, 156991.9 ], [ 532538.599999999976717, 156979.9 ], [ 532526.099999999976717, 156970.799999999988358 ], [ 532515.5, 156964.299999999988358 ], [ 532507.199999999953434, 156960.0 ], [ 532501.5, 156957.4 ], [ 532487.699999999953434, 156952.6 ], [ 532485.099999999976717, 156951.799999999988358 ], [ 532461.699999999953434, 156944.5 ], [ 532416.5, 156933.0 ], [ 532405.5, 156929.299999999988358 ], [ 532394.699999999953434, 156924.9 ], [ 532381.5, 156918.0 ], [ 532356.5, 156900.9 ], [ 532122.599999999976717, 156725.200000000011642 ], [ 531996.599999999976717, 156632.1 ], [ 531947.800000000046566, 156595.0 ], [ 531921.300000000046566, 156574.4 ], [ 531866.400000000023283, 156530.1 ], [ 531805.599999999976717, 156485.4 ], [ 531554.400000000023283, 156499.299999999988358 ], [ 531548.300000000046566, 156499.799999999988358 ], [ 531542.199999999953434, 156498.799999999988358 ], [ 531538.400000000023283, 156495.299999999988358 ], [ 531540.5, 156485.799999999988358 ], [ 531541.800000000046566, 156483.799999999988358 ], [ 531553.199999999953434, 156433.9 ], [ 531560.699999999953434, 156399.0 ], [ 531546.800000000046566, 156393.299999999988358 ], [ 531541.199999999953434, 156400.200000000011642 ], [ 531524.5, 156390.4 ], [ 531529.300000000046566, 156384.700000000011642 ], [ 531528.699999999953434, 156384.5 ], [ 531523.5, 156380.6 ], [ 531513.099999999976717, 156371.0 ], [ 531496.400000000023283, 156350.700000000011642 ], [ 531504.599999999976717, 156341.0 ], [ 531483.900000000023283, 156307.5 ], [ 531477.099999999976717, 156296.5 ], [ 531469.800000000046566, 156283.0 ], [ 531449.0, 156241.6 ], [ 531442.400000000023283, 156221.6 ], [ 531439.199999999953434, 156218.200000000011642 ], [ 531437.300000000046566, 156215.1 ], [ 531435.800000000046566, 156210.6 ], [ 531426.400000000023283, 156204.1 ], [ 531417.400000000023283, 156197.0 ], [ 531407.800000000046566, 156174.5 ], [ 531400.5, 156154.700000000011642 ], [ 531395.599999999976717, 156134.5 ], [ 531394.900000000023283, 156124.9 ], [ 531399.0, 156112.5 ], [ 531397.199999999953434, 156076.1 ], [ 531394.900000000023283, 156055.9 ], [ 531374.099999999976717, 156006.5 ], [ 531362.099999999976717, 155969.299999999988358 ], [ 531354.699999999953434, 155945.200000000011642 ], [ 531350.599999999976717, 155925.0 ], [ 531351.599999999976717, 155899.799999999988358 ], [ 531318.400000000023283, 155897.4 ], [ 531290.800000000046566, 155895.200000000011642 ], [ 531112.699999999953434, 155878.4 ], [ 530898.099999999976717, 155850.799999999988358 ], [ 530893.699999999953434, 155862.299999999988358 ], [ 530885.800000000046566, 155876.9 ], [ 530882.099999999976717, 155882.700000000011642 ], [ 530874.699999999953434, 155893.0 ], [ 530864.800000000046566, 155904.6 ], [ 530814.400000000023283, 155972.799999999988358 ], [ 530791.5, 156008.9 ], [ 530780.199999999953434, 156020.5 ], [ 530770.5, 156028.5 ], [ 530766.199999999953434, 156052.9 ], [ 530761.699999999953434, 156102.1 ], [ 530756.699999999953434, 156143.1 ], [ 530754.0, 156151.1 ], [ 530751.800000000046566, 156155.299999999988358 ], [ 530695.300000000046566, 156237.799999999988358 ], [ 530680.900000000023283, 156257.799999999988358 ], [ 530630.5, 156324.700000000011642 ], [ 530619.300000000046566, 156336.5 ], [ 530610.900000000023283, 156343.799999999988358 ], [ 530583.400000000023283, 156376.9 ], [ 530520.199999999953434, 156449.0 ], [ 530477.0, 156490.4 ], [ 530474.5, 156493.299999999988358 ], [ 530470.199999999953434, 156499.1 ], [ 530445.099999999976717, 156546.799999999988358 ], [ 530437.699999999953434, 156563.5 ], [ 530422.400000000023283, 156615.4 ], [ 530397.599999999976717, 156669.200000000011642 ], [ 530385.599999999976717, 156693.200000000011642 ], [ 530376.400000000023283, 156719.700000000011642 ], [ 530375.900000000023283, 156722.4 ], [ 530375.300000000046566, 156728.299999999988358 ], [ 530375.300000000046566, 156734.4 ], [ 530376.099999999976717, 156740.0 ], [ 530377.900000000023283, 156746.299999999988358 ], [ 530380.900000000023283, 156753.0 ], [ 530384.099999999976717, 156758.6 ], [ 530390.699999999953434, 156766.9 ], [ 530400.800000000046566, 156788.4 ], [ 530402.599999999976717, 156793.5 ], [ 530400.0, 156804.5 ], [ 530398.099999999976717, 156807.799999999988358 ], [ 530387.099999999976717, 156822.299999999988358 ], [ 530377.900000000023283, 156832.1 ], [ 530339.199999999953434, 156862.9 ], [ 530325.5, 156879.1 ], [ 530312.199999999953434, 156900.4 ], [ 530278.5, 156948.799999999988358 ], [ 530270.400000000023283, 156961.1 ], [ 530265.599999999976717, 156966.799999999988358 ], [ 530259.400000000023283, 156973.200000000011642 ], [ 530251.5, 156980.200000000011642 ], [ 530241.0, 156993.799999999988358 ], [ 530197.599999999976717, 157061.5 ], [ 530160.0, 157118.0 ], [ 530160.0, 157121.299999999988358 ], [ 530158.300000000046566, 157124.9 ], [ 530156.699999999953434, 157126.1 ], [ 530154.400000000023283, 157126.799999999988358 ], [ 530151.900000000023283, 157126.6 ], [ 530079.800000000046566, 157116.700000000011642 ], [ 530066.099999999976717, 157122.200000000011642 ], [ 530054.599999999976717, 157112.200000000011642 ], [ 530050.599999999976717, 157108.700000000011642 ], [ 530037.0, 157103.799999999988358 ], [ 530030.400000000023283, 157103.6 ], [ 530026.400000000023283, 157109.299999999988358 ], [ 530011.199999999953434, 157200.6 ], [ 530003.300000000046566, 157247.299999999988358 ], [ 530000.099999999976717, 157278.200000000011642 ], [ 530000.0, 157278.299999999988358 ], [ 529988.900000000023283, 157302.700000000011642 ], [ 529950.599999999976717, 157387.0 ], [ 529946.199999999953434, 157388.5 ], [ 529941.599999999976717, 157388.5 ], [ 529935.400000000023283, 157386.6 ], [ 529915.199999999953434, 157373.4 ], [ 529910.099999999976717, 157370.6 ], [ 529901.699999999953434, 157367.1 ], [ 529867.099999999976717, 157347.6 ], [ 529855.800000000046566, 157341.799999999988358 ], [ 529849.0, 157337.6 ], [ 529836.699999999953434, 157328.4 ], [ 529786.300000000046566, 157294.0 ], [ 529767.0, 157281.1 ], [ 529746.699999999953434, 157268.299999999988358 ], [ 529734.300000000046566, 157259.6 ], [ 529727.5, 157254.6 ], [ 529720.699999999953434, 157247.0 ], [ 529718.099999999976717, 157245.9 ], [ 529712.800000000046566, 157244.700000000011642 ], [ 529707.199999999953434, 157244.1 ], [ 529699.699999999953434, 157244.799999999988358 ], [ 529682.0, 157252.5 ], [ 529671.099999999976717, 157256.1 ], [ 529647.900000000023283, 157265.9 ], [ 529617.5, 157276.5 ], [ 529600.800000000046566, 157281.5 ], [ 529594.300000000046566, 157283.299999999988358 ], [ 529572.599999999976717, 157287.9 ], [ 529568.099999999976717, 157288.200000000011642 ], [ 529513.900000000023283, 157429.299999999988358 ], [ 529455.699999999953434, 157347.799999999988358 ], [ 529425.300000000046566, 157366.1 ], [ 529373.900000000023283, 157266.4 ], [ 529372.199999999953434, 157267.0 ], [ 529308.300000000046566, 157289.799999999988358 ], [ 529201.699999999953434, 157348.0 ], [ 529174.400000000023283, 157358.799999999988358 ], [ 529101.599999999976717, 157356.6 ], [ 529080.800000000046566, 157300.799999999988358 ], [ 529068.099999999976717, 157309.6 ], [ 529063.699999999953434, 157312.0 ], [ 529050.300000000046566, 157320.6 ], [ 528995.099999999976717, 157356.299999999988358 ], [ 528993.300000000046566, 157357.5 ], [ 528972.5, 157370.9 ], [ 528890.5, 157426.0 ], [ 528882.800000000046566, 157432.299999999988358 ], [ 528878.699999999953434, 157434.9 ], [ 528829.5, 157458.5 ], [ 528694.199999999953434, 157410.200000000011642 ], [ 528689.599999999976717, 157421.700000000011642 ], [ 528592.5, 157665.200000000011642 ], [ 528572.900000000023283, 157670.4 ], [ 528569.5, 157678.0 ], [ 528516.900000000023283, 157756.6 ], [ 528522.900000000023283, 157768.200000000011642 ], [ 528518.699999999953434, 157775.0 ], [ 528702.099999999976717, 157913.0 ], [ 528736.099999999976717, 157987.0 ], [ 528692.199999999953434, 157983.299999999988358 ], [ 528648.699999999953434, 157983.799999999988358 ], [ 528603.199999999953434, 157984.1 ], [ 528592.199999999953434, 157988.299999999988358 ], [ 528580.400000000023283, 157995.6 ], [ 528570.0, 158006.4 ], [ 528557.5, 158009.5 ], [ 528550.400000000023283, 158011.299999999988358 ], [ 528596.5, 158077.1 ], [ 528602.0, 158085.0 ], [ 528617.300000000046566, 158117.5 ], [ 528656.400000000023283, 158209.9 ], [ 528690.599999999976717, 158300.200000000011642 ], [ 528736.900000000023283, 158410.200000000011642 ], [ 528738.800000000046566, 158417.6 ], [ 528666.400000000023283, 158425.700000000011642 ], [ 528648.199999999953434, 158420.6 ], [ 528635.0, 158426.200000000011642 ], [ 528605.199999999953434, 158425.700000000011642 ], [ 528588.5, 158430.200000000011642 ], [ 528577.800000000046566, 158436.299999999988358 ], [ 528549.5, 158458.1 ], [ 528526.699999999953434, 158470.700000000011642 ], [ 528505.5, 158479.799999999988358 ], [ 528475.599999999976717, 158485.9 ], [ 528457.099999999976717, 158484.799999999988358 ], [ 528456.900000000023283, 158488.700000000011642 ], [ 528461.099999999976717, 158505.0 ], [ 528464.300000000046566, 158519.200000000011642 ], [ 528489.400000000023283, 158611.700000000011642 ], [ 528502.800000000046566, 158673.299999999988358 ], [ 528524.599999999976717, 158735.799999999988358 ], [ 528531.300000000046566, 158754.200000000011642 ], [ 528513.099999999976717, 158795.799999999988358 ], [ 528507.300000000046566, 158809.1 ], [ 528500.900000000023283, 158821.9 ], [ 528496.300000000046566, 158833.1 ], [ 528488.599999999976717, 158856.6 ], [ 528478.699999999953434, 158877.9 ], [ 528447.800000000046566, 158927.5 ], [ 528443.800000000046566, 158936.9 ], [ 528430.699999999953434, 158952.9 ], [ 528400.0, 158997.9 ], [ 528385.400000000023283, 159016.9 ], [ 528374.699999999953434, 159035.799999999988358 ], [ 528361.5, 159085.9 ], [ 528355.300000000046566, 159119.0 ], [ 528352.900000000023283, 159163.1 ], [ 528329.599999999976717, 159156.9 ], [ 528306.699999999953434, 159144.4 ], [ 528290.800000000046566, 159135.700000000011642 ], [ 528259.199999999953434, 159178.799999999988358 ], [ 528246.900000000023283, 159199.9 ], [ 528240.5, 159206.799999999988358 ], [ 528238.900000000023283, 159215.9 ], [ 528240.300000000046566, 159224.4 ], [ 528245.900000000023283, 159230.299999999988358 ], [ 528238.900000000023283, 159257.200000000011642 ], [ 528235.5, 159256.1 ], [ 528224.199999999953434, 159293.5 ], [ 528225.400000000023283, 159293.9 ], [ 528219.0, 159317.4 ], [ 528194.199999999953434, 159408.299999999988358 ], [ 528193.900000000023283, 159409.1 ], [ 528187.0, 159434.4 ], [ 528185.699999999953434, 159439.4 ], [ 528405.099999999976717, 159562.200000000011642 ], [ 528418.199999999953434, 159569.200000000011642 ], [ 528559.800000000046566, 159644.799999999988358 ], [ 528556.599999999976717, 159650.4 ], [ 528552.300000000046566, 159658.1 ], [ 528399.699999999953434, 159928.799999999988358 ], [ 528379.300000000046566, 159916.799999999988358 ], [ 528372.5, 159928.6 ], [ 528264.800000000046566, 159843.700000000011642 ], [ 528150.199999999953434, 159979.200000000011642 ], [ 528100.900000000023283, 160037.299999999988358 ], [ 528060.0, 160086.200000000011642 ], [ 528009.599999999976717, 160145.799999999988358 ], [ 528007.099999999976717, 160148.700000000011642 ], [ 528049.800000000046566, 160169.0 ], [ 528036.300000000046566, 160207.0 ], [ 527997.300000000046566, 160315.5 ], [ 527991.599999999976717, 160334.799999999988358 ], [ 527989.699999999953434, 160365.0 ], [ 527989.099999999976717, 160380.299999999988358 ], [ 528000.5, 160384.299999999988358 ], [ 528015.400000000023283, 160387.799999999988358 ], [ 528015.099999999976717, 160423.299999999988358 ], [ 528015.099999999976717, 160431.799999999988358 ], [ 528045.0, 160450.299999999988358 ], [ 528074.900000000023283, 160458.700000000011642 ], [ 528128.300000000046566, 160468.299999999988358 ], [ 528131.300000000046566, 160468.799999999988358 ], [ 528072.699999999953434, 160620.299999999988358 ], [ 527909.300000000046566, 160582.9 ], [ 527704.699999999953434, 160536.200000000011642 ], [ 527621.599999999976717, 160525.1 ], [ 527588.0, 160520.299999999988358 ], [ 527591.900000000023283, 160572.6 ], [ 527597.800000000046566, 160606.4 ], [ 527593.199999999953434, 160604.700000000011642 ], [ 527579.300000000046566, 160599.299999999988358 ], [ 527488.300000000046566, 160588.9 ], [ 527461.300000000046566, 160582.299999999988358 ], [ 527418.400000000023283, 160578.0 ], [ 527406.800000000046566, 160576.299999999988358 ], [ 527397.199999999953434, 160575.5 ], [ 527391.599999999976717, 160575.4 ], [ 527385.400000000023283, 160590.299999999988358 ], [ 527376.900000000023283, 160616.4 ], [ 527366.5, 160646.700000000011642 ], [ 527345.099999999976717, 160711.200000000011642 ], [ 527327.099999999976717, 160769.5 ], [ 527314.300000000046566, 160826.4 ], [ 527293.900000000023283, 160928.799999999988358 ], [ 527257.300000000046566, 160923.1 ], [ 527248.800000000046566, 160958.0 ], [ 527241.699999999953434, 160982.6 ], [ 527230.900000000023283, 160993.799999999988358 ], [ 527190.0, 161027.6 ], [ 527167.400000000023283, 161048.4 ], [ 527154.400000000023283, 161059.799999999988358 ], [ 527142.199999999953434, 161069.9 ], [ 526982.900000000023283, 161202.4 ], [ 526958.800000000046566, 161221.1 ], [ 526921.300000000046566, 161250.200000000011642 ], [ 526896.599999999976717, 161275.0 ], [ 526817.599999999976717, 161353.9 ], [ 526760.900000000023283, 161407.9 ], [ 526750.300000000046566, 161416.299999999988358 ], [ 526733.800000000046566, 161431.200000000011642 ], [ 526711.800000000046566, 161448.9 ], [ 526707.400000000023283, 161452.1 ], [ 526624.900000000023283, 161513.299999999988358 ], [ 526548.199999999953434, 161575.799999999988358 ], [ 526527.900000000023283, 161593.200000000011642 ], [ 526455.599999999976717, 161650.799999999988358 ], [ 526361.800000000046566, 161726.9 ], [ 526346.300000000046566, 161736.0 ], [ 526347.099999999976717, 161737.700000000011642 ], [ 526352.300000000046566, 161747.799999999988358 ], [ 526315.900000000023283, 161764.0 ], [ 526283.199999999953434, 161779.5 ], [ 526282.5, 161779.799999999988358 ], [ 526255.599999999976717, 161793.299999999988358 ], [ 526203.0, 161821.6 ], [ 526153.800000000046566, 161848.299999999988358 ], [ 526102.5, 161876.299999999988358 ], [ 526075.5, 161889.4 ], [ 525938.300000000046566, 161942.700000000011642 ], [ 525855.0, 161970.299999999988358 ], [ 525740.099999999976717, 162016.200000000011642 ], [ 525737.0, 162009.299999999988358 ], [ 525725.599999999976717, 161983.5 ], [ 525695.800000000046566, 161996.0 ], [ 525703.900000000023283, 162023.299999999988358 ], [ 525705.400000000023283, 162028.299999999988358 ], [ 525665.599999999976717, 162040.1 ], [ 525650.800000000046566, 162043.5 ], [ 525650.0, 162042.200000000011642 ], [ 525642.400000000023283, 162029.299999999988358 ], [ 525641.0, 162028.9 ], [ 525634.599999999976717, 162027.1 ], [ 525627.900000000023283, 162030.700000000011642 ], [ 525624.800000000046566, 162024.299999999988358 ], [ 525615.800000000046566, 162006.0 ], [ 525602.800000000046566, 161979.700000000011642 ], [ 525580.900000000023283, 161936.5 ], [ 525575.5, 161914.9 ], [ 525568.099999999976717, 161897.299999999988358 ], [ 525555.0, 161880.6 ], [ 525530.0, 161850.6 ], [ 525515.699999999953434, 161850.0 ], [ 525499.599999999976717, 161849.4 ], [ 525465.900000000023283, 161774.700000000011642 ], [ 525429.0, 161699.1 ], [ 525390.699999999953434, 161624.200000000011642 ], [ 525379.5, 161628.4 ], [ 525379.5, 161628.200000000011642 ], [ 525379.300000000046566, 161627.5 ], [ 525379.0, 161626.700000000011642 ], [ 525378.800000000046566, 161626.0 ], [ 525378.5, 161625.4 ], [ 525378.099999999976717, 161624.700000000011642 ], [ 525377.800000000046566, 161624.0 ], [ 525377.400000000023283, 161623.4 ], [ 525376.900000000023283, 161622.799999999988358 ], [ 525376.5, 161622.200000000011642 ], [ 525376.0, 161621.6 ], [ 525375.5, 161621.1 ], [ 525374.900000000023283, 161620.6 ], [ 525374.300000000046566, 161620.1 ], [ 525373.800000000046566, 161619.6 ], [ 525373.099999999976717, 161619.200000000011642 ], [ 525372.5, 161618.799999999988358 ], [ 525371.800000000046566, 161618.5 ], [ 525371.199999999953434, 161618.1 ], [ 525370.599999999976717, 161617.9 ], [ 525369.900000000023283, 161617.6 ], [ 525369.199999999953434, 161617.4 ], [ 525368.5, 161617.200000000011642 ], [ 525367.800000000046566, 161617.0 ], [ 525367.199999999953434, 161616.9 ], [ 525366.400000000023283, 161616.799999999988358 ], [ 525365.699999999953434, 161616.799999999988358 ], [ 525365.0, 161616.799999999988358 ], [ 525364.199999999953434, 161616.9 ], [ 525363.400000000023283, 161617.0 ], [ 525362.599999999976717, 161617.1 ], [ 525361.900000000023283, 161617.299999999988358 ], [ 525361.099999999976717, 161617.5 ], [ 525360.400000000023283, 161617.799999999988358 ], [ 525359.699999999953434, 161618.1 ], [ 525358.900000000023283, 161618.4 ], [ 525358.599999999976717, 161618.6 ], [ 525357.900000000023283, 161619.0 ], [ 525357.199999999953434, 161619.4 ], [ 525356.599999999976717, 161619.799999999988358 ], [ 525355.900000000023283, 161620.299999999988358 ], [ 525355.300000000046566, 161620.799999999988358 ], [ 525342.599999999976717, 161656.799999999988358 ], [ 525331.0, 161651.5 ], [ 525328.5, 161650.299999999988358 ], [ 525313.599999999976717, 161645.1 ], [ 525293.900000000023283, 161632.799999999988358 ], [ 525270.199999999953434, 161615.9 ], [ 525232.599999999976717, 161593.0 ], [ 525180.0, 161554.6 ], [ 525010.300000000046566, 161434.4 ], [ 525000.099999999976717, 161427.1 ], [ 525000.0, 161427.1 ], [ 524812.599999999976717, 161293.1 ], [ 524756.5, 161254.700000000011642 ], [ 524717.099999999976717, 161225.200000000011642 ], [ 524684.400000000023283, 161202.6 ], [ 524657.400000000023283, 161181.0 ], [ 524578.400000000023283, 161121.1 ], [ 524637.0, 160957.0 ], [ 524662.800000000046566, 160874.700000000011642 ], [ 524626.800000000046566, 160789.9 ], [ 524614.0, 160761.5 ], [ 524610.199999999953434, 160754.6 ], [ 524571.400000000023283, 160662.700000000011642 ], [ 524524.099999999976717, 160556.200000000011642 ], [ 524518.300000000046566, 160542.1 ], [ 524506.699999999953434, 160533.299999999988358 ], [ 524501.199999999953434, 160530.5 ], [ 524394.0, 160484.6 ], [ 524381.199999999953434, 160480.5 ], [ 524330.099999999976717, 160481.799999999988358 ], [ 524296.0, 160481.200000000011642 ], [ 524195.5, 160478.1 ], [ 524154.599999999976717, 160477.4 ], [ 524105.599999999976717, 160474.299999999988358 ], [ 524063.700000000011642, 160473.1 ], [ 524059.900000000023283, 160476.5 ], [ 524042.900000000023283, 160476.299999999988358 ], [ 524042.599999999976717, 160476.299999999988358 ], [ 524002.900000000023283, 160535.5 ], [ 523955.799999999988358, 160602.4 ], [ 523887.599999999976717, 160682.200000000011642 ], [ 523813.599999999976717, 160759.200000000011642 ], [ 523701.200000000011642, 160868.5 ], [ 523610.200000000011642, 160962.4 ], [ 523615.799999999988358, 160970.0 ], [ 523583.700000000011642, 160998.200000000011642 ], [ 523517.599999999976717, 161061.4 ], [ 523486.900000000023283, 161092.9 ], [ 523450.799999999988358, 161132.4 ], [ 523408.799999999988358, 161197.799999999988358 ], [ 523406.099999999976717, 161201.9 ], [ 523500.099999999976717, 161265.1 ], [ 523509.599999999976717, 161271.700000000011642 ], [ 523514.0, 161274.700000000011642 ], [ 523499.099999999976717, 161284.4 ], [ 523540.299999999988358, 161312.6 ], [ 523602.0, 161350.200000000011642 ], [ 523611.099999999976717, 161358.799999999988358 ], [ 523622.700000000011642, 161380.4 ], [ 523656.0, 161432.0 ], [ 523689.900000000023283, 161478.4 ], [ 523773.0, 161580.5 ], [ 523795.900000000023283, 161602.799999999988358 ], [ 523824.900000000023283, 161597.1 ], [ 523854.099999999976717, 161586.4 ], [ 523921.099999999976717, 161652.5 ], [ 523905.700000000011642, 161677.6 ], [ 523890.599999999976717, 161692.799999999988358 ], [ 523952.900000000023283, 161751.700000000011642 ], [ 524002.200000000011642, 161790.6 ], [ 524048.900000000023283, 161828.4 ], [ 524089.200000000011642, 161864.700000000011642 ], [ 524130.900000000023283, 161898.6 ], [ 524186.599999999976717, 161939.0 ], [ 524262.299999999988358, 161986.4 ], [ 524252.0, 162015.5 ], [ 524247.900000000023283, 162030.0 ], [ 524228.0, 162100.200000000011642 ], [ 524230.200000000011642, 162104.0 ], [ 524223.099999999976717, 162148.6 ], [ 524205.799999999988358, 162230.5 ], [ 524220.5, 162235.1 ], [ 524201.599999999976717, 162273.799999999988358 ], [ 524193.700000000011642, 162287.6 ], [ 524192.700000000011642, 162289.6 ], [ 524177.700000000011642, 162325.0 ], [ 524160.200000000011642, 162378.1 ], [ 524150.5, 162413.200000000011642 ], [ 524148.5, 162418.299999999988358 ], [ 524141.700000000011642, 162432.4 ], [ 524134.799999999988358, 162457.4 ], [ 524107.700000000011642, 162538.200000000011642 ], [ 524097.0, 162566.1 ], [ 524074.900000000023283, 162616.700000000011642 ], [ 524065.099999999976717, 162653.0 ], [ 524063.099999999976717, 162658.700000000011642 ], [ 524046.299999999988358, 162708.1 ], [ 524040.799999999988358, 162725.700000000011642 ], [ 524037.599999999976717, 162737.5 ], [ 524036.5, 162742.9 ], [ 524036.299999999988358, 162751.700000000011642 ], [ 524039.700000000011642, 162759.799999999988358 ], [ 524034.099999999976717, 162793.799999999988358 ], [ 524027.400000000023283, 162826.200000000011642 ], [ 524020.799999999988358, 162874.299999999988358 ], [ 523960.700000000011642, 162863.799999999988358 ], [ 523962.900000000023283, 162845.200000000011642 ], [ 523904.700000000011642, 162860.9 ], [ 523907.099999999976717, 162868.9 ], [ 523910.400000000023283, 162884.1 ], [ 523912.400000000023283, 162908.1 ], [ 523913.900000000023283, 162925.5 ], [ 523912.900000000023283, 162949.1 ], [ 523910.799999999988358, 162975.5 ], [ 523909.5, 163011.4 ], [ 523903.900000000023283, 163016.4 ], [ 523904.099999999976717, 163022.4 ], [ 523909.299999999988358, 163027.799999999988358 ], [ 523909.900000000023283, 163036.4 ], [ 523909.799999999988358, 163055.0 ], [ 523909.0, 163074.799999999988358 ], [ 523906.900000000023283, 163106.4 ], [ 523904.0, 163133.6 ], [ 523897.400000000023283, 163169.200000000011642 ], [ 523893.5, 163197.299999999988358 ], [ 523889.799999999988358, 163214.5 ], [ 523884.900000000023283, 163230.1 ], [ 523872.099999999976717, 163277.0 ], [ 523871.799999999988358, 163278.0 ], [ 523867.299999999988358, 163297.6 ], [ 523858.5, 163351.1 ], [ 523850.700000000011642, 163403.299999999988358 ], [ 523847.0, 163428.1 ], [ 523842.299999999988358, 163452.9 ], [ 523842.0, 163464.4 ], [ 523845.200000000011642, 163492.1 ], [ 523844.299999999988358, 163500.5 ], [ 523842.299999999988358, 163501.799999999988358 ], [ 523836.299999999988358, 163503.799999999988358 ], [ 523835.299999999988358, 163505.5 ], [ 523828.200000000011642, 163533.0 ], [ 523815.0, 163573.5 ], [ 523811.5, 163582.700000000011642 ], [ 523809.700000000011642, 163589.4 ], [ 523808.099999999976717, 163599.200000000011642 ], [ 523804.0, 163615.700000000011642 ], [ 523790.299999999988358, 163648.6 ], [ 523778.400000000023283, 163673.1 ], [ 523763.299999999988358, 163707.1 ], [ 523746.400000000023283, 163741.6 ], [ 523733.400000000023283, 163760.200000000011642 ], [ 523728.200000000011642, 163761.200000000011642 ], [ 523721.5, 163772.799999999988358 ], [ 523714.799999999988358, 163785.0 ], [ 523700.200000000011642, 163816.1 ], [ 523683.5, 163848.5 ], [ 523647.099999999976717, 163910.700000000011642 ], [ 523594.700000000011642, 164003.1 ], [ 523584.799999999988358, 164015.700000000011642 ], [ 523580.299999999988358, 164023.299999999988358 ], [ 523575.700000000011642, 164034.5 ], [ 523573.299999999988358, 164042.799999999988358 ], [ 523556.0, 164075.700000000011642 ], [ 523541.5, 164106.0 ], [ 523536.599999999976717, 164109.299999999988358 ], [ 523425.099999999976717, 164184.9 ], [ 523326.599999999976717, 164259.200000000011642 ], [ 523321.099999999976717, 164263.700000000011642 ], [ 523287.299999999988358, 164296.200000000011642 ], [ 523206.900000000023283, 164375.5 ], [ 523195.5, 164384.5 ], [ 523185.099999999976717, 164393.9 ], [ 523174.599999999976717, 164405.0 ], [ 523119.700000000011642, 164454.299999999988358 ], [ 523092.5, 164475.299999999988358 ], [ 523050.599999999976717, 164397.9 ], [ 523041.400000000023283, 164404.5 ], [ 523026.200000000011642, 164415.299999999988358 ], [ 522951.0, 164466.1 ], [ 522903.799999999988358, 164509.4 ], [ 522840.599999999976717, 164556.799999999988358 ], [ 522821.400000000023283, 164567.799999999988358 ], [ 522796.400000000023283, 164571.4 ], [ 522767.299999999988358, 164578.4 ], [ 522715.5, 164584.4 ], [ 522691.700000000011642, 164557.4 ], [ 522652.700000000011642, 164563.799999999988358 ], [ 522579.200000000011642, 164573.299999999988358 ], [ 522553.799999999988358, 164576.6 ], [ 522542.299999999988358, 164514.0 ], [ 522537.799999999988358, 164490.0 ], [ 522532.099999999976717, 164491.1 ], [ 522411.200000000011642, 164514.6 ], [ 522297.099999999976717, 164535.0 ], [ 522259.400000000023283, 164543.4 ], [ 522240.099999999976717, 164547.799999999988358 ], [ 522245.0, 164564.5 ], [ 522247.299999999988358, 164572.4 ], [ 522264.700000000011642, 164648.200000000011642 ], [ 522273.200000000011642, 164694.299999999988358 ], [ 522281.099999999976717, 164754.1 ], [ 522283.0, 164786.200000000011642 ], [ 522284.700000000011642, 164795.4 ], [ 522287.5, 164816.4 ], [ 522288.099999999976717, 164823.799999999988358 ], [ 522289.0, 164837.1 ], [ 522289.799999999988358, 164867.200000000011642 ], [ 522290.799999999988358, 164952.4 ], [ 522286.400000000023283, 165000.0 ], [ 522278.299999999988358, 165052.299999999988358 ], [ 522277.599999999976717, 165066.299999999988358 ], [ 522277.799999999988358, 165081.1 ], [ 522274.0, 165157.4 ], [ 522272.5, 165219.799999999988358 ], [ 522272.799999999988358, 165235.1 ], [ 522274.299999999988358, 165251.5 ], [ 522279.299999999988358, 165253.5 ], [ 522277.599999999976717, 165321.4 ], [ 522273.400000000023283, 165391.799999999988358 ], [ 522267.700000000011642, 165394.1 ], [ 522266.0, 165401.5 ], [ 522263.299999999988358, 165435.4 ], [ 522263.099999999976717, 165450.9 ], [ 522262.599999999976717, 165455.9 ], [ 522260.200000000011642, 165468.200000000011642 ], [ 522257.900000000023283, 165477.0 ], [ 522256.900000000023283, 165486.1 ], [ 522250.799999999988358, 165523.799999999988358 ], [ 522248.200000000011642, 165549.4 ], [ 522239.0, 165601.9 ], [ 522234.299999999988358, 165639.5 ], [ 522228.900000000023283, 165690.1 ], [ 522228.0, 165698.6 ], [ 522227.700000000011642, 165726.5 ], [ 522223.299999999988358, 165827.4 ], [ 522224.599999999976717, 165906.5 ], [ 522226.400000000023283, 165947.1 ], [ 522231.099999999976717, 166015.0 ], [ 522198.0, 166016.9 ], [ 522194.099999999976717, 166009.0 ], [ 522166.400000000023283, 166025.700000000011642 ], [ 522157.099999999976717, 166030.5 ], [ 522128.900000000023283, 166026.9 ], [ 522121.400000000023283, 166025.4 ], [ 522106.599999999976717, 166021.1 ], [ 522080.299999999988358, 166006.0 ], [ 522054.400000000023283, 166025.0 ], [ 522050.599999999976717, 166026.299999999988358 ], [ 522047.200000000011642, 166026.299999999988358 ], [ 522043.299999999988358, 166025.5 ], [ 522041.400000000023283, 166024.6 ], [ 522036.5, 166020.1 ], [ 522031.5, 166025.299999999988358 ], [ 522000.0, 166012.1 ], [ 521980.5, 166008.799999999988358 ], [ 521965.799999999988358, 166003.200000000011642 ], [ 521949.799999999988358, 165995.9 ], [ 521892.099999999976717, 165960.700000000011642 ], [ 521850.900000000023283, 165936.700000000011642 ], [ 521832.599999999976717, 165924.6 ], [ 521819.299999999988358, 165916.6 ], [ 521786.700000000011642, 165900.0 ], [ 521773.900000000023283, 165894.4 ], [ 521724.799999999988358, 165876.4 ], [ 521695.900000000023283, 165870.4 ], [ 521652.099999999976717, 165863.4 ], [ 521639.400000000023283, 165861.700000000011642 ], [ 521613.900000000023283, 165859.799999999988358 ], [ 521573.700000000011642, 165858.5 ], [ 521536.5, 165856.4 ], [ 521499.799999999988358, 165856.6 ], [ 521488.099999999976717, 165855.700000000011642 ], [ 521450.700000000011642, 165859.5 ], [ 521389.099999999976717, 165862.799999999988358 ], [ 521381.900000000023283, 165863.6 ], [ 521375.900000000023283, 165864.9 ], [ 521368.599999999976717, 165867.700000000011642 ], [ 521302.099999999976717, 165874.4 ], [ 521237.900000000023283, 165895.1 ], [ 521207.5, 165902.4 ], [ 521198.400000000023283, 165907.4 ], [ 521191.700000000011642, 165910.200000000011642 ], [ 521180.799999999988358, 165913.6 ], [ 521133.799999999988358, 165935.5 ], [ 521120.5, 165940.1 ], [ 521113.900000000023283, 165940.0 ], [ 521110.599999999976717, 165940.0 ], [ 521111.400000000023283, 165925.5 ], [ 521097.400000000023283, 165893.799999999988358 ], [ 521094.700000000011642, 165884.799999999988358 ], [ 521093.400000000023283, 165876.9 ], [ 521091.200000000011642, 165819.9 ], [ 521089.400000000023283, 165815.700000000011642 ], [ 521084.599999999976717, 165807.9 ], [ 521063.5, 165785.299999999988358 ], [ 521061.099999999976717, 165781.5 ], [ 521059.0, 165776.6 ], [ 521057.599999999976717, 165769.4 ], [ 521030.299999999988358, 165688.200000000011642 ], [ 521024.900000000023283, 165676.9 ], [ 520997.299999999988358, 165654.0 ], [ 520969.900000000023283, 165628.0 ], [ 520932.099999999976717, 165582.6 ], [ 520905.099999999976717, 165543.6 ], [ 520875.400000000023283, 165491.9 ], [ 520819.0, 165447.0 ], [ 520731.700000000011642, 165378.1 ], [ 520649.299999999988358, 165313.299999999988358 ], [ 520590.200000000011642, 165264.6 ], [ 520587.799999999988358, 165262.6 ], [ 520563.700000000011642, 165248.700000000011642 ], [ 520529.5, 165227.200000000011642 ], [ 520479.200000000011642, 165200.5 ], [ 520439.700000000011642, 165178.4 ], [ 520430.200000000011642, 165173.1 ], [ 520378.5, 165143.4 ], [ 520362.400000000023283, 165132.200000000011642 ], [ 520345.0, 165115.299999999988358 ], [ 520336.700000000011642, 165105.5 ], [ 520334.5, 165102.799999999988358 ], [ 520323.0, 165089.5 ], [ 520308.599999999976717, 165074.1 ], [ 520292.299999999988358, 165059.200000000011642 ], [ 520291.400000000023283, 165058.200000000011642 ], [ 520280.599999999976717, 165046.1 ], [ 520278.200000000011642, 165042.5 ], [ 520266.0, 165022.299999999988358 ], [ 520257.799999999988358, 165000.0 ], [ 520252.5, 164983.1 ], [ 520244.200000000011642, 164959.6 ], [ 520239.900000000023283, 164941.5 ], [ 520238.099999999976717, 164924.200000000011642 ], [ 520223.200000000011642, 164916.799999999988358 ], [ 520214.5, 164913.5 ], [ 520197.400000000023283, 164907.0 ], [ 520173.400000000023283, 164894.9 ], [ 520172.400000000023283, 164894.4 ], [ 520145.799999999988358, 164877.1 ], [ 520143.5, 164875.4 ], [ 520127.799999999988358, 164863.700000000011642 ], [ 520113.799999999988358, 164849.9 ], [ 520105.0, 164837.4 ], [ 520104.0, 164835.9 ], [ 520096.0, 164821.700000000011642 ], [ 520095.299999999988358, 164820.200000000011642 ], [ 520090.400000000023283, 164808.299999999988358 ], [ 520086.599999999976717, 164788.299999999988358 ], [ 520084.0, 164768.299999999988358 ], [ 520084.299999999988358, 164766.299999999988358 ], [ 520086.200000000011642, 164755.4 ], [ 520085.799999999988358, 164743.9 ], [ 520076.5, 164727.200000000011642 ], [ 520070.400000000023283, 164719.6 ], [ 520066.299999999988358, 164714.6 ], [ 520063.0, 164712.6 ], [ 520050.5, 164705.200000000011642 ], [ 520037.599999999976717, 164693.5 ], [ 520033.700000000011642, 164690.0 ], [ 520019.5, 164680.799999999988358 ], [ 520005.400000000023283, 164674.0 ], [ 520000.099999999976717, 164671.4 ], [ 520000.0, 164671.4 ], [ 519974.599999999976717, 164664.799999999988358 ], [ 519974.200000000011642, 164664.700000000011642 ], [ 519973.599999999976717, 164664.5 ], [ 519964.299999999988358, 164662.1 ], [ 519935.900000000023283, 164654.799999999988358 ], [ 519922.700000000011642, 164648.700000000011642 ], [ 519898.599999999976717, 164637.6 ], [ 519890.799999999988358, 164634.0 ], [ 519869.599999999976717, 164620.1 ], [ 519865.200000000011642, 164617.299999999988358 ], [ 519842.0, 164600.0 ], [ 519827.099999999976717, 164586.1 ], [ 519820.099999999976717, 164579.6 ], [ 519797.700000000011642, 164557.0 ], [ 519793.5, 164552.700000000011642 ], [ 519793.400000000023283, 164552.6 ], [ 519776.700000000011642, 164535.200000000011642 ], [ 519774.200000000011642, 164532.700000000011642 ], [ 519759.400000000023283, 164516.9 ], [ 519749.900000000023283, 164504.5 ], [ 519744.5, 164494.5 ], [ 519738.5, 164475.9 ], [ 519731.799999999988358, 164463.1 ], [ 519730.799999999988358, 164461.5 ], [ 519720.400000000023283, 164445.6 ], [ 519708.799999999988358, 164428.4 ], [ 519702.700000000011642, 164419.4 ], [ 519696.900000000023283, 164410.799999999988358 ], [ 519683.700000000011642, 164393.200000000011642 ], [ 519667.900000000023283, 164377.299999999988358 ], [ 519653.0, 164362.5 ], [ 519638.400000000023283, 164350.700000000011642 ], [ 519619.400000000023283, 164338.700000000011642 ], [ 519611.700000000011642, 164333.299999999988358 ], [ 519609.0, 164331.4 ], [ 519597.5, 164325.9 ], [ 519596.700000000011642, 164325.6 ], [ 519583.099999999976717, 164319.4 ], [ 519580.900000000023283, 164318.200000000011642 ], [ 519572.900000000023283, 164313.6 ], [ 519572.400000000023283, 164313.200000000011642 ], [ 519563.900000000023283, 164306.799999999988358 ], [ 519557.099999999976717, 164299.9 ], [ 519553.0, 164295.6 ], [ 519552.299999999988358, 164294.9 ], [ 519533.599999999976717, 164273.1 ], [ 519519.0, 164255.9 ], [ 519507.900000000023283, 164238.700000000011642 ], [ 519496.5, 164226.200000000011642 ], [ 519488.299999999988358, 164217.6 ], [ 519477.099999999976717, 164208.6 ], [ 519460.200000000011642, 164193.200000000011642 ], [ 519446.700000000011642, 164176.200000000011642 ], [ 519442.299999999988358, 164170.700000000011642 ], [ 519439.400000000023283, 164167.1 ], [ 519426.900000000023283, 164147.0 ], [ 519422.099999999976717, 164139.299999999988358 ], [ 519401.799999999988358, 164109.9 ], [ 519388.0, 164085.0 ], [ 519379.0, 164066.200000000011642 ], [ 519371.700000000011642, 164048.6 ], [ 519367.799999999988358, 164039.6 ], [ 519364.5, 164032.200000000011642 ], [ 519354.099999999976717, 164014.6 ], [ 519342.0, 164000.200000000011642 ], [ 519331.799999999988358, 163991.9 ], [ 519323.200000000011642, 163987.1 ], [ 519308.799999999988358, 163980.299999999988358 ], [ 519294.200000000011642, 163974.1 ], [ 519277.900000000023283, 163968.1 ], [ 519276.299999999988358, 163964.700000000011642 ], [ 519268.099999999976717, 163947.4 ], [ 519291.799999999988358, 163933.1 ], [ 519292.200000000011642, 163933.0 ], [ 519316.099999999976717, 163918.5 ], [ 519318.0, 163917.299999999988358 ], [ 519343.200000000011642, 163906.799999999988358 ], [ 519358.0, 163900.6 ], [ 519358.400000000023283, 163900.4 ], [ 519393.400000000023283, 163885.1 ], [ 519418.599999999976717, 163875.299999999988358 ], [ 519440.900000000023283, 163870.1 ], [ 519470.400000000023283, 163863.5 ], [ 519493.200000000011642, 163855.9 ], [ 519475.5, 163839.9 ], [ 519429.200000000011642, 163752.6 ], [ 519405.0, 163717.4 ], [ 519391.700000000011642, 163696.0 ], [ 519385.599999999976717, 163685.5 ], [ 519375.299999999988358, 163665.6 ], [ 519366.0, 163648.5 ], [ 519290.200000000011642, 163609.9 ], [ 519228.5, 163571.5 ], [ 519212.5, 163541.5 ], [ 519203.799999999988358, 163518.1 ], [ 519196.0, 163500.6 ], [ 519187.799999999988358, 163482.9 ], [ 519175.5, 163459.200000000011642 ], [ 519169.700000000011642, 163448.0 ], [ 519146.799999999988358, 163410.299999999988358 ], [ 519119.900000000023283, 163368.799999999988358 ], [ 519101.299999999988358, 163343.6 ], [ 519098.5, 163340.700000000011642 ], [ 519087.0, 163328.9 ], [ 519085.700000000011642, 163319.5 ], [ 519081.599999999976717, 163277.0 ], [ 519081.299999999988358, 163273.9 ], [ 519079.400000000023283, 163253.6 ], [ 519079.400000000023283, 163228.299999999988358 ], [ 519082.200000000011642, 163189.4 ], [ 519082.5, 163177.6 ], [ 519074.599999999976717, 163149.6 ], [ 519064.599999999976717, 163121.0 ], [ 519049.599999999976717, 163091.6 ], [ 519030.900000000023283, 163062.1 ], [ 519025.599999999976717, 163056.700000000011642 ], [ 519010.200000000011642, 163040.9 ], [ 519002.599999999976717, 163030.200000000011642 ], [ 518995.599999999976717, 163019.5 ], [ 518984.900000000023283, 162998.9 ], [ 518978.599999999976717, 162977.799999999988358 ], [ 518980.599999999976717, 162920.200000000011642 ], [ 518980.400000000023283, 162895.799999999988358 ], [ 518979.5, 162886.5 ], [ 518978.299999999988358, 162877.6 ], [ 518971.0, 162860.5 ], [ 518954.299999999988358, 162840.299999999988358 ], [ 518944.599999999976717, 162830.299999999988358 ], [ 518934.299999999988358, 162820.200000000011642 ], [ 518886.400000000023283, 162777.5 ], [ 518874.299999999988358, 162766.0 ], [ 518862.799999999988358, 162753.299999999988358 ], [ 518841.0, 162728.0 ], [ 518830.799999999988358, 162715.5 ], [ 518812.400000000023283, 162687.6 ], [ 518787.200000000011642, 162652.1 ], [ 518760.0, 162619.6 ], [ 518730.299999999988358, 162586.6 ], [ 518676.200000000011642, 162541.200000000011642 ], [ 518656.400000000023283, 162521.700000000011642 ], [ 518640.299999999988358, 162506.5 ], [ 518638.5, 162504.799999999988358 ], [ 518615.5, 162483.299999999988358 ], [ 518598.099999999976717, 162462.4 ], [ 518580.599999999976717, 162439.4 ], [ 518558.799999999988358, 162421.1 ], [ 518544.799999999988358, 162404.9 ], [ 518527.799999999988358, 162377.299999999988358 ], [ 518494.400000000023283, 162326.0 ], [ 518484.299999999988358, 162306.200000000011642 ], [ 518478.799999999988358, 162292.4 ], [ 518473.099999999976717, 162278.1 ], [ 518455.0, 162226.4 ], [ 518446.900000000023283, 162199.5 ], [ 518439.5, 162170.700000000011642 ], [ 518423.0, 162109.799999999988358 ], [ 518414.5, 162084.799999999988358 ], [ 518403.799999999988358, 162059.5 ], [ 518389.5, 162036.200000000011642 ], [ 518373.299999999988358, 162013.9 ], [ 518362.799999999988358, 162003.700000000011642 ], [ 518357.599999999976717, 161999.0 ], [ 518337.799999999988358, 161981.299999999988358 ], [ 518322.5, 161963.799999999988358 ], [ 518271.900000000023283, 161888.6 ], [ 518262.200000000011642, 161874.700000000011642 ], [ 518244.099999999976717, 161850.1 ], [ 518236.900000000023283, 161839.1 ], [ 518230.400000000023283, 161828.299999999988358 ], [ 518220.799999999988358, 161805.4 ], [ 518214.599999999976717, 161779.5 ], [ 518210.299999999988358, 161756.299999999988358 ], [ 518203.0, 161729.5 ], [ 518198.700000000011642, 161711.700000000011642 ], [ 518194.599999999976717, 161693.4 ], [ 518191.099999999976717, 161674.1 ], [ 518188.0, 161654.799999999988358 ], [ 518185.400000000023283, 161618.799999999988358 ], [ 518182.799999999988358, 161594.200000000011642 ], [ 518177.299999999988358, 161560.9 ], [ 518173.700000000011642, 161544.6 ], [ 518165.5, 161511.799999999988358 ], [ 518160.900000000023283, 161495.5 ], [ 518155.900000000023283, 161480.4 ], [ 518139.299999999988358, 161434.0 ], [ 518133.200000000011642, 161406.299999999988358 ], [ 518133.799999999988358, 161375.9 ], [ 518138.599999999976717, 161344.4 ], [ 518139.299999999988358, 161317.9 ], [ 518144.0, 161288.9 ], [ 518146.299999999988358, 161266.299999999988358 ], [ 518150.099999999976717, 161256.4 ], [ 518162.200000000011642, 161229.9 ], [ 518169.599999999976717, 161209.9 ], [ 518176.799999999988358, 161192.299999999988358 ], [ 518172.200000000011642, 161171.4 ], [ 518172.599999999976717, 161139.6 ], [ 518174.200000000011642, 161103.6 ], [ 518167.799999999988358, 161070.4 ], [ 518158.5, 161038.1 ], [ 518153.099999999976717, 161023.299999999988358 ], [ 518124.700000000011642, 160953.1 ], [ 518112.700000000011642, 160935.6 ], [ 518102.900000000023283, 160925.799999999988358 ], [ 518090.299999999988358, 160916.4 ], [ 518062.299999999988358, 160897.1 ], [ 518035.5, 160878.1 ], [ 518002.700000000011642, 160859.299999999988358 ], [ 517992.599999999976717, 160861.1 ], [ 517986.400000000023283, 160847.200000000011642 ], [ 517944.099999999976717, 160801.299999999988358 ], [ 517916.700000000011642, 160763.5 ], [ 517890.900000000023283, 160734.1 ], [ 517856.599999999976717, 160688.4 ], [ 517840.5, 160671.299999999988358 ], [ 517803.700000000011642, 160640.5 ], [ 517767.200000000011642, 160609.1 ], [ 517722.5, 160581.5 ], [ 517694.400000000023283, 160574.9 ], [ 517665.900000000023283, 160562.1 ], [ 517653.400000000023283, 160555.0 ], [ 517641.5, 160547.799999999988358 ], [ 517619.700000000011642, 160533.4 ], [ 517577.200000000011642, 160496.299999999988358 ], [ 517560.900000000023283, 160479.1 ], [ 517539.700000000011642, 160454.1 ], [ 517486.799999999988358, 160394.200000000011642 ], [ 517475.799999999988358, 160378.5 ], [ 517424.0, 160300.4 ], [ 517412.900000000023283, 160287.1 ], [ 517370.599999999976717, 160239.1 ], [ 517364.799999999988358, 160233.4 ], [ 517344.5, 160213.0 ], [ 517297.900000000023283, 160168.700000000011642 ], [ 517259.400000000023283, 160137.1 ], [ 517219.400000000023283, 160103.299999999988358 ], [ 517196.900000000023283, 160086.5 ], [ 517176.099999999976717, 160077.700000000011642 ], [ 517143.299999999988358, 160068.0 ], [ 517063.299999999988358, 160049.6 ], [ 517038.099999999976717, 160043.4 ], [ 517026.0, 160039.700000000011642 ], [ 517003.400000000023283, 160028.9 ], [ 516965.700000000011642, 160013.299999999988358 ], [ 516934.900000000023283, 160000.0 ], [ 516934.799999999988358, 160000.0 ], [ 516903.599999999976717, 159978.299999999988358 ], [ 516884.0, 159963.1 ], [ 516874.799999999988358, 159957.4 ], [ 516870.799999999988358, 159954.9 ], [ 516854.799999999988358, 159949.299999999988358 ], [ 516841.700000000011642, 159946.700000000011642 ], [ 516828.5, 159944.299999999988358 ], [ 516795.5, 159940.700000000011642 ], [ 516761.299999999988358, 159938.4 ], [ 516733.5, 159937.700000000011642 ], [ 516684.5, 159939.1 ], [ 516665.200000000011642, 159943.9 ], [ 516647.700000000011642, 159947.200000000011642 ], [ 516641.299999999988358, 159948.6 ], [ 516623.099999999976717, 159907.4 ], [ 516572.799999999988358, 159922.299999999988358 ], [ 516529.299999999988358, 159959.799999999988358 ], [ 516506.200000000011642, 159979.5 ], [ 516482.200000000011642, 160000.0 ], [ 516482.099999999976717, 160000.0 ], [ 516443.0, 160036.700000000011642 ], [ 516441.599999999976717, 160042.4 ], [ 516428.099999999976717, 160076.9 ], [ 516423.700000000011642, 160089.299999999988358 ], [ 516417.5, 160111.5 ], [ 516409.299999999988358, 160134.9 ], [ 516402.900000000023283, 160159.6 ], [ 516396.599999999976717, 160184.4 ], [ 516399.0, 160192.6 ], [ 516401.599999999976717, 160201.799999999988358 ], [ 516407.299999999988358, 160210.5 ], [ 516413.299999999988358, 160217.4 ], [ 516419.900000000023283, 160224.200000000011642 ], [ 516427.900000000023283, 160231.299999999988358 ], [ 516453.799999999988358, 160253.0 ], [ 516472.799999999988358, 160275.299999999988358 ], [ 516486.599999999976717, 160296.200000000011642 ], [ 516493.799999999988358, 160310.200000000011642 ], [ 516500.900000000023283, 160324.200000000011642 ], [ 516507.299999999988358, 160343.6 ], [ 516507.200000000011642, 160358.299999999988358 ], [ 516502.299999999988358, 160395.299999999988358 ], [ 516500.299999999988358, 160421.5 ], [ 516491.099999999976717, 160483.9 ], [ 516486.700000000011642, 160493.9 ], [ 516472.700000000011642, 160521.700000000011642 ], [ 516470.200000000011642, 160556.700000000011642 ], [ 516468.900000000023283, 160567.200000000011642 ], [ 516461.700000000011642, 160590.200000000011642 ], [ 516459.200000000011642, 160610.299999999988358 ], [ 516459.0, 160620.9 ], [ 516459.099999999976717, 160632.0 ], [ 516462.400000000023283, 160702.200000000011642 ], [ 516462.5, 160741.9 ], [ 516467.200000000011642, 160775.700000000011642 ], [ 516471.299999999988358, 160798.0 ], [ 516466.700000000011642, 160810.1 ], [ 516473.700000000011642, 160853.1 ], [ 516474.5, 160882.9 ], [ 516477.599999999976717, 160904.4 ], [ 516487.299999999988358, 160940.6 ], [ 516487.299999999988358, 160973.9 ], [ 516485.299999999988358, 161015.6 ], [ 516485.700000000011642, 161060.1 ], [ 516494.0, 161156.5 ], [ 516502.299999999988358, 161223.799999999988358 ], [ 516503.200000000011642, 161279.799999999988358 ], [ 516501.400000000023283, 161318.799999999988358 ], [ 516501.599999999976717, 161361.4 ], [ 516500.799999999988358, 161380.4 ], [ 516500.0, 161398.799999999988358 ], [ 516493.299999999988358, 161438.799999999988358 ], [ 516491.599999999976717, 161452.4 ], [ 516495.099999999976717, 161513.200000000011642 ], [ 516503.299999999988358, 161546.700000000011642 ], [ 516518.200000000011642, 161621.799999999988358 ], [ 516519.299999999988358, 161624.799999999988358 ], [ 516531.099999999976717, 161655.200000000011642 ], [ 516540.5, 161685.700000000011642 ], [ 516552.200000000011642, 161756.6 ], [ 516555.799999999988358, 161800.4 ], [ 516557.400000000023283, 161844.5 ], [ 516564.700000000011642, 161862.5 ], [ 516586.400000000023283, 161874.5 ], [ 516537.799999999988358, 161877.200000000011642 ], [ 516515.200000000011642, 161932.799999999988358 ], [ 516501.5, 161973.6 ], [ 516484.400000000023283, 162015.700000000011642 ], [ 516461.5, 162081.0 ], [ 516451.099999999976717, 162109.1 ], [ 516404.700000000011642, 162234.5 ], [ 516378.299999999988358, 162303.1 ], [ 516362.599999999976717, 162360.5 ], [ 516373.799999999988358, 162378.4 ], [ 516383.900000000023283, 162398.9 ], [ 516391.200000000011642, 162424.0 ], [ 516402.099999999976717, 162452.200000000011642 ], [ 516414.200000000011642, 162486.799999999988358 ], [ 516426.400000000023283, 162528.5 ], [ 516432.299999999988358, 162545.700000000011642 ], [ 516442.900000000023283, 162575.1 ], [ 516461.099999999976717, 162617.9 ], [ 516478.900000000023283, 162664.5 ], [ 516506.099999999976717, 162731.0 ], [ 516526.400000000023283, 162777.5 ], [ 516533.200000000011642, 162783.299999999988358 ], [ 516546.0, 162794.1 ], [ 516579.099999999976717, 162821.700000000011642 ], [ 516608.599999999976717, 162853.4 ], [ 516633.200000000011642, 162880.0 ], [ 516682.099999999976717, 162916.5 ], [ 516745.799999999988358, 162959.4 ], [ 516772.099999999976717, 162978.5 ], [ 516792.099999999976717, 163003.1 ], [ 516819.599999999976717, 163037.6 ], [ 516834.099999999976717, 163066.6 ], [ 516857.200000000011642, 163123.4 ], [ 516878.799999999988358, 163162.5 ], [ 516897.900000000023283, 163198.1 ], [ 516919.0, 163239.1 ], [ 516939.299999999988358, 163285.799999999988358 ], [ 516967.299999999988358, 163352.200000000011642 ], [ 516987.799999999988358, 163405.1 ], [ 517005.5, 163451.700000000011642 ], [ 517018.900000000023283, 163485.0 ], [ 517050.900000000023283, 163564.299999999988358 ], [ 517062.599999999976717, 163601.200000000011642 ], [ 517055.400000000023283, 163614.5 ], [ 517056.200000000011642, 163619.6 ], [ 517070.599999999976717, 163624.0 ], [ 517081.299999999988358, 163657.4 ], [ 517097.0, 163719.4 ], [ 517105.5, 163768.0 ], [ 517119.099999999976717, 163846.6 ], [ 517126.200000000011642, 163923.6 ], [ 517177.099999999976717, 164057.5 ], [ 517175.299999999988358, 164077.299999999988358 ], [ 517165.400000000023283, 164188.299999999988358 ], [ 517161.900000000023283, 164261.1 ], [ 517161.0, 164268.9 ], [ 517154.599999999976717, 164319.4 ], [ 517153.700000000011642, 164355.200000000011642 ], [ 517158.900000000023283, 164443.799999999988358 ], [ 517165.299999999988358, 164546.0 ], [ 517174.900000000023283, 164659.4 ], [ 517180.299999999988358, 164733.4 ], [ 517186.299999999988358, 164756.6 ], [ 517186.700000000011642, 164763.1 ], [ 517187.200000000011642, 164770.200000000011642 ], [ 517177.599999999976717, 164813.0 ], [ 517182.299999999988358, 164850.799999999988358 ], [ 517194.799999999988358, 164918.0 ], [ 517209.799999999988358, 165000.0 ], [ 517211.099999999976717, 165005.4 ], [ 517216.700000000011642, 165026.200000000011642 ], [ 517224.0, 165052.4 ], [ 517235.5, 165082.700000000011642 ], [ 517246.099999999976717, 165106.299999999988358 ], [ 517263.200000000011642, 165134.4 ], [ 517281.299999999988358, 165159.4 ], [ 517294.900000000023283, 165179.0 ], [ 517310.599999999976717, 165200.9 ], [ 517332.599999999976717, 165225.0 ], [ 517362.900000000023283, 165255.299999999988358 ], [ 517393.0, 165277.9 ], [ 517423.200000000011642, 165301.799999999988358 ], [ 517454.799999999988358, 165305.9 ], [ 517490.200000000011642, 165308.4 ], [ 517519.099999999976717, 165313.200000000011642 ], [ 517538.900000000023283, 165317.1 ], [ 517550.299999999988358, 165319.299999999988358 ], [ 517574.900000000023283, 165325.4 ], [ 517617.299999999988358, 165338.299999999988358 ], [ 517648.599999999976717, 165347.0 ], [ 517690.400000000023283, 165364.0 ], [ 517748.5, 165384.200000000011642 ], [ 517786.299999999988358, 165392.9 ], [ 517814.099999999976717, 165401.0 ], [ 517829.599999999976717, 165447.1 ], [ 517837.099999999976717, 165469.4 ], [ 517859.799999999988358, 165537.299999999988358 ], [ 517860.799999999988358, 165581.6 ], [ 517868.099999999976717, 165634.799999999988358 ], [ 517862.5, 165726.5 ], [ 517897.5, 165729.5 ], [ 517886.700000000011642, 165798.799999999988358 ], [ 517829.700000000011642, 165911.299999999988358 ], [ 517827.900000000023283, 165916.9 ], [ 517813.5, 165963.1 ], [ 517760.799999999988358, 165956.0 ], [ 517756.200000000011642, 166029.0 ], [ 517761.200000000011642, 166033.0 ], [ 517758.200000000011642, 166052.200000000011642 ], [ 517757.299999999988358, 166057.0 ], [ 517755.299999999988358, 166072.1 ], [ 517756.099999999976717, 166088.200000000011642 ], [ 517755.799999999988358, 166096.0 ], [ 517753.400000000023283, 166113.299999999988358 ], [ 517741.799999999988358, 166110.799999999988358 ], [ 517736.099999999976717, 166177.700000000011642 ], [ 517729.200000000011642, 166185.5 ], [ 517722.099999999976717, 166199.5 ], [ 517715.299999999988358, 166220.799999999988358 ], [ 517712.200000000011642, 166221.700000000011642 ], [ 517710.400000000023283, 166225.6 ], [ 517678.099999999976717, 166310.5 ], [ 517681.799999999988358, 166327.700000000011642 ], [ 517680.099999999976717, 166344.200000000011642 ], [ 517672.099999999976717, 166372.5 ], [ 517669.900000000023283, 166377.1 ], [ 517662.799999999988358, 166389.4 ], [ 517654.5, 166406.1 ], [ 517660.400000000023283, 166416.1 ], [ 517659.299999999988358, 166421.9 ], [ 517655.5, 166433.799999999988358 ], [ 517653.0, 166439.5 ], [ 517648.299999999988358, 166447.6 ], [ 517632.599999999976717, 166463.700000000011642 ], [ 517620.0, 166475.1 ], [ 517572.400000000023283, 166545.5 ], [ 517635.299999999988358, 166591.6 ], [ 517596.299999999988358, 166651.4 ], [ 517592.700000000011642, 166658.0 ], [ 517589.700000000011642, 166663.9 ], [ 517599.0, 166671.299999999988358 ], [ 517575.5, 166694.6 ], [ 517566.299999999988358, 166703.6 ], [ 517570.0, 166706.799999999988358 ], [ 517572.299999999988358, 166708.799999999988358 ], [ 517564.299999999988358, 166722.4 ], [ 517571.5, 166728.6 ], [ 517490.0, 166844.5 ], [ 517469.299999999988358, 166878.5 ], [ 517467.099999999976717, 166882.1 ], [ 517456.200000000011642, 166874.200000000011642 ], [ 517275.900000000023283, 166744.200000000011642 ], [ 517236.900000000023283, 166813.700000000011642 ], [ 517230.799999999988358, 166834.700000000011642 ], [ 517229.200000000011642, 166849.1 ], [ 517215.400000000023283, 166847.5 ], [ 517215.599999999976717, 166851.700000000011642 ], [ 517215.700000000011642, 166853.299999999988358 ], [ 517215.900000000023283, 166856.700000000011642 ], [ 517216.200000000011642, 166860.0 ], [ 517216.700000000011642, 166863.299999999988358 ], [ 517217.599999999976717, 166866.5 ], [ 517218.799999999988358, 166869.700000000011642 ], [ 517221.700000000011642, 166874.799999999988358 ], [ 517225.299999999988358, 166879.5 ], [ 517229.200000000011642, 166883.9 ], [ 517233.299999999988358, 166888.200000000011642 ], [ 517237.099999999976717, 166892.0 ], [ 517241.5, 166895.9 ], [ 517246.099999999976717, 166899.6 ], [ 517281.0, 166925.1 ], [ 517307.599999999976717, 166950.4 ], [ 517340.099999999976717, 166980.700000000011642 ], [ 517397.799999999988358, 167034.6 ], [ 517387.700000000011642, 167050.4 ], [ 517358.299999999988358, 167093.0 ], [ 517348.299999999988358, 167111.200000000011642 ], [ 517340.5, 167126.299999999988358 ], [ 517324.5, 167157.299999999988358 ], [ 517317.5, 167170.9 ], [ 517282.099999999976717, 167227.5 ], [ 517238.099999999976717, 167291.5 ], [ 517208.5, 167332.1 ], [ 517191.200000000011642, 167351.1 ], [ 517182.900000000023283, 167361.299999999988358 ], [ 517169.900000000023283, 167378.4 ], [ 517139.5, 167412.5 ], [ 517100.799999999988358, 167372.5 ], [ 517083.799999999988358, 167356.5 ], [ 517066.299999999988358, 167341.1 ], [ 517047.5, 167326.299999999988358 ], [ 517025.400000000023283, 167310.700000000011642 ], [ 516993.700000000011642, 167289.700000000011642 ], [ 516979.0, 167283.799999999988358 ], [ 516951.400000000023283, 167275.6 ], [ 516932.0, 167268.299999999988358 ], [ 516918.900000000023283, 167262.700000000011642 ], [ 516898.700000000011642, 167252.9 ], [ 516872.400000000023283, 167244.0 ], [ 516839.599999999976717, 167233.0 ], [ 516823.200000000011642, 167226.700000000011642 ], [ 516727.400000000023283, 167183.6 ], [ 516665.5, 167160.799999999988358 ], [ 516647.799999999988358, 167157.0 ], [ 516590.5, 167151.1 ], [ 516569.799999999988358, 167152.200000000011642 ], [ 516518.5, 167162.700000000011642 ], [ 516493.200000000011642, 167169.9 ], [ 516462.299999999988358, 167180.299999999988358 ], [ 516456.400000000023283, 167183.0 ], [ 516450.900000000023283, 167185.799999999988358 ], [ 516440.099999999976717, 167192.9 ], [ 516430.099999999976717, 167201.200000000011642 ], [ 516412.5, 167214.200000000011642 ], [ 516401.0, 167223.6 ], [ 516379.5, 167244.0 ], [ 516342.299999999988358, 167291.299999999988358 ], [ 516286.200000000011642, 167357.1 ], [ 516275.099999999976717, 167372.1 ], [ 516265.799999999988358, 167387.200000000011642 ], [ 516227.900000000023283, 167438.799999999988358 ], [ 516223.0, 167446.4 ], [ 516204.799999999988358, 167479.299999999988358 ], [ 516159.900000000023283, 167574.200000000011642 ], [ 516132.299999999988358, 167623.6 ], [ 516120.5, 167639.6 ], [ 516106.299999999988358, 167654.5 ], [ 515996.0, 167778.1 ], [ 515926.099999999976717, 167852.5 ], [ 515875.799999999988358, 167906.700000000011642 ], [ 515867.599999999976717, 167916.299999999988358 ], [ 515856.200000000011642, 167932.5 ], [ 515816.900000000023283, 167979.200000000011642 ], [ 515787.099999999976717, 168016.200000000011642 ], [ 515777.0, 168029.200000000011642 ], [ 515767.400000000023283, 168043.299999999988358 ], [ 515731.599999999976717, 168095.1 ], [ 515716.900000000023283, 168119.5 ], [ 515701.799999999988358, 168148.9 ], [ 515685.700000000011642, 168177.799999999988358 ], [ 515685.0, 168179.1 ], [ 515675.099999999976717, 168199.5 ], [ 515665.5, 168223.4 ], [ 515640.599999999976717, 168276.0 ], [ 515624.099999999976717, 168297.9 ], [ 515594.799999999988358, 168340.6 ], [ 515581.0, 168358.6 ], [ 515563.200000000011642, 168379.4 ], [ 515549.400000000023283, 168393.4 ], [ 515529.099999999976717, 168416.0 ], [ 515520.0, 168424.4 ], [ 515504.400000000023283, 168436.5 ], [ 515494.599999999976717, 168442.700000000011642 ], [ 515479.400000000023283, 168451.799999999988358 ], [ 515465.700000000011642, 168458.4 ], [ 515430.5, 168470.6 ], [ 515414.799999999988358, 168474.799999999988358 ], [ 515381.400000000023283, 168482.700000000011642 ], [ 515361.200000000011642, 168488.0 ], [ 515351.099999999976717, 168491.5 ], [ 515343.799999999988358, 168494.5 ], [ 515333.900000000023283, 168499.6 ], [ 515318.599999999976717, 168508.4 ], [ 515298.599999999976717, 168518.0 ], [ 515275.799999999988358, 168534.6 ], [ 515254.0, 168552.299999999988358 ], [ 515239.299999999988358, 168562.700000000011642 ], [ 515125.299999999988358, 168677.299999999988358 ], [ 515115.200000000011642, 168685.5 ], [ 515096.700000000011642, 168700.200000000011642 ], [ 515074.700000000011642, 168716.299999999988358 ], [ 515064.799999999988358, 168724.200000000011642 ], [ 515059.599999999976717, 168727.4 ], [ 515032.799999999988358, 168739.6 ], [ 515011.200000000011642, 168750.700000000011642 ], [ 515000.099999999976717, 168756.299999999988358 ], [ 515000.0, 168756.299999999988358 ], [ 514983.799999999988358, 168764.4 ], [ 514942.599999999976717, 168786.1 ], [ 514915.599999999976717, 168803.1 ], [ 514889.0, 168825.6 ], [ 514881.799999999988358, 168831.4 ], [ 514866.599999999976717, 168842.0 ], [ 514862.900000000023283, 168845.200000000011642 ], [ 514856.5, 168851.799999999988358 ], [ 514825.799999999988358, 168894.200000000011642 ], [ 514816.0, 168905.1 ], [ 514810.099999999976717, 168910.5 ], [ 514779.299999999988358, 168929.799999999988358 ], [ 514766.599999999976717, 168939.200000000011642 ], [ 514743.799999999988358, 168957.200000000011642 ], [ 514719.599999999976717, 168975.700000000011642 ], [ 514672.799999999988358, 169014.299999999988358 ], [ 514648.799999999988358, 169031.0 ], [ 514590.099999999976717, 169076.299999999988358 ], [ 514566.5, 169092.299999999988358 ], [ 514545.799999999988358, 169110.0 ], [ 514496.599999999976717, 169148.200000000011642 ], [ 514494.099999999976717, 169151.1 ], [ 514491.0, 169157.5 ], [ 514487.200000000011642, 169180.0 ], [ 514486.599999999976717, 169189.6 ], [ 514486.700000000011642, 169199.299999999988358 ], [ 514488.200000000011642, 169210.700000000011642 ], [ 514487.099999999976717, 169232.299999999988358 ], [ 514484.900000000023283, 169240.6 ], [ 514482.200000000011642, 169246.0 ], [ 514477.0, 169252.9 ], [ 514458.200000000011642, 169263.4 ], [ 514394.0, 169291.6 ], [ 514354.799999999988358, 169310.4 ], [ 514339.099999999976717, 169319.299999999988358 ], [ 514316.0, 169330.1 ], [ 514305.299999999988358, 169334.1 ], [ 514269.799999999988358, 169343.4 ], [ 514265.200000000011642, 169345.6 ], [ 514258.0, 169351.1 ], [ 514236.299999999988358, 169363.5 ], [ 514217.799999999988358, 169372.700000000011642 ], [ 514211.099999999976717, 169375.0 ], [ 514175.200000000011642, 169385.200000000011642 ], [ 514166.700000000011642, 169387.1 ], [ 514151.599999999976717, 169388.799999999988358 ], [ 514126.299999999988358, 169388.4 ], [ 514102.900000000023283, 169389.0 ], [ 514064.799999999988358, 169387.0 ], [ 514037.099999999976717, 169383.200000000011642 ], [ 513982.799999999988358, 169377.5 ], [ 513935.5, 169369.1 ], [ 513846.0, 169340.299999999988358 ], [ 513822.400000000023283, 169331.700000000011642 ], [ 513796.5, 169320.9 ], [ 513749.900000000023283, 169298.9 ], [ 513733.900000000023283, 169292.700000000011642 ], [ 513723.599999999976717, 169288.200000000011642 ], [ 513702.5, 169277.4 ], [ 513692.700000000011642, 169271.4 ], [ 513684.400000000023283, 169265.799999999988358 ], [ 513645.700000000011642, 169235.6 ], [ 513626.799999999988358, 169223.6 ], [ 513610.299999999988358, 169212.0 ], [ 513577.400000000023283, 169192.799999999988358 ], [ 513527.799999999988358, 169167.5 ], [ 513521.799999999988358, 169164.1 ], [ 513508.5, 169156.5 ], [ 513444.200000000011642, 169114.9 ], [ 513281.5, 169005.299999999988358 ], [ 513266.099999999976717, 168996.299999999988358 ], [ 513244.900000000023283, 168985.9 ], [ 513219.299999999988358, 168979.799999999988358 ], [ 513172.5, 168966.299999999988358 ], [ 513125.099999999976717, 168956.4 ], [ 513078.099999999976717, 168950.1 ], [ 513038.700000000011642, 168946.4 ], [ 513021.900000000023283, 168942.700000000011642 ], [ 513017.799999999988358, 168941.5 ], [ 512974.0, 168920.4 ], [ 512950.700000000011642, 168913.5 ], [ 512929.900000000023283, 168905.4 ], [ 512918.299999999988358, 168902.1 ], [ 512902.599999999976717, 168899.200000000011642 ], [ 512810.200000000011642, 168891.1 ], [ 512798.5, 168891.700000000011642 ], [ 512755.799999999988358, 168896.9 ], [ 512687.599999999976717, 168908.200000000011642 ], [ 512675.400000000023283, 168911.5 ], [ 512655.900000000023283, 168919.4 ], [ 512603.299999999988358, 168936.700000000011642 ], [ 512560.200000000011642, 168953.0 ], [ 512535.700000000011642, 168963.4 ], [ 512528.200000000011642, 169068.299999999988358 ], [ 512501.200000000011642, 169073.700000000011642 ], [ 512502.099999999976717, 169138.5 ], [ 512465.0, 169143.0 ], [ 512411.200000000011642, 169149.5 ], [ 512330.200000000011642, 169163.6 ], [ 512313.400000000023283, 169166.0 ], [ 512302.599999999976717, 169166.700000000011642 ], [ 512289.200000000011642, 169165.299999999988358 ], [ 512273.599999999976717, 169161.700000000011642 ], [ 512254.0, 169158.6 ], [ 512218.0, 169155.0 ], [ 512126.099999999976717, 169152.6 ], [ 512116.900000000023283, 169195.0 ], [ 512092.299999999988358, 169193.4 ], [ 512082.099999999976717, 169272.4 ], [ 512070.599999999976717, 169362.6 ], [ 512060.099999999976717, 169427.5 ], [ 512051.0, 169500.700000000011642 ], [ 512038.700000000011642, 169597.700000000011642 ], [ 512078.700000000011642, 169600.799999999988358 ], [ 512128.099999999976717, 169602.700000000011642 ], [ 512161.700000000011642, 169604.4 ], [ 512228.299999999988358, 169603.299999999988358 ], [ 512328.799999999988358, 169597.700000000011642 ], [ 512326.200000000011642, 169601.4 ], [ 512322.599999999976717, 169607.200000000011642 ], [ 512317.200000000011642, 169627.0 ], [ 512313.400000000023283, 169637.5 ], [ 512294.200000000011642, 169679.4 ], [ 512295.099999999976717, 169683.4 ], [ 512304.599999999976717, 169710.6 ], [ 512305.5, 169718.6 ], [ 512303.799999999988358, 169735.4 ], [ 512299.900000000023283, 169760.6 ], [ 512299.099999999976717, 169777.0 ], [ 512293.700000000011642, 169842.9 ], [ 512296.299999999988358, 169847.6 ], [ 512291.299999999988358, 169877.700000000011642 ], [ 512279.5, 169949.299999999988358 ], [ 512276.900000000023283, 169961.9 ], [ 512276.099999999976717, 169971.9 ], [ 512267.599999999976717, 170000.0 ], [ 512267.5, 170000.0 ], [ 512258.900000000023283, 170036.700000000011642 ], [ 512241.099999999976717, 170097.5 ], [ 512229.0, 170123.299999999988358 ], [ 512228.700000000011642, 170123.799999999988358 ], [ 512207.200000000011642, 170156.6 ], [ 512252.599999999976717, 170204.700000000011642 ], [ 512276.5, 170238.799999999988358 ], [ 512278.5, 170241.9 ], [ 512062.599999999976717, 170401.700000000011642 ], [ 511979.200000000011642, 170462.1 ], [ 511965.700000000011642, 170471.5 ], [ 511952.0, 170480.6 ], [ 511946.200000000011642, 170484.4 ], [ 511944.700000000011642, 170485.4 ], [ 511930.700000000011642, 170494.0 ], [ 511916.5, 170502.299999999988358 ], [ 511902.099999999976717, 170510.200000000011642 ], [ 511887.599999999976717, 170517.799999999988358 ], [ 511872.900000000023283, 170525.200000000011642 ], [ 511859.099999999976717, 170531.700000000011642 ], [ 511858.099999999976717, 170532.200000000011642 ], [ 511843.099999999976717, 170538.9 ], [ 511828.0, 170545.299999999988358 ], [ 511812.700000000011642, 170551.5 ], [ 511810.299999999988358, 170552.4 ], [ 511793.200000000011642, 170558.9 ], [ 511776.0, 170565.0 ], [ 511758.599999999976717, 170570.700000000011642 ], [ 511741.200000000011642, 170576.1 ], [ 511723.599999999976717, 170581.0 ], [ 511705.900000000023283, 170585.6 ], [ 511699.099999999976717, 170587.200000000011642 ], [ 511689.799999999988358, 170589.299999999988358 ], [ 511681.5, 170591.1 ], [ 511663.799999999988358, 170594.6 ], [ 511646.0, 170597.700000000011642 ], [ 511628.200000000011642, 170600.4 ], [ 511610.299999999988358, 170602.700000000011642 ], [ 511592.299999999988358, 170604.700000000011642 ], [ 511574.299999999988358, 170606.4 ], [ 511556.299999999988358, 170607.799999999988358 ], [ 511541.400000000023283, 170608.799999999988358 ], [ 511518.5, 170610.0 ], [ 511495.5, 170610.700000000011642 ], [ 511473.599999999976717, 170610.9 ], [ 511472.5, 170610.9 ], [ 511449.599999999976717, 170610.700000000011642 ], [ 511426.599999999976717, 170609.9 ], [ 511403.700000000011642, 170608.6 ], [ 511380.799999999988358, 170606.799999999988358 ], [ 511366.599999999976717, 170605.299999999988358 ], [ 511345.299999999988358, 170602.799999999988358 ], [ 511324.099999999976717, 170599.9 ], [ 511303.0, 170596.5 ], [ 511282.0, 170592.6 ], [ 511261.0, 170588.299999999988358 ], [ 511240.200000000011642, 170583.5 ], [ 511219.5, 170578.200000000011642 ], [ 511202.200000000011642, 170573.4 ], [ 511183.299999999988358, 170567.5 ], [ 511164.799999999988358, 170560.9 ], [ 511146.400000000023283, 170553.799999999988358 ], [ 511128.200000000011642, 170546.299999999988358 ], [ 511110.0, 170538.6 ], [ 511091.900000000023283, 170530.700000000011642 ], [ 511073.799999999988358, 170522.9 ], [ 511055.599999999976717, 170515.200000000011642 ], [ 511043.200000000011642, 170510.1 ], [ 511002.5, 170493.799999999988358 ], [ 510971.099999999976717, 170480.200000000011642 ], [ 510932.5, 170500.0 ], [ 510901.799999999988358, 170519.4 ], [ 510891.5, 170526.5 ], [ 510858.700000000011642, 170554.4 ], [ 510800.599999999976717, 170598.700000000011642 ], [ 510766.700000000011642, 170617.5 ], [ 510753.700000000011642, 170626.200000000011642 ], [ 510747.799999999988358, 170640.5 ], [ 510746.400000000023283, 170655.9 ], [ 510739.099999999976717, 170672.1 ], [ 510732.900000000023283, 170689.4 ], [ 510730.299999999988358, 170709.299999999988358 ], [ 510727.099999999976717, 170750.700000000011642 ], [ 510722.299999999988358, 170766.4 ], [ 510714.799999999988358, 170785.0 ], [ 510710.5, 170805.1 ], [ 510686.5, 170838.5 ], [ 510674.400000000023283, 170851.799999999988358 ], [ 510659.5, 170869.6 ], [ 510635.700000000011642, 170889.299999999988358 ], [ 510628.400000000023283, 170896.0 ], [ 510616.299999999988358, 170915.799999999988358 ], [ 510610.900000000023283, 170927.0 ], [ 510606.0, 170938.4 ], [ 510601.5, 170959.0 ], [ 510582.299999999988358, 170998.200000000011642 ], [ 510576.5, 171012.6 ], [ 510553.900000000023283, 171031.5 ], [ 510545.5, 171037.799999999988358 ], [ 510527.299999999988358, 171047.200000000011642 ], [ 510516.299999999988358, 171050.1 ], [ 510494.200000000011642, 171054.700000000011642 ], [ 510483.599999999976717, 171056.4 ], [ 510452.299999999988358, 171060.0 ], [ 510439.900000000023283, 171061.9 ], [ 510421.099999999976717, 171066.299999999988358 ], [ 510462.900000000023283, 171170.299999999988358 ], [ 510329.599999999976717, 171224.6 ], [ 510365.700000000011642, 171312.1 ], [ 510208.799999999988358, 171377.700000000011642 ], [ 510202.0, 171363.0 ], [ 510186.599999999976717, 171369.1 ], [ 510078.799999999988358, 171411.9 ], [ 510087.0, 171432.4 ], [ 510118.799999999988358, 171511.799999999988358 ], [ 510090.0, 171523.799999999988358 ], [ 510045.099999999976717, 171504.5 ], [ 510036.5, 171519.9 ], [ 510030.799999999988358, 171528.299999999988358 ], [ 510028.700000000011642, 171531.200000000011642 ], [ 510025.200000000011642, 171536.200000000011642 ], [ 510014.099999999976717, 171548.299999999988358 ], [ 510000.099999999976717, 171554.9 ], [ 510000.0, 171554.9 ], [ 509993.700000000011642, 171558.200000000011642 ], [ 509981.400000000023283, 171557.200000000011642 ], [ 509930.299999999988358, 171546.700000000011642 ], [ 509920.5, 171544.5 ], [ 509907.599999999976717, 171540.6 ], [ 509891.099999999976717, 171539.299999999988358 ], [ 509868.799999999988358, 171539.9 ], [ 509849.900000000023283, 171534.200000000011642 ], [ 509831.0, 171524.6 ], [ 509809.200000000011642, 171510.299999999988358 ], [ 509786.799999999988358, 171499.1 ], [ 509762.799999999988358, 171485.200000000011642 ], [ 509742.099999999976717, 171461.5 ], [ 509727.5, 171448.299999999988358 ], [ 509689.299999999988358, 171420.9 ], [ 509683.700000000011642, 171418.200000000011642 ], [ 509684.299999999988358, 171405.299999999988358 ], [ 509690.0, 171386.799999999988358 ], [ 509641.5, 171397.0 ], [ 509631.5, 171395.1 ], [ 509590.900000000023283, 171389.799999999988358 ], [ 509541.200000000011642, 171375.9 ], [ 509526.0, 171372.299999999988358 ], [ 509492.200000000011642, 171372.6 ], [ 509465.599999999976717, 171377.700000000011642 ], [ 509441.400000000023283, 171375.9 ], [ 509420.700000000011642, 171375.6 ], [ 509413.0, 171374.4 ], [ 509409.900000000023283, 171361.0 ], [ 509402.5, 171321.299999999988358 ], [ 509393.099999999976717, 171231.0 ], [ 509392.200000000011642, 171216.6 ], [ 509392.700000000011642, 171199.6 ], [ 509281.599999999976717, 171213.1 ], [ 509275.400000000023283, 171146.5 ], [ 509260.5, 171146.0 ], [ 509244.900000000023283, 171147.299999999988358 ], [ 509197.900000000023283, 171153.6 ], [ 509167.5, 171156.4 ], [ 509140.400000000023283, 171160.5 ], [ 509116.599999999976717, 171162.5 ], [ 509090.400000000023283, 171162.700000000011642 ], [ 509074.900000000023283, 171164.4 ], [ 509059.0, 171166.4 ], [ 509040.900000000023283, 171169.5 ], [ 509003.400000000023283, 171177.1 ], [ 508983.900000000023283, 171181.5 ], [ 508908.5, 171204.700000000011642 ], [ 508813.299999999988358, 171235.6 ], [ 508672.599999999976717, 171286.6 ], [ 508609.099999999976717, 171311.0 ], [ 508544.700000000011642, 171334.4 ], [ 508544.299999999988358, 171337.1 ], [ 508539.799999999988358, 171369.0 ], [ 508538.5, 171432.5 ], [ 508538.799999999988358, 171472.200000000011642 ], [ 508538.0, 171490.700000000011642 ], [ 508536.799999999988358, 171508.9 ], [ 508531.799999999988358, 171543.5 ], [ 508529.5, 171577.0 ], [ 508536.900000000023283, 171656.1 ], [ 508541.700000000011642, 171725.6 ], [ 508551.299999999988358, 171778.799999999988358 ], [ 508446.799999999988358, 171786.6 ], [ 508364.599999999976717, 171789.1 ], [ 508294.799999999988358, 171794.299999999988358 ], [ 508228.599999999976717, 171798.299999999988358 ], [ 508173.599999999976717, 171803.1 ], [ 508118.5, 171804.1 ], [ 508048.900000000023283, 171807.799999999988358 ], [ 507996.799999999988358, 171809.700000000011642 ], [ 508008.5, 171873.5 ], [ 508012.599999999976717, 171913.799999999988358 ], [ 508021.700000000011642, 171964.299999999988358 ], [ 508030.5, 172039.1 ], [ 508039.200000000011642, 172086.9 ], [ 508043.599999999976717, 172123.5 ], [ 508061.200000000011642, 172214.700000000011642 ], [ 508074.299999999988358, 172312.200000000011642 ], [ 508084.299999999988358, 172367.1 ], [ 507949.900000000023283, 172317.4 ], [ 507856.0, 172281.6 ], [ 507762.299999999988358, 172248.200000000011642 ], [ 507682.700000000011642, 172222.5 ], [ 507575.5, 172189.200000000011642 ], [ 507566.400000000023283, 172187.6 ], [ 507536.5, 172179.4 ], [ 507529.099999999976717, 172177.4 ], [ 507410.0, 172147.200000000011642 ], [ 507381.299999999988358, 172142.0 ], [ 507380.5, 172155.1 ], [ 507382.400000000023283, 172166.9 ], [ 507386.099999999976717, 172178.700000000011642 ], [ 507387.400000000023283, 172203.1 ], [ 507392.200000000011642, 172231.5 ], [ 507397.299999999988358, 172260.0 ], [ 507409.099999999976717, 172314.4 ], [ 507409.400000000023283, 172332.0 ], [ 507414.900000000023283, 172351.9 ], [ 507423.099999999976717, 172370.799999999988358 ], [ 507423.700000000011642, 172388.0 ], [ 507418.599999999976717, 172397.1 ], [ 507418.299999999988358, 172402.5 ], [ 507419.299999999988358, 172425.9 ], [ 507422.599999999976717, 172450.299999999988358 ], [ 507425.299999999988358, 172478.299999999988358 ], [ 507427.799999999988358, 172492.799999999988358 ], [ 507430.599999999976717, 172507.5 ], [ 507446.5, 172571.200000000011642 ], [ 507446.700000000011642, 172589.799999999988358 ], [ 507441.900000000023283, 172600.4 ], [ 507433.599999999976717, 172607.299999999988358 ], [ 507413.799999999988358, 172616.6 ], [ 507383.299999999988358, 172633.9 ], [ 507302.0, 172684.6 ], [ 507302.200000000011642, 172700.200000000011642 ], [ 507307.900000000023283, 172821.200000000011642 ], [ 507308.5, 172845.200000000011642 ], [ 507308.200000000011642, 172869.9 ], [ 507305.599999999976717, 172942.299999999988358 ], [ 507300.400000000023283, 172979.700000000011642 ], [ 507297.599999999976717, 173018.4 ], [ 507290.5, 173096.799999999988358 ], [ 507287.299999999988358, 173124.4 ], [ 507281.099999999976717, 173148.9 ], [ 507280.0, 173162.6 ], [ 507278.900000000023283, 173191.799999999988358 ], [ 507278.799999999988358, 173207.299999999988358 ], [ 507279.700000000011642, 173224.799999999988358 ], [ 507283.400000000023283, 173274.5 ], [ 507287.0, 173340.0 ], [ 507286.5, 173362.0 ], [ 507279.700000000011642, 173371.9 ], [ 507270.5, 173375.299999999988358 ], [ 507255.700000000011642, 173376.0 ], [ 507189.799999999988358, 173366.299999999988358 ], [ 507103.299999999988358, 173356.799999999988358 ], [ 507054.599999999976717, 173351.6 ], [ 507007.400000000023283, 173345.200000000011642 ], [ 507009.200000000011642, 173492.6 ], [ 507010.099999999976717, 173624.6 ], [ 507010.700000000011642, 173723.4 ], [ 507114.0, 173708.700000000011642 ], [ 507133.799999999988358, 173757.6 ], [ 507150.700000000011642, 173762.4 ], [ 507164.900000000023283, 173840.1 ], [ 507168.599999999976717, 173891.9 ], [ 507170.099999999976717, 173978.700000000011642 ], [ 507173.200000000011642, 174057.200000000011642 ], [ 507172.200000000011642, 174110.0 ], [ 507173.400000000023283, 174132.6 ], [ 507187.700000000011642, 174163.700000000011642 ], [ 507160.799999999988358, 174181.700000000011642 ], [ 507155.5, 174186.200000000011642 ], [ 507149.400000000023283, 174191.0 ], [ 507143.200000000011642, 174195.700000000011642 ], [ 507136.900000000023283, 174200.299999999988358 ], [ 507130.400000000023283, 174204.700000000011642 ], [ 507121.900000000023283, 174210.1 ], [ 507112.799999999988358, 174215.5 ], [ 507103.5, 174220.6 ], [ 507094.200000000011642, 174225.5 ], [ 507086.0, 174229.5 ], [ 507077.700000000011642, 174233.6 ], [ 507069.200000000011642, 174237.4 ], [ 507060.700000000011642, 174241.1 ], [ 507052.0, 174244.5 ], [ 507043.299999999988358, 174247.799999999988358 ], [ 507034.599999999976717, 174250.799999999988358 ], [ 507029.099999999976717, 174252.5 ], [ 507020.200000000011642, 174255.200000000011642 ], [ 507011.299999999988358, 174257.700000000011642 ], [ 507002.299999999988358, 174259.9 ], [ 506993.200000000011642, 174261.9 ], [ 506984.099999999976717, 174263.799999999988358 ], [ 506974.900000000023283, 174265.4 ], [ 506921.5, 174268.1 ], [ 506838.799999999988358, 174279.4 ], [ 506834.099999999976717, 174280.0 ], [ 506776.900000000023283, 174287.0 ], [ 506734.099999999976717, 174294.700000000011642 ], [ 506678.799999999988358, 174310.1 ], [ 506673.400000000023283, 174311.6 ], [ 506666.299999999988358, 174313.6 ], [ 506659.200000000011642, 174315.6 ], [ 506652.0, 174317.5 ], [ 506644.799999999988358, 174319.1 ], [ 506637.0, 174320.5 ], [ 506628.5, 174321.799999999988358 ], [ 506620.0, 174322.9 ], [ 506611.400000000023283, 174323.799999999988358 ], [ 506609.700000000011642, 174324.0 ], [ 506601.200000000011642, 174324.6 ], [ 506592.599999999976717, 174325.1 ], [ 506584.0, 174325.4 ], [ 506575.400000000023283, 174325.4 ], [ 506545.400000000023283, 174324.799999999988358 ], [ 506509.400000000023283, 174324.5 ], [ 506495.200000000011642, 174324.5 ], [ 506494.200000000011642, 174324.5 ], [ 506492.0, 174324.5 ], [ 506487.599999999976717, 174324.299999999988358 ], [ 506485.400000000023283, 174324.200000000011642 ], [ 506483.200000000011642, 174324.200000000011642 ], [ 506481.0, 174324.299999999988358 ], [ 506478.799999999988358, 174324.5 ], [ 506476.900000000023283, 174324.799999999988358 ], [ 506474.700000000011642, 174325.1 ], [ 506472.599999999976717, 174325.6 ], [ 506470.400000000023283, 174326.1 ], [ 506468.299999999988358, 174326.700000000011642 ], [ 506466.200000000011642, 174327.299999999988358 ], [ 506423.299999999988358, 174333.299999999988358 ], [ 506351.700000000011642, 174345.0 ], [ 506292.5, 174357.799999999988358 ], [ 506292.299999999988358, 174357.799999999988358 ], [ 506219.799999999988358, 174377.9 ], [ 506213.700000000011642, 174379.5 ], [ 506196.099999999976717, 174384.1 ], [ 506178.599999999976717, 174389.200000000011642 ], [ 506161.200000000011642, 174394.6 ], [ 506160.099999999976717, 174395.0 ], [ 506157.200000000011642, 174395.9 ], [ 506154.299999999988358, 174396.799999999988358 ], [ 506151.5, 174397.700000000011642 ], [ 506148.599999999976717, 174398.700000000011642 ], [ 506145.799999999988358, 174399.799999999988358 ], [ 506143.400000000023283, 174400.9 ], [ 506140.299999999988358, 174402.4 ], [ 506137.400000000023283, 174404.0 ], [ 506134.400000000023283, 174405.6 ], [ 506132.099999999976717, 174407.0 ], [ 506129.299999999988358, 174408.799999999988358 ], [ 506126.5, 174410.700000000011642 ], [ 506123.700000000011642, 174412.6 ], [ 506121.0, 174414.700000000011642 ], [ 506118.400000000023283, 174416.799999999988358 ], [ 506081.0, 174454.799999999988358 ], [ 506033.299999999988358, 174506.4 ], [ 505981.5, 174557.9 ], [ 505951.400000000023283, 174615.5 ], [ 505951.0, 174616.299999999988358 ], [ 505961.900000000023283, 174619.799999999988358 ], [ 505978.799999999988358, 174625.1 ], [ 505978.400000000023283, 174626.4 ], [ 505978.400000000023283, 174626.5 ], [ 505977.599999999976717, 174628.799999999988358 ], [ 505976.799999999988358, 174631.1 ], [ 505975.900000000023283, 174633.4 ], [ 505974.900000000023283, 174635.6 ], [ 505973.900000000023283, 174637.799999999988358 ], [ 505972.799999999988358, 174639.9 ], [ 505972.200000000011642, 174640.9 ], [ 505970.799999999988358, 174643.4 ], [ 505969.200000000011642, 174645.9 ], [ 505967.5, 174648.299999999988358 ], [ 505965.799999999988358, 174650.6 ], [ 505964.0, 174652.9 ], [ 505962.700000000011642, 174654.5 ], [ 505960.299999999988358, 174657.200000000011642 ], [ 505957.700000000011642, 174659.799999999988358 ], [ 505955.099999999976717, 174662.299999999988358 ], [ 505952.299999999988358, 174664.799999999988358 ], [ 505949.5, 174667.1 ], [ 505946.700000000011642, 174669.4 ], [ 505943.700000000011642, 174671.6 ], [ 505940.799999999988358, 174673.700000000011642 ], [ 505939.900000000023283, 174674.299999999988358 ], [ 505935.599999999976717, 174677.0 ], [ 505931.200000000011642, 174679.6 ], [ 505926.700000000011642, 174682.0 ], [ 505922.099999999976717, 174684.200000000011642 ], [ 505917.400000000023283, 174686.200000000011642 ], [ 505912.700000000011642, 174688.200000000011642 ], [ 505907.900000000023283, 174690.1 ], [ 505904.599999999976717, 174691.299999999988358 ], [ 505898.400000000023283, 174693.4 ], [ 505892.200000000011642, 174695.200000000011642 ], [ 505886.0, 174696.799999999988358 ], [ 505879.599999999976717, 174698.299999999988358 ], [ 505873.299999999988358, 174699.5 ], [ 505866.900000000023283, 174700.6 ], [ 505860.299999999988358, 174701.6 ], [ 505853.900000000023283, 174702.5 ], [ 505847.5, 174703.1 ], [ 505841.0, 174703.700000000011642 ], [ 505834.599999999976717, 174704.0 ], [ 505828.099999999976717, 174704.200000000011642 ], [ 505767.299999999988358, 174704.9 ], [ 505716.099999999976717, 174702.9 ], [ 505669.5, 174698.5 ], [ 505618.099999999976717, 174692.4 ], [ 505602.299999999988358, 174694.799999999988358 ], [ 505551.599999999976717, 174692.0 ], [ 505540.799999999988358, 174683.700000000011642 ], [ 505432.599999999976717, 174678.799999999988358 ], [ 505355.400000000023283, 174677.799999999988358 ], [ 505346.799999999988358, 174677.5 ], [ 505334.799999999988358, 174677.5 ], [ 505322.700000000011642, 174677.700000000011642 ], [ 505310.599999999976717, 174678.1 ], [ 505302.5, 174678.6 ], [ 505285.0, 174680.1 ], [ 505267.599999999976717, 174682.1 ], [ 505256.400000000023283, 174683.5 ], [ 505243.799999999988358, 174685.200000000011642 ], [ 505231.299999999988358, 174687.299999999988358 ], [ 505229.599999999976717, 174687.6 ], [ 505217.099999999976717, 174690.0 ], [ 505204.700000000011642, 174692.6 ], [ 505165.299999999988358, 174704.799999999988358 ], [ 505121.900000000023283, 174717.6 ], [ 505085.900000000023283, 174728.9 ], [ 505085.400000000023283, 174729.1 ], [ 505084.700000000011642, 174729.4 ], [ 505084.0, 174729.6 ], [ 505082.700000000011642, 174730.200000000011642 ], [ 505082.0, 174730.5 ], [ 505081.299999999988358, 174730.700000000011642 ], [ 505080.599999999976717, 174731.0 ], [ 505079.900000000023283, 174731.1 ], [ 505079.200000000011642, 174731.299999999988358 ], [ 505078.5, 174731.299999999988358 ], [ 505077.799999999988358, 174731.299999999988358 ], [ 505075.099999999976717, 174730.9 ], [ 505072.5, 174729.9 ], [ 505069.900000000023283, 174728.9 ], [ 505068.900000000023283, 174728.6 ], [ 505067.400000000023283, 174728.0 ], [ 505065.900000000023283, 174727.299999999988358 ], [ 505064.5, 174726.6 ], [ 505063.099999999976717, 174725.9 ], [ 505061.599999999976717, 174725.200000000011642 ], [ 505060.099999999976717, 174724.5 ], [ 505058.599999999976717, 174724.0 ], [ 505057.099999999976717, 174723.5 ], [ 505055.299999999988358, 174723.1 ], [ 505053.200000000011642, 174722.799999999988358 ], [ 505051.200000000011642, 174722.6 ], [ 505049.200000000011642, 174722.4 ], [ 505047.099999999976717, 174722.4 ], [ 505045.099999999976717, 174722.5 ], [ 505043.0, 174722.6 ], [ 505041.0, 174722.799999999988358 ], [ 505038.900000000023283, 174723.0 ], [ 505036.900000000023283, 174723.299999999988358 ], [ 505035.799999999988358, 174723.5 ], [ 505033.299999999988358, 174724.0 ], [ 505030.900000000023283, 174724.6 ], [ 505028.400000000023283, 174725.4 ], [ 505026.0, 174726.200000000011642 ], [ 505023.599999999976717, 174727.1 ], [ 505021.299999999988358, 174728.1 ], [ 505019.0, 174729.200000000011642 ], [ 505016.700000000011642, 174730.299999999988358 ], [ 505015.700000000011642, 174730.799999999988358 ], [ 505013.5, 174732.0 ], [ 505011.200000000011642, 174733.299999999988358 ], [ 505009.099999999976717, 174734.6 ], [ 505007.0, 174736.0 ], [ 505004.900000000023283, 174737.5 ], [ 505002.799999999988358, 174739.1 ], [ 505000.099999999976717, 174745.200000000011642 ], [ 504995.099999999976717, 174754.6 ], [ 504987.900000000023283, 174767.4 ], [ 504984.5, 174773.1 ], [ 504982.700000000011642, 174775.700000000011642 ], [ 504980.799999999988358, 174778.299999999988358 ], [ 504979.599999999976717, 174779.799999999988358 ], [ 504977.700000000011642, 174782.200000000011642 ], [ 504975.599999999976717, 174784.6 ], [ 504975.400000000023283, 174784.799999999988358 ], [ 504974.599999999976717, 174785.5 ], [ 504973.700000000011642, 174786.200000000011642 ], [ 504972.799999999988358, 174786.799999999988358 ], [ 504971.799999999988358, 174787.4 ], [ 504970.900000000023283, 174788.0 ], [ 504969.0, 174789.1 ], [ 504968.599999999976717, 174789.299999999988358 ], [ 504966.299999999988358, 174790.700000000011642 ], [ 504964.0, 174792.0 ], [ 504961.599999999976717, 174793.200000000011642 ], [ 504959.099999999976717, 174794.299999999988358 ], [ 504956.599999999976717, 174795.4 ], [ 504954.099999999976717, 174796.4 ], [ 504951.599999999976717, 174797.299999999988358 ], [ 504949.099999999976717, 174798.1 ], [ 504947.0, 174798.700000000011642 ], [ 504886.200000000011642, 174827.299999999988358 ], [ 504857.900000000023283, 174841.200000000011642 ], [ 504840.299999999988358, 174855.4 ], [ 504812.900000000023283, 174856.6 ], [ 504795.5, 174856.4 ], [ 504777.700000000011642, 174850.1 ], [ 504768.299999999988358, 174843.5 ], [ 504767.299999999988358, 174842.799999999988358 ], [ 504766.299999999988358, 174842.0 ], [ 504765.400000000023283, 174841.1 ], [ 504764.5, 174840.299999999988358 ], [ 504763.900000000023283, 174839.700000000011642 ], [ 504763.099999999976717, 174838.799999999988358 ], [ 504762.200000000011642, 174837.799999999988358 ], [ 504761.400000000023283, 174836.799999999988358 ], [ 504760.700000000011642, 174835.799999999988358 ], [ 504760.099999999976717, 174834.9 ], [ 504759.599999999976717, 174834.0 ], [ 504759.099999999976717, 174833.0 ], [ 504758.599999999976717, 174832.0 ], [ 504758.099999999976717, 174830.9 ], [ 504757.200000000011642, 174828.799999999988358 ], [ 504756.299999999988358, 174826.6 ], [ 504755.5, 174824.4 ], [ 504755.099999999976717, 174823.299999999988358 ], [ 504737.5, 174824.5 ], [ 504726.099999999976717, 174825.299999999988358 ], [ 504713.299999999988358, 174861.299999999988358 ], [ 504693.400000000023283, 174898.5 ], [ 504677.0, 174925.6 ], [ 504651.299999999988358, 174958.200000000011642 ], [ 504629.400000000023283, 174991.200000000011642 ], [ 504623.299999999988358, 175000.0 ], [ 504616.299999999988358, 175012.799999999988358 ], [ 504602.799999999988358, 175032.1 ], [ 504581.0, 175060.200000000011642 ], [ 504558.799999999988358, 175088.1 ], [ 504528.099999999976717, 175126.200000000011642 ], [ 504498.900000000023283, 175155.9 ], [ 504501.900000000023283, 175171.5 ], [ 504498.200000000011642, 175175.299999999988358 ], [ 504482.400000000023283, 175189.200000000011642 ], [ 504462.700000000011642, 175204.700000000011642 ], [ 504422.0, 175231.6 ], [ 504413.0, 175230.700000000011642 ], [ 504394.5, 175243.799999999988358 ], [ 504368.799999999988358, 175260.5 ], [ 504333.700000000011642, 175277.799999999988358 ], [ 504302.5, 175291.299999999988358 ], [ 504265.400000000023283, 175306.1 ], [ 504226.700000000011642, 175318.299999999988358 ], [ 504189.099999999976717, 175330.4 ], [ 504142.400000000023283, 175340.6 ], [ 504097.0, 175351.4 ], [ 504094.900000000023283, 175351.9 ], [ 504086.400000000023283, 175354.0 ], [ 504077.900000000023283, 175356.200000000011642 ], [ 504069.400000000023283, 175358.299999999988358 ], [ 504060.900000000023283, 175360.299999999988358 ], [ 504052.299999999988358, 175362.1 ], [ 504043.700000000011642, 175363.6 ], [ 504028.799999999988358, 175365.4 ], [ 504007.0, 175366.799999999988358 ], [ 503985.099999999976717, 175367.700000000011642 ], [ 503981.299999999988358, 175367.799999999988358 ], [ 503959.400000000023283, 175368.4 ], [ 503937.599999999976717, 175368.5 ], [ 503933.400000000023283, 175369.200000000011642 ], [ 503928.599999999976717, 175369.799999999988358 ], [ 503923.799999999988358, 175370.4 ], [ 503918.900000000023283, 175370.799999999988358 ], [ 503914.099999999976717, 175371.0 ], [ 503909.200000000011642, 175371.200000000011642 ], [ 503904.400000000023283, 175371.200000000011642 ], [ 503899.5, 175371.0 ], [ 503894.700000000011642, 175370.799999999988358 ], [ 503889.799999999988358, 175370.4 ], [ 503885.0, 175369.9 ], [ 503883.0, 175369.700000000011642 ], [ 503879.700000000011642, 175369.200000000011642 ], [ 503876.400000000023283, 175368.799999999988358 ], [ 503873.200000000011642, 175368.200000000011642 ], [ 503869.900000000023283, 175367.6 ], [ 503866.700000000011642, 175366.9 ], [ 503863.5, 175366.1 ], [ 503860.400000000023283, 175365.200000000011642 ], [ 503859.0, 175364.799999999988358 ], [ 503856.700000000011642, 175364.0 ], [ 503854.5, 175363.299999999988358 ], [ 503852.200000000011642, 175362.5 ], [ 503850.0, 175361.6 ], [ 503847.799999999988358, 175360.700000000011642 ], [ 503845.599999999976717, 175359.700000000011642 ], [ 503843.5, 175358.700000000011642 ], [ 503841.400000000023283, 175357.6 ], [ 503839.299999999988358, 175356.4 ], [ 503837.299999999988358, 175355.1 ], [ 503836.299999999988358, 175354.4 ], [ 503834.099999999976717, 175352.799999999988358 ], [ 503831.900000000023283, 175351.1 ], [ 503829.799999999988358, 175349.4 ], [ 503827.799999999988358, 175347.5 ], [ 503825.900000000023283, 175345.6 ], [ 503824.0, 175343.6 ], [ 503822.099999999976717, 175341.6 ], [ 503820.400000000023283, 175339.5 ], [ 503818.700000000011642, 175337.4 ], [ 503817.299999999988358, 175335.6 ], [ 503815.700000000011642, 175333.4 ], [ 503814.200000000011642, 175331.1 ], [ 503812.700000000011642, 175328.799999999988358 ], [ 503811.299999999988358, 175326.5 ], [ 503810.0, 175324.1 ], [ 503808.799999999988358, 175321.6 ], [ 503801.5, 175302.700000000011642 ], [ 503793.099999999976717, 175291.799999999988358 ], [ 503781.900000000023283, 175272.6 ], [ 503777.099999999976717, 175276.0 ], [ 503756.200000000011642, 175284.5 ], [ 503752.400000000023283, 175284.4 ], [ 503747.900000000023283, 175285.799999999988358 ], [ 503741.799999999988358, 175285.700000000011642 ], [ 503724.799999999988358, 175285.9 ], [ 503711.599999999976717, 175285.6 ], [ 503701.200000000011642, 175286.700000000011642 ], [ 503679.799999999988358, 175290.299999999988358 ], [ 503655.5, 175302.799999999988358 ], [ 503635.700000000011642, 175317.200000000011642 ], [ 503629.5, 175318.9 ], [ 503575.0, 175333.799999999988358 ], [ 503574.200000000011642, 175362.200000000011642 ], [ 503571.299999999988358, 175371.6 ], [ 503569.299999999988358, 175383.5 ], [ 503568.200000000011642, 175398.5 ], [ 503569.5, 175412.9 ], [ 503574.099999999976717, 175430.0 ], [ 503578.599999999976717, 175452.6 ], [ 503580.700000000011642, 175474.4 ], [ 503611.200000000011642, 175520.4 ], [ 503613.299999999988358, 175523.700000000011642 ], [ 503615.0, 175523.4 ], [ 503617.5, 175523.1 ], [ 503619.900000000023283, 175522.9 ], [ 503622.299999999988358, 175522.700000000011642 ], [ 503624.799999999988358, 175522.700000000011642 ], [ 503627.299999999988358, 175522.700000000011642 ], [ 503629.700000000011642, 175522.799999999988358 ], [ 503631.5, 175522.9 ], [ 503634.200000000011642, 175523.200000000011642 ], [ 503636.900000000023283, 175523.5 ], [ 503639.599999999976717, 175524.0 ], [ 503642.200000000011642, 175524.6 ], [ 503644.900000000023283, 175525.200000000011642 ], [ 503647.5, 175525.9 ], [ 503650.099999999976717, 175526.700000000011642 ], [ 503650.400000000023283, 175526.799999999988358 ], [ 503654.0, 175528.1 ], [ 503657.599999999976717, 175529.5 ], [ 503661.0, 175531.200000000011642 ], [ 503664.5, 175533.0 ], [ 503667.799999999988358, 175534.9 ], [ 503671.099999999976717, 175536.9 ], [ 503674.400000000023283, 175539.0 ], [ 503677.599999999976717, 175541.200000000011642 ], [ 503686.900000000023283, 175548.6 ], [ 503695.599999999976717, 175557.299999999988358 ], [ 503703.599999999976717, 175566.6 ], [ 503711.299999999988358, 175576.299999999988358 ], [ 503719.0, 175586.0 ], [ 503719.400000000023283, 175586.5 ], [ 503727.400000000023283, 175596.6 ], [ 503735.200000000011642, 175606.799999999988358 ], [ 503742.799999999988358, 175617.299999999988358 ], [ 503750.099999999976717, 175627.9 ], [ 503757.200000000011642, 175638.6 ], [ 503765.799999999988358, 175652.6 ], [ 503774.400000000023283, 175667.700000000011642 ], [ 503782.700000000011642, 175683.0 ], [ 503790.599999999976717, 175698.5 ], [ 503794.299999999988358, 175705.9 ], [ 503801.0, 175719.799999999988358 ], [ 503807.400000000023283, 175733.799999999988358 ], [ 503813.400000000023283, 175748.0 ], [ 503829.599999999976717, 175791.1 ], [ 503838.0, 175814.1 ], [ 503851.5, 175852.4 ], [ 503857.0, 175869.0 ], [ 503864.799999999988358, 175893.0 ], [ 503872.099999999976717, 175917.1 ], [ 503875.700000000011642, 175930.1 ], [ 503891.900000000023283, 175995.5 ], [ 503894.5, 176006.4 ], [ 503900.099999999976717, 176029.6 ], [ 503905.400000000023283, 176053.0 ], [ 503910.200000000011642, 176076.4 ], [ 503912.400000000023283, 176088.299999999988358 ], [ 503913.0, 176092.200000000011642 ], [ 503916.400000000023283, 176112.299999999988358 ], [ 503919.799999999988358, 176136.4 ], [ 503922.799999999988358, 176160.5 ], [ 503923.200000000011642, 176164.4 ], [ 503925.5, 176188.299999999988358 ], [ 503925.599999999976717, 176188.6 ], [ 503927.400000000023283, 176212.9 ], [ 503932.799999999988358, 176262.1 ], [ 503940.5, 176332.4 ], [ 503949.700000000011642, 176424.799999999988358 ], [ 503952.599999999976717, 176446.0 ], [ 503957.0, 176458.4 ], [ 503968.700000000011642, 176482.299999999988358 ], [ 503971.599999999976717, 176503.700000000011642 ], [ 503973.799999999988358, 176537.5 ], [ 503971.799999999988358, 176549.5 ], [ 503968.900000000023283, 176571.5 ], [ 503968.900000000023283, 176571.6 ], [ 503969.799999999988358, 176593.9 ], [ 503971.900000000023283, 176615.9 ], [ 503975.799999999988358, 176636.1 ], [ 503980.700000000011642, 176657.0 ], [ 503989.599999999976717, 176689.0 ], [ 504002.0, 176735.0 ], [ 504016.5, 176790.700000000011642 ], [ 504035.700000000011642, 176846.4 ], [ 504038.200000000011642, 176853.0 ], [ 504046.0, 176873.700000000011642 ], [ 504049.799999999988358, 176883.799999999988358 ], [ 504069.700000000011642, 176937.799999999988358 ], [ 504069.900000000023283, 176938.299999999988358 ], [ 504083.200000000011642, 176973.799999999988358 ], [ 504097.799999999988358, 177010.9 ], [ 504118.099999999976717, 177052.9 ], [ 504134.700000000011642, 177084.0 ], [ 504157.799999999988358, 177124.700000000011642 ], [ 504177.599999999976717, 177159.0 ], [ 504194.5, 177186.9 ], [ 504220.700000000011642, 177226.200000000011642 ], [ 504259.5, 177289.4 ], [ 504297.799999999988358, 177349.299999999988358 ], [ 504311.099999999976717, 177370.1 ], [ 504316.799999999988358, 177368.700000000011642 ], [ 504320.299999999988358, 177368.799999999988358 ], [ 504322.599999999976717, 177369.700000000011642 ], [ 504323.900000000023283, 177370.799999999988358 ], [ 504325.299999999988358, 177373.700000000011642 ], [ 504325.299999999988358, 177378.9 ], [ 504322.599999999976717, 177387.799999999988358 ], [ 504318.799999999988358, 177395.200000000011642 ], [ 504319.0, 177397.6 ], [ 504320.799999999988358, 177399.6 ], [ 504327.700000000011642, 177402.700000000011642 ], [ 504330.700000000011642, 177405.4 ], [ 504333.700000000011642, 177409.1 ], [ 504335.599999999976717, 177412.4 ], [ 504336.799999999988358, 177415.799999999988358 ], [ 504337.099999999976717, 177418.9 ], [ 504336.5, 177421.799999999988358 ], [ 504335.200000000011642, 177424.5 ], [ 504333.099999999976717, 177426.9 ], [ 504330.200000000011642, 177429.1 ], [ 504324.0, 177431.799999999988358 ], [ 504315.099999999976717, 177431.0 ], [ 504312.900000000023283, 177431.700000000011642 ], [ 504311.200000000011642, 177433.200000000011642 ], [ 504310.5, 177434.9 ], [ 504310.200000000011642, 177436.799999999988358 ], [ 504310.700000000011642, 177444.9 ], [ 504312.5, 177458.5 ], [ 504313.700000000011642, 177464.799999999988358 ], [ 504317.400000000023283, 177477.0 ], [ 504317.700000000011642, 177480.200000000011642 ], [ 504317.299999999988358, 177482.5 ], [ 504314.700000000011642, 177487.1 ], [ 504310.200000000011642, 177491.200000000011642 ], [ 504307.200000000011642, 177492.9 ], [ 504304.5, 177493.700000000011642 ], [ 504300.599999999976717, 177494.0 ], [ 504293.599999999976717, 177493.4 ], [ 504287.5, 177492.4 ], [ 504278.099999999976717, 177489.0 ], [ 504275.700000000011642, 177488.799999999988358 ], [ 504273.799999999988358, 177489.4 ], [ 504271.700000000011642, 177490.700000000011642 ], [ 504269.799999999988358, 177492.700000000011642 ], [ 504267.299999999988358, 177498.299999999988358 ], [ 504267.5, 177499.9 ], [ 504268.599999999976717, 177502.1 ], [ 504275.900000000023283, 177509.9 ], [ 504276.700000000011642, 177513.6 ], [ 504276.099999999976717, 177515.299999999988358 ], [ 504270.299999999988358, 177523.0 ], [ 504269.200000000011642, 177527.200000000011642 ], [ 504269.099999999976717, 177533.299999999988358 ], [ 504269.700000000011642, 177538.299999999988358 ], [ 504272.0, 177544.799999999988358 ], [ 504278.400000000023283, 177555.4 ], [ 504287.799999999988358, 177565.299999999988358 ], [ 504289.200000000011642, 177567.5 ], [ 504290.200000000011642, 177572.0 ], [ 504287.900000000023283, 177583.5 ], [ 504288.200000000011642, 177586.9 ], [ 504289.0, 177588.6 ], [ 504293.299999999988358, 177593.200000000011642 ], [ 504306.599999999976717, 177605.4 ], [ 504309.700000000011642, 177610.299999999988358 ], [ 504310.200000000011642, 177613.1 ], [ 504309.700000000011642, 177616.0 ], [ 504308.0, 177619.0 ], [ 504299.400000000023283, 177626.799999999988358 ], [ 504296.700000000011642, 177631.200000000011642 ], [ 504296.299999999988358, 177632.700000000011642 ], [ 504296.700000000011642, 177647.0 ], [ 504298.900000000023283, 177674.5 ], [ 504297.900000000023283, 177690.700000000011642 ], [ 504298.5, 177693.299999999988358 ], [ 504299.700000000011642, 177695.0 ], [ 504301.400000000023283, 177695.799999999988358 ], [ 504304.099999999976717, 177695.5 ], [ 504306.599999999976717, 177694.5 ], [ 504312.099999999976717, 177688.299999999988358 ], [ 504318.5, 177677.700000000011642 ], [ 504320.099999999976717, 177676.799999999988358 ], [ 504322.5, 177676.9 ], [ 504325.400000000023283, 177678.6 ], [ 504338.200000000011642, 177695.0 ], [ 504340.5, 177696.799999999988358 ], [ 504342.799999999988358, 177697.799999999988358 ], [ 504344.5, 177697.799999999988358 ], [ 504346.299999999988358, 177697.1 ], [ 504349.099999999976717, 177693.4 ], [ 504352.5, 177681.799999999988358 ], [ 504353.700000000011642, 177679.9 ], [ 504355.5, 177679.1 ], [ 504357.200000000011642, 177679.5 ], [ 504358.599999999976717, 177680.5 ], [ 504360.400000000023283, 177683.200000000011642 ], [ 504369.5, 177703.9 ], [ 504377.799999999988358, 177715.4 ], [ 504380.099999999976717, 177720.4 ], [ 504380.5, 177723.1 ], [ 504380.5, 177728.5 ], [ 504378.900000000023283, 177734.200000000011642 ], [ 504376.299999999988358, 177739.4 ], [ 504373.400000000023283, 177742.6 ], [ 504370.5, 177743.9 ], [ 504367.700000000011642, 177743.799999999988358 ], [ 504358.299999999988358, 177739.200000000011642 ], [ 504355.299999999988358, 177738.700000000011642 ], [ 504352.200000000011642, 177739.5 ], [ 504347.299999999988358, 177744.0 ], [ 504335.299999999988358, 177762.0 ], [ 504333.799999999988358, 177766.700000000011642 ], [ 504334.400000000023283, 177769.700000000011642 ], [ 504351.099999999976717, 177786.4 ], [ 504353.799999999988358, 177788.4 ], [ 504355.900000000023283, 177789.299999999988358 ], [ 504365.799999999988358, 177790.799999999988358 ], [ 504370.099999999976717, 177792.9 ], [ 504372.5, 177796.6 ], [ 504375.099999999976717, 177807.5 ], [ 504377.5, 177812.0 ], [ 504383.0, 177816.0 ], [ 504395.200000000011642, 177820.299999999988358 ], [ 504403.400000000023283, 177825.200000000011642 ], [ 504408.599999999976717, 177829.299999999988358 ], [ 504413.599999999976717, 177833.9 ], [ 504419.599999999976717, 177840.6 ], [ 504420.200000000011642, 177840.700000000011642 ], [ 504443.900000000023283, 177821.4 ], [ 504458.0, 177827.5 ], [ 504465.099999999976717, 177831.4 ], [ 504470.5, 177835.4 ], [ 504475.299999999988358, 177839.9 ], [ 504478.599999999976717, 177843.6 ], [ 504482.299999999988358, 177849.9 ], [ 504485.099999999976717, 177855.9 ], [ 504485.599999999976717, 177858.6 ], [ 504485.400000000023283, 177861.1 ], [ 504484.5, 177863.4 ], [ 504483.0, 177865.700000000011642 ], [ 504480.700000000011642, 177867.9 ], [ 504474.599999999976717, 177871.4 ], [ 504472.099999999976717, 177872.0 ], [ 504461.400000000023283, 177871.700000000011642 ], [ 504449.200000000011642, 177874.5 ], [ 504447.5, 177878.5 ], [ 504447.299999999988358, 177879.6 ], [ 504447.0, 177881.6 ], [ 504447.5, 177886.5 ], [ 504448.900000000023283, 177889.0 ], [ 504456.200000000011642, 177898.5 ], [ 504461.299999999988358, 177908.700000000011642 ], [ 504465.299999999988358, 177914.0 ], [ 504469.0, 177915.9 ], [ 504471.700000000011642, 177916.4 ], [ 504478.700000000011642, 177916.5 ], [ 504497.200000000011642, 177915.299999999988358 ], [ 504507.700000000011642, 177913.200000000011642 ], [ 504509.400000000023283, 177913.299999999988358 ], [ 504512.5, 177914.299999999988358 ], [ 504515.0, 177916.0 ], [ 504519.200000000011642, 177921.5 ], [ 504520.900000000023283, 177924.6 ], [ 504521.900000000023283, 177928.0 ], [ 504522.900000000023283, 177942.299999999988358 ], [ 504524.599999999976717, 177947.6 ], [ 504531.200000000011642, 177958.9 ], [ 504544.099999999976717, 177976.0 ], [ 504550.599999999976717, 177985.5 ], [ 504555.400000000023283, 177989.700000000011642 ], [ 504558.5, 177990.700000000011642 ], [ 504569.799999999988358, 177990.5 ], [ 504575.099999999976717, 177992.6 ], [ 504581.5, 177997.700000000011642 ], [ 504585.700000000011642, 178003.6 ], [ 504587.400000000023283, 178010.200000000011642 ], [ 504588.599999999976717, 178029.0 ], [ 504587.700000000011642, 178040.299999999988358 ], [ 504586.599999999976717, 178044.5 ], [ 504582.5, 178053.1 ], [ 504573.900000000023283, 178064.299999999988358 ], [ 504570.099999999976717, 178067.4 ], [ 504561.700000000011642, 178072.1 ], [ 504557.200000000011642, 178076.5 ], [ 504555.900000000023283, 178080.1 ], [ 504555.799999999988358, 178084.1 ], [ 504558.200000000011642, 178091.6 ], [ 504565.400000000023283, 178103.4 ], [ 504573.700000000011642, 178113.6 ], [ 504584.900000000023283, 178124.4 ], [ 504586.799999999988358, 178126.9 ], [ 504588.200000000011642, 178129.700000000011642 ], [ 504588.799999999988358, 178132.5 ], [ 504588.5, 178146.1 ], [ 504589.099999999976717, 178149.799999999988358 ], [ 504590.400000000023283, 178152.799999999988358 ], [ 504592.799999999988358, 178155.299999999988358 ], [ 504595.900000000023283, 178157.4 ], [ 504600.099999999976717, 178159.200000000011642 ], [ 504609.200000000011642, 178161.700000000011642 ], [ 504658.700000000011642, 178162.4 ], [ 504671.299999999988358, 178161.5 ], [ 504678.900000000023283, 178162.200000000011642 ], [ 504681.700000000011642, 178163.200000000011642 ], [ 504693.599999999976717, 178172.0 ], [ 504698.700000000011642, 178174.0 ], [ 504702.200000000011642, 178174.1 ], [ 504706.599999999976717, 178173.5 ], [ 504724.599999999976717, 178168.6 ], [ 504733.400000000023283, 178166.799999999988358 ], [ 504736.299999999988358, 178166.799999999988358 ], [ 504739.200000000011642, 178167.5 ], [ 504741.400000000023283, 178168.9 ], [ 504747.200000000011642, 178177.700000000011642 ], [ 504749.799999999988358, 178180.4 ], [ 504762.0, 178189.200000000011642 ], [ 504770.799999999988358, 178193.9 ], [ 504772.599999999976717, 178194.5 ], [ 504809.299999999988358, 178198.5 ], [ 504818.400000000023283, 178199.9 ], [ 504821.799999999988358, 178201.0 ], [ 504824.5, 178202.799999999988358 ], [ 504825.700000000011642, 178204.0 ], [ 504848.799999999988358, 178250.5 ], [ 504858.700000000011642, 178265.700000000011642 ], [ 504864.299999999988358, 178272.799999999988358 ], [ 504868.799999999988358, 178277.4 ], [ 504873.400000000023283, 178280.6 ], [ 504888.299999999988358, 178286.6 ], [ 504890.900000000023283, 178289.0 ], [ 504892.700000000011642, 178292.1 ], [ 504893.599999999976717, 178295.0 ], [ 504893.799999999988358, 178298.4 ], [ 504893.400000000023283, 178305.0 ], [ 504892.799999999988358, 178309.299999999988358 ], [ 504889.599999999976717, 178319.9 ], [ 504890.0, 178323.700000000011642 ], [ 504892.599999999976717, 178327.0 ], [ 504900.799999999988358, 178331.700000000011642 ], [ 504902.599999999976717, 178333.799999999988358 ], [ 504904.400000000023283, 178337.1 ], [ 504905.400000000023283, 178339.299999999988358 ], [ 504911.099999999976717, 178360.700000000011642 ], [ 504913.200000000011642, 178373.200000000011642 ], [ 504918.799999999988358, 178390.700000000011642 ], [ 504919.200000000011642, 178392.1 ], [ 504922.400000000023283, 178402.200000000011642 ], [ 504926.200000000011642, 178410.4 ], [ 504933.0, 178416.9 ], [ 504946.900000000023283, 178428.4 ], [ 504949.0, 178430.799999999988358 ], [ 504950.900000000023283, 178434.4 ], [ 504952.400000000023283, 178439.700000000011642 ], [ 504953.0, 178444.6 ], [ 504952.799999999988358, 178448.299999999988358 ], [ 504952.200000000011642, 178451.200000000011642 ], [ 504951.099999999976717, 178453.299999999988358 ], [ 504943.0, 178462.9 ], [ 504941.700000000011642, 178465.4 ], [ 504941.5, 178468.6 ], [ 504944.0, 178473.6 ], [ 504946.700000000011642, 178477.1 ], [ 504953.299999999988358, 178482.799999999988358 ], [ 504957.900000000023283, 178485.6 ], [ 504973.599999999976717, 178493.5 ], [ 504976.900000000023283, 178495.9 ], [ 504978.599999999976717, 178498.0 ], [ 504983.700000000011642, 178509.5 ], [ 504988.200000000011642, 178515.1 ], [ 504995.0, 178519.200000000011642 ], [ 505000.0, 178521.799999999988358 ], [ 505000.099999999976717, 178521.799999999988358 ], [ 505005.299999999988358, 178524.5 ], [ 505008.299999999988358, 178527.0 ], [ 505010.200000000011642, 178529.9 ], [ 505010.799999999988358, 178531.700000000011642 ], [ 505003.900000000023283, 178570.799999999988358 ], [ 505003.0, 178581.9 ], [ 505003.299999999988358, 178587.200000000011642 ], [ 505004.200000000011642, 178590.9 ], [ 505009.900000000023283, 178599.9 ], [ 505012.900000000023283, 178607.6 ], [ 505014.200000000011642, 178614.200000000011642 ], [ 505014.400000000023283, 178619.0 ], [ 505013.200000000011642, 178624.700000000011642 ], [ 505008.599999999976717, 178632.5 ], [ 505000.099999999976717, 178641.6 ], [ 504995.099999999976717, 178648.0 ], [ 504989.400000000023283, 178656.1 ], [ 504986.599999999976717, 178662.799999999988358 ], [ 504984.299999999988358, 178675.299999999988358 ], [ 504979.099999999976717, 178687.200000000011642 ], [ 504976.299999999988358, 178691.1 ], [ 504973.400000000023283, 178693.6 ], [ 504970.700000000011642, 178695.1 ], [ 504960.5, 178697.299999999988358 ], [ 504957.299999999988358, 178699.299999999988358 ], [ 504952.5, 178704.700000000011642 ], [ 504951.299999999988358, 178707.4 ], [ 504951.099999999976717, 178710.200000000011642 ], [ 504951.799999999988358, 178712.299999999988358 ], [ 504953.5, 178713.9 ], [ 504961.299999999988358, 178717.200000000011642 ], [ 504963.700000000011642, 178719.5 ], [ 504964.700000000011642, 178726.0 ], [ 504963.799999999988358, 178745.1 ], [ 504964.599999999976717, 178749.799999999988358 ], [ 504966.200000000011642, 178754.9 ], [ 504968.599999999976717, 178760.0 ], [ 504971.5, 178764.0 ], [ 504980.200000000011642, 178770.9 ], [ 504982.799999999988358, 178773.6 ], [ 504984.799999999988358, 178777.200000000011642 ], [ 504988.0, 178785.299999999988358 ], [ 504990.900000000023283, 178795.0 ], [ 504992.599999999976717, 178805.1 ], [ 504993.299999999988358, 178812.9 ], [ 504993.0, 178815.799999999988358 ], [ 504992.099999999976717, 178818.4 ], [ 504990.599999999976717, 178820.5 ], [ 504988.299999999988358, 178822.200000000011642 ], [ 504982.799999999988358, 178823.700000000011642 ], [ 504971.5, 178823.700000000011642 ], [ 504957.099999999976717, 178821.700000000011642 ], [ 504944.599999999976717, 178822.5 ], [ 504941.700000000011642, 178823.5 ], [ 504936.5, 178827.4 ], [ 504933.900000000023283, 178832.1 ], [ 504928.5, 178848.299999999988358 ], [ 504927.799999999988358, 178852.700000000011642 ], [ 504927.799999999988358, 178856.4 ], [ 504929.0, 178861.700000000011642 ], [ 504932.599999999976717, 178871.5 ], [ 504941.0, 178889.5 ], [ 504962.900000000023283, 178921.4 ], [ 504976.099999999976717, 178938.799999999988358 ], [ 504986.200000000011642, 178950.9 ], [ 504988.400000000023283, 178954.5 ], [ 504993.700000000011642, 178967.5 ], [ 504994.700000000011642, 178974.700000000011642 ], [ 504994.400000000023283, 178977.1 ], [ 504990.599999999976717, 178988.700000000011642 ], [ 504990.599999999976717, 178990.9 ], [ 504991.400000000023283, 178993.9 ], [ 504993.099999999976717, 178997.6 ], [ 504995.5, 179001.0 ], [ 505000.0, 179000.6 ], [ 505000.099999999976717, 179000.5 ], [ 505020.099999999976717, 179017.9 ], [ 505025.799999999988358, 179025.200000000011642 ], [ 505027.099999999976717, 179026.200000000011642 ], [ 505029.299999999988358, 179027.0 ], [ 505031.400000000023283, 179026.6 ], [ 505033.099999999976717, 179025.4 ], [ 505037.700000000011642, 179018.5 ], [ 505041.5, 179015.200000000011642 ], [ 505046.0, 179012.299999999988358 ], [ 505048.299999999988358, 179011.5 ], [ 505053.200000000011642, 179011.799999999988358 ], [ 505061.700000000011642, 179014.9 ], [ 505064.299999999988358, 179015.4 ], [ 505076.5, 179015.5 ], [ 505081.0, 179016.700000000011642 ], [ 505084.5, 179018.799999999988358 ], [ 505087.799999999988358, 179022.0 ], [ 505091.200000000011642, 179026.6 ], [ 505093.700000000011642, 179031.6 ], [ 505095.099999999976717, 179036.299999999988358 ], [ 505095.700000000011642, 179040.700000000011642 ], [ 505095.400000000023283, 179044.4 ], [ 505086.900000000023283, 179071.299999999988358 ], [ 505088.200000000011642, 179081.299999999988358 ], [ 505090.200000000011642, 179085.299999999988358 ], [ 505092.5, 179087.799999999988358 ], [ 505094.5, 179089.1 ], [ 505098.400000000023283, 179090.5 ], [ 505104.799999999988358, 179091.700000000011642 ], [ 505111.099999999976717, 179091.9 ], [ 505116.400000000023283, 179091.200000000011642 ], [ 505121.700000000011642, 179089.700000000011642 ], [ 505127.5, 179087.299999999988358 ], [ 505132.5, 179084.700000000011642 ], [ 505144.200000000011642, 179076.9 ], [ 505150.0, 179074.1 ], [ 505154.400000000023283, 179072.799999999988358 ], [ 505158.599999999976717, 179072.799999999988358 ], [ 505163.299999999988358, 179074.1 ], [ 505167.799999999988358, 179076.799999999988358 ], [ 505171.099999999976717, 179080.1 ], [ 505172.799999999988358, 179083.0 ], [ 505173.799999999988358, 179085.9 ], [ 505174.400000000023283, 179096.0 ], [ 505173.900000000023283, 179098.4 ], [ 505169.5, 179108.4 ], [ 505168.200000000011642, 179115.299999999988358 ], [ 505169.400000000023283, 179128.1 ], [ 505169.400000000023283, 179133.299999999988358 ], [ 505166.299999999988358, 179160.1 ], [ 505165.200000000011642, 179175.0 ], [ 505165.099999999976717, 179181.5 ], [ 505165.599999999976717, 179184.6 ], [ 505166.599999999976717, 179187.200000000011642 ], [ 505168.099999999976717, 179189.1 ], [ 505178.700000000011642, 179195.700000000011642 ], [ 505180.599999999976717, 179197.700000000011642 ], [ 505182.799999999988358, 179201.1 ], [ 505184.099999999976717, 179204.0 ], [ 505185.799999999988358, 179207.5 ], [ 505188.099999999976717, 179214.1 ], [ 505191.200000000011642, 179226.799999999988358 ], [ 505192.299999999988358, 179229.299999999988358 ], [ 505195.799999999988358, 179234.0 ], [ 505203.900000000023283, 179242.299999999988358 ], [ 505212.400000000023283, 179254.700000000011642 ], [ 505219.5, 179261.700000000011642 ], [ 505225.799999999988358, 179266.0 ], [ 505237.900000000023283, 179271.4 ], [ 505239.599999999976717, 179273.1 ], [ 505240.799999999988358, 179275.5 ], [ 505241.400000000023283, 179278.200000000011642 ], [ 505240.900000000023283, 179303.0 ], [ 505241.299999999988358, 179306.799999999988358 ], [ 505242.599999999976717, 179310.4 ], [ 505244.700000000011642, 179313.9 ], [ 505248.799999999988358, 179318.9 ], [ 505259.200000000011642, 179329.700000000011642 ], [ 505262.200000000011642, 179334.700000000011642 ], [ 505262.299999999988358, 179336.4 ], [ 505261.200000000011642, 179341.1 ], [ 505254.799999999988358, 179350.9 ], [ 505253.599999999976717, 179354.1 ], [ 505253.400000000023283, 179357.0 ], [ 505254.099999999976717, 179359.5 ], [ 505255.5, 179362.0 ], [ 505270.5, 179379.6 ], [ 505271.299999999988358, 179381.9 ], [ 505271.700000000011642, 179385.4 ], [ 505271.200000000011642, 179388.5 ], [ 505268.400000000023283, 179394.200000000011642 ], [ 505266.5, 179396.299999999988358 ], [ 505264.400000000023283, 179397.700000000011642 ], [ 505253.599999999976717, 179401.700000000011642 ], [ 505245.0, 179406.5 ], [ 505241.200000000011642, 179409.6 ], [ 505238.799999999988358, 179412.5 ], [ 505237.099999999976717, 179415.799999999988358 ], [ 505235.799999999988358, 179419.9 ], [ 505235.0, 179425.200000000011642 ], [ 505234.799999999988358, 179431.0 ], [ 505235.400000000023283, 179436.299999999988358 ], [ 505236.700000000011642, 179440.9 ], [ 505240.5, 179446.9 ], [ 505254.5, 179461.6 ], [ 505256.799999999988358, 179467.0 ], [ 505257.099999999976717, 179470.9 ], [ 505256.599999999976717, 179474.299999999988358 ], [ 505255.5, 179477.5 ], [ 505253.900000000023283, 179480.4 ], [ 505251.799999999988358, 179482.700000000011642 ], [ 505230.0, 179496.1 ], [ 505229.200000000011642, 179497.700000000011642 ], [ 505228.700000000011642, 179500.6 ], [ 505228.900000000023283, 179503.6 ], [ 505241.099999999976717, 179547.700000000011642 ], [ 505243.5, 179551.4 ], [ 505245.599999999976717, 179553.1 ], [ 505257.099999999976717, 179559.799999999988358 ], [ 505259.0, 179561.9 ], [ 505260.099999999976717, 179564.5 ], [ 505260.599999999976717, 179568.1 ], [ 505260.400000000023283, 179571.799999999988358 ], [ 505257.0, 179586.200000000011642 ], [ 505256.900000000023283, 179589.5 ], [ 505258.0, 179593.6 ], [ 505260.599999999976717, 179599.5 ], [ 505264.099999999976717, 179605.200000000011642 ], [ 505267.400000000023283, 179609.1 ], [ 505270.700000000011642, 179611.799999999988358 ], [ 505273.799999999988358, 179613.5 ], [ 505279.099999999976717, 179614.799999999988358 ], [ 505283.700000000011642, 179614.1 ], [ 505294.299999999988358, 179609.0 ], [ 505299.799999999988358, 179607.700000000011642 ], [ 505310.099999999976717, 179607.0 ], [ 505313.200000000011642, 179607.6 ], [ 505315.900000000023283, 179608.9 ], [ 505317.799999999988358, 179610.5 ], [ 505319.099999999976717, 179612.6 ], [ 505320.0, 179615.4 ], [ 505320.400000000023283, 179628.4 ], [ 505322.700000000011642, 179652.1 ], [ 505330.700000000011642, 179683.5 ], [ 505332.799999999988358, 179700.799999999988358 ], [ 505334.0, 179703.700000000011642 ], [ 505336.299999999988358, 179707.5 ], [ 505338.700000000011642, 179709.9 ], [ 505342.400000000023283, 179712.4 ], [ 505351.799999999988358, 179717.299999999988358 ], [ 505362.599999999976717, 179720.5 ], [ 505366.200000000011642, 179723.1 ], [ 505367.299999999988358, 179725.299999999988358 ], [ 505368.200000000011642, 179731.700000000011642 ], [ 505366.900000000023283, 179742.6 ], [ 505367.400000000023283, 179767.4 ], [ 505367.0, 179778.700000000011642 ], [ 505365.099999999976717, 179786.9 ], [ 505363.299999999988358, 179790.9 ], [ 505360.299999999988358, 179795.9 ], [ 505356.5, 179800.9 ], [ 505352.0, 179805.4 ], [ 505347.299999999988358, 179809.1 ], [ 505339.599999999976717, 179813.200000000011642 ], [ 505326.900000000023283, 179815.5 ], [ 505323.599999999976717, 179816.700000000011642 ], [ 505319.299999999988358, 179818.9 ], [ 505315.200000000011642, 179821.799999999988358 ], [ 505312.5, 179824.6 ], [ 505310.700000000011642, 179827.700000000011642 ], [ 505309.400000000023283, 179831.299999999988358 ], [ 505308.799999999988358, 179836.0 ], [ 505308.900000000023283, 179843.9 ], [ 505309.5, 179850.9 ], [ 505310.5, 179854.299999999988358 ], [ 505312.200000000011642, 179856.799999999988358 ], [ 505316.0, 179859.200000000011642 ], [ 505335.599999999976717, 179862.700000000011642 ], [ 505341.200000000011642, 179866.4 ], [ 505342.400000000023283, 179868.299999999988358 ], [ 505343.400000000023283, 179871.5 ], [ 505343.799999999988358, 179876.0 ], [ 505342.799999999988358, 179881.1 ], [ 505340.5, 179886.299999999988358 ], [ 505338.400000000023283, 179889.5 ], [ 505336.700000000011642, 179890.9 ], [ 505333.5, 179892.299999999988358 ], [ 505321.099999999976717, 179894.299999999988358 ], [ 505317.900000000023283, 179895.200000000011642 ], [ 505314.5, 179896.9 ], [ 505305.599999999976717, 179903.0 ], [ 505296.299999999988358, 179912.1 ], [ 505291.700000000011642, 179919.200000000011642 ], [ 505290.700000000011642, 179922.799999999988358 ], [ 505291.0, 179935.4 ], [ 505288.599999999976717, 179945.700000000011642 ], [ 505285.5, 179952.200000000011642 ], [ 505283.299999999988358, 179954.799999999988358 ], [ 505280.799999999988358, 179956.6 ], [ 505271.099999999976717, 179960.700000000011642 ], [ 505266.099999999976717, 179964.1 ], [ 505260.200000000011642, 179969.0 ], [ 505256.5, 179973.299999999988358 ], [ 505253.400000000023283, 179978.799999999988358 ], [ 505250.0, 179986.9 ], [ 505242.799999999988358, 180000.0 ], [ 505237.799999999988358, 180018.299999999988358 ], [ 505224.400000000023283, 180026.9 ], [ 505219.700000000011642, 180030.4 ], [ 505216.0, 180033.9 ], [ 505199.400000000023283, 180051.6 ], [ 505176.599999999976717, 180072.299999999988358 ], [ 505199.599999999976717, 180074.200000000011642 ], [ 505195.599999999976717, 180097.799999999988358 ], [ 505194.5, 180104.5 ], [ 505183.5, 180116.200000000011642 ], [ 505182.099999999976717, 180117.299999999988358 ], [ 505159.299999999988358, 180107.1 ], [ 505143.799999999988358, 180111.299999999988358 ], [ 505135.799999999988358, 180147.4 ], [ 505107.099999999976717, 180146.1 ], [ 505068.900000000023283, 180188.1 ], [ 505055.599999999976717, 180183.700000000011642 ], [ 505027.0, 180202.299999999988358 ], [ 505000.099999999976717, 180214.4 ], [ 504994.700000000011642, 180221.5 ], [ 504992.5, 180224.4 ], [ 504976.099999999976717, 180236.700000000011642 ], [ 504970.200000000011642, 180240.700000000011642 ], [ 504962.099999999976717, 180244.799999999988358 ], [ 504955.599999999976717, 180246.0 ], [ 504947.5, 180245.799999999988358 ], [ 504941.5, 180245.4 ], [ 504928.799999999988358, 180243.4 ], [ 504925.200000000011642, 180243.200000000011642 ], [ 504921.099999999976717, 180243.799999999988358 ], [ 504914.700000000011642, 180245.4 ], [ 504907.799999999988358, 180248.299999999988358 ], [ 504903.5, 180250.9 ], [ 504901.0, 180253.1 ], [ 504897.200000000011642, 180258.4 ], [ 504896.0, 180261.299999999988358 ], [ 504894.0, 180275.700000000011642 ], [ 504885.900000000023283, 180299.700000000011642 ], [ 504883.299999999988358, 180313.799999999988358 ], [ 504882.799999999988358, 180322.0 ], [ 504883.0, 180325.0 ], [ 504884.299999999988358, 180329.799999999988358 ], [ 504886.700000000011642, 180333.9 ], [ 504896.200000000011642, 180344.6 ], [ 504899.0, 180350.9 ], [ 504900.5, 180361.5 ], [ 504899.700000000011642, 180384.1 ], [ 504897.200000000011642, 180403.4 ], [ 504889.799999999988358, 180438.1 ], [ 504884.0, 180459.0 ], [ 504883.5, 180468.1 ], [ 504886.200000000011642, 180477.200000000011642 ], [ 504902.900000000023283, 180508.4 ], [ 504904.599999999976717, 180512.5 ], [ 504906.299999999988358, 180518.5 ], [ 504907.799999999988358, 180526.5 ], [ 504908.200000000011642, 180533.9 ], [ 504907.799999999988358, 180538.9 ], [ 504907.0, 180542.4 ], [ 504903.099999999976717, 180551.200000000011642 ], [ 504893.400000000023283, 180565.4 ], [ 504878.099999999976717, 180584.200000000011642 ], [ 504843.700000000011642, 180629.6 ], [ 504834.599999999976717, 180640.6 ], [ 504823.400000000023283, 180652.0 ], [ 504815.799999999988358, 180658.0 ], [ 504812.900000000023283, 180659.6 ], [ 504799.599999999976717, 180663.299999999988358 ], [ 504796.5, 180664.799999999988358 ], [ 504795.0, 180665.799999999988358 ], [ 504790.599999999976717, 180671.200000000011642 ], [ 504788.799999999988358, 180674.4 ], [ 504781.299999999988358, 180692.200000000011642 ], [ 504759.700000000011642, 180725.299999999988358 ], [ 504752.400000000023283, 180737.5 ], [ 504747.900000000023283, 180746.6 ], [ 504742.700000000011642, 180760.799999999988358 ], [ 504741.200000000011642, 180770.0 ], [ 504741.200000000011642, 180785.799999999988358 ], [ 504740.400000000023283, 180792.1 ], [ 504737.900000000023283, 180801.700000000011642 ], [ 504733.400000000023283, 180815.9 ], [ 504728.700000000011642, 180828.9 ], [ 504724.400000000023283, 180839.0 ], [ 504719.299999999988358, 180849.4 ], [ 504710.0, 180865.9 ], [ 504708.0, 180872.0 ], [ 504707.5, 180876.6 ], [ 504707.5, 180883.6 ], [ 504708.700000000011642, 180895.0 ], [ 504723.599999999976717, 180966.6 ], [ 504735.599999999976717, 181016.299999999988358 ], [ 504741.700000000011642, 181038.700000000011642 ], [ 504751.400000000023283, 181071.299999999988358 ], [ 504752.299999999988358, 181075.4 ], [ 504753.299999999988358, 181080.1 ], [ 504754.900000000023283, 181086.1 ], [ 504757.700000000011642, 181092.9 ], [ 504765.599999999976717, 181107.299999999988358 ], [ 504780.5, 181127.700000000011642 ], [ 504786.599999999976717, 181134.5 ], [ 504791.799999999988358, 181139.4 ], [ 504809.0, 181152.1 ], [ 504817.599999999976717, 181159.700000000011642 ], [ 504823.799999999988358, 181166.6 ], [ 504827.900000000023283, 181172.799999999988358 ], [ 504830.099999999976717, 181177.6 ], [ 504833.700000000011642, 181190.9 ], [ 504835.299999999988358, 181200.9 ], [ 504837.099999999976717, 181218.700000000011642 ], [ 504837.5, 181250.9 ], [ 504837.0, 181257.9 ], [ 504836.299999999988358, 181262.799999999988358 ], [ 504834.700000000011642, 181268.4 ], [ 504831.599999999976717, 181275.299999999988358 ], [ 504827.900000000023283, 181281.0 ], [ 504824.0, 181285.700000000011642 ], [ 504819.599999999976717, 181290.0 ], [ 504814.799999999988358, 181293.9 ], [ 504811.0, 181296.5 ], [ 504798.299999999988358, 181301.4 ], [ 504795.099999999976717, 181303.1 ], [ 504791.799999999988358, 181306.0 ], [ 504787.599999999976717, 181311.4 ], [ 504783.799999999988358, 181318.299999999988358 ], [ 504781.099999999976717, 181325.299999999988358 ], [ 504779.299999999988358, 181332.700000000011642 ], [ 504778.599999999976717, 181341.0 ], [ 504778.900000000023283, 181349.299999999988358 ], [ 504780.0, 181358.299999999988358 ], [ 504781.700000000011642, 181366.4 ], [ 504788.799999999988358, 181386.799999999988358 ], [ 504813.0, 181442.700000000011642 ], [ 504817.200000000011642, 181455.799999999988358 ], [ 504818.799999999988358, 181462.5 ], [ 504821.0, 181475.700000000011642 ], [ 504822.099999999976717, 181490.700000000011642 ], [ 504815.0, 181557.9 ], [ 504814.599999999976717, 181568.4 ], [ 504831.0, 181669.799999999988358 ], [ 504833.900000000023283, 181698.299999999988358 ], [ 504834.599999999976717, 181709.9 ], [ 504834.599999999976717, 181717.9 ], [ 504833.799999999988358, 181727.799999999988358 ], [ 504831.900000000023283, 181739.299999999988358 ], [ 504829.099999999976717, 181750.6 ], [ 504825.200000000011642, 181761.4 ], [ 504812.200000000011642, 181789.6 ], [ 504803.700000000011642, 181810.4 ], [ 504797.0, 181827.799999999988358 ], [ 504793.200000000011642, 181841.5 ], [ 504790.200000000011642, 181861.799999999988358 ], [ 504789.0, 181882.6 ], [ 504789.099999999976717, 181892.4 ], [ 504791.299999999988358, 181915.799999999988358 ], [ 504792.799999999988358, 181923.9 ], [ 504798.200000000011642, 181945.0 ], [ 504803.0, 181956.6 ], [ 504805.700000000011642, 181961.0 ], [ 504807.900000000023283, 181963.6 ], [ 504813.799999999988358, 181968.1 ], [ 504831.0, 181977.0 ], [ 504839.599999999976717, 181982.799999999988358 ], [ 504845.5, 181987.0 ], [ 504852.0, 181993.299999999988358 ], [ 504855.5, 181998.700000000011642 ], [ 504865.400000000023283, 182017.1 ], [ 504876.700000000011642, 182035.299999999988358 ], [ 504883.200000000011642, 182048.5 ], [ 504892.599999999976717, 182074.4 ], [ 504907.299999999988358, 182128.6 ], [ 504914.099999999976717, 182159.200000000011642 ], [ 504914.900000000023283, 182165.200000000011642 ], [ 504915.599999999976717, 182180.700000000011642 ], [ 504913.5, 182210.6 ], [ 504912.5, 182218.6 ], [ 504911.400000000023283, 182223.9 ], [ 504906.599999999976717, 182236.4 ], [ 504884.700000000011642, 182274.6 ], [ 504863.0, 182319.9 ], [ 504859.700000000011642, 182326.799999999988358 ], [ 504851.400000000023283, 182346.1 ], [ 504846.799999999988358, 182361.200000000011642 ], [ 504845.799999999988358, 182369.0 ], [ 504845.599999999976717, 182380.799999999988358 ], [ 504845.700000000011642, 182389.200000000011642 ], [ 504847.099999999976717, 182411.299999999988358 ], [ 504846.599999999976717, 182424.4 ], [ 504843.700000000011642, 182444.4 ], [ 504842.0, 182455.799999999988358 ], [ 504839.5, 182466.5 ], [ 504838.200000000011642, 182470.6 ], [ 504829.599999999976717, 182489.5 ], [ 504827.400000000023283, 182495.9 ], [ 504824.099999999976717, 182511.700000000011642 ], [ 504823.599999999976717, 182517.9 ], [ 504824.0, 182522.700000000011642 ], [ 504827.5, 182536.4 ], [ 504827.400000000023283, 182539.4 ], [ 504826.299999999988358, 182542.6 ], [ 504824.099999999976717, 182545.6 ], [ 504821.099999999976717, 182547.799999999988358 ], [ 504810.099999999976717, 182553.0 ], [ 504806.799999999988358, 182555.299999999988358 ], [ 504804.599999999976717, 182557.700000000011642 ], [ 504803.299999999988358, 182560.200000000011642 ], [ 504802.599999999976717, 182566.4 ], [ 504805.0, 182579.799999999988358 ], [ 504804.799999999988358, 182583.4 ], [ 504803.599999999976717, 182586.200000000011642 ], [ 504801.400000000023283, 182588.4 ], [ 504798.299999999988358, 182589.5 ], [ 504795.0, 182589.6 ], [ 504783.700000000011642, 182586.799999999988358 ], [ 504780.900000000023283, 182586.799999999988358 ], [ 504779.200000000011642, 182587.4 ], [ 504777.599999999976717, 182588.799999999988358 ], [ 504776.099999999976717, 182590.9 ], [ 504775.400000000023283, 182594.700000000011642 ], [ 504777.099999999976717, 182607.5 ], [ 504776.700000000011642, 182610.1 ], [ 504774.099999999976717, 182615.4 ], [ 504765.900000000023283, 182625.299999999988358 ], [ 504761.5, 182634.4 ], [ 504752.900000000023283, 182661.200000000011642 ], [ 504750.0, 182674.700000000011642 ], [ 504748.700000000011642, 182686.4 ], [ 504748.5, 182693.799999999988358 ], [ 504749.0, 182698.5 ], [ 504751.799999999988358, 182707.700000000011642 ], [ 504756.0, 182716.799999999988358 ], [ 504760.299999999988358, 182725.799999999988358 ], [ 504767.400000000023283, 182737.9 ], [ 504778.599999999976717, 182752.0 ], [ 504784.099999999976717, 182758.0 ], [ 504794.200000000011642, 182766.299999999988358 ], [ 504796.200000000011642, 182768.799999999988358 ], [ 504797.099999999976717, 182770.6 ], [ 504797.0, 182774.1 ], [ 504795.900000000023283, 182776.4 ], [ 504793.599999999976717, 182779.299999999988358 ], [ 504791.799999999988358, 182780.799999999988358 ], [ 504786.200000000011642, 182783.200000000011642 ], [ 504758.5, 182785.9 ], [ 504753.299999999988358, 182787.299999999988358 ], [ 504749.299999999988358, 182789.299999999988358 ], [ 504746.299999999988358, 182791.700000000011642 ], [ 504742.299999999988358, 182796.1 ], [ 504737.200000000011642, 182803.799999999988358 ], [ 504734.799999999988358, 182808.299999999988358 ], [ 504732.900000000023283, 182812.9 ], [ 504729.599999999976717, 182824.0 ], [ 504725.200000000011642, 182843.6 ], [ 504723.299999999988358, 182848.700000000011642 ], [ 504718.0, 182857.0 ], [ 504708.299999999988358, 182867.1 ], [ 504657.700000000011642, 182908.700000000011642 ], [ 504626.799999999988358, 182931.700000000011642 ], [ 504609.5, 182943.200000000011642 ], [ 504601.599999999976717, 182949.799999999988358 ], [ 504595.700000000011642, 182956.799999999988358 ], [ 504583.299999999988358, 182977.9 ], [ 504568.299999999988358, 182996.299999999988358 ], [ 504562.400000000023283, 183004.700000000011642 ], [ 504552.099999999976717, 183023.1 ], [ 504548.900000000023283, 183030.4 ], [ 504544.900000000023283, 183041.700000000011642 ], [ 504539.200000000011642, 183068.1 ], [ 504525.700000000011642, 183099.4 ], [ 504516.299999999988358, 183124.5 ], [ 504512.299999999988358, 183133.299999999988358 ], [ 504501.200000000011642, 183151.200000000011642 ], [ 504497.200000000011642, 183156.799999999988358 ], [ 504476.400000000023283, 183179.5 ], [ 504472.400000000023283, 183185.1 ], [ 504461.799999999988358, 183203.200000000011642 ], [ 504457.5, 183209.5 ], [ 504447.400000000023283, 183220.4 ], [ 504445.099999999976717, 183223.4 ], [ 504443.400000000023283, 183226.700000000011642 ], [ 504441.700000000011642, 183231.5 ], [ 504439.900000000023283, 183242.0 ], [ 504439.799999999988358, 183254.9 ], [ 504441.0, 183262.5 ], [ 504442.0, 183264.799999999988358 ], [ 504455.099999999976717, 183281.1 ], [ 504459.400000000023283, 183285.4 ], [ 504462.900000000023283, 183290.1 ], [ 504468.299999999988358, 183300.5 ], [ 504470.799999999988358, 183303.5 ], [ 504472.799999999988358, 183305.200000000011642 ], [ 504481.299999999988358, 183312.299999999988358 ], [ 504483.799999999988358, 183315.0 ], [ 504488.299999999988358, 183320.9 ], [ 504495.900000000023283, 183335.4 ], [ 504516.0, 183388.5 ], [ 504547.400000000023283, 183450.9 ], [ 504553.299999999988358, 183464.4 ], [ 504558.0, 183477.700000000011642 ], [ 504561.200000000011642, 183489.9 ], [ 504563.5, 183507.9 ], [ 504563.599999999976717, 183518.0 ], [ 504563.700000000011642, 183525.299999999988358 ], [ 504564.400000000023283, 183528.0 ], [ 504566.099999999976717, 183531.200000000011642 ], [ 504571.400000000023283, 183538.0 ], [ 504577.900000000023283, 183543.0 ], [ 504595.299999999988358, 183551.4 ], [ 504603.700000000011642, 183554.799999999988358 ], [ 504624.900000000023283, 183561.4 ], [ 504644.400000000023283, 183565.200000000011642 ], [ 504654.400000000023283, 183568.9 ], [ 504663.400000000023283, 183573.5 ], [ 504671.599999999976717, 183578.9 ], [ 504682.700000000011642, 183589.200000000011642 ], [ 504688.099999999976717, 183596.9 ], [ 504689.5, 183600.4 ], [ 504690.299999999988358, 183604.200000000011642 ], [ 504690.400000000023283, 183606.5 ], [ 504689.400000000023283, 183613.5 ], [ 504679.700000000011642, 183647.200000000011642 ], [ 504676.200000000011642, 183657.200000000011642 ], [ 504667.599999999976717, 183676.0 ], [ 504666.099999999976717, 183682.200000000011642 ], [ 504665.599999999976717, 183688.299999999988358 ], [ 504665.900000000023283, 183693.799999999988358 ], [ 504670.0, 183718.799999999988358 ], [ 504679.0, 183758.1 ], [ 504682.099999999976717, 183767.1 ], [ 504691.599999999976717, 183786.1 ], [ 504698.099999999976717, 183804.799999999988358 ], [ 504700.799999999988358, 183816.9 ], [ 504702.400000000023283, 183829.1 ], [ 504702.799999999988358, 183834.9 ], [ 504702.799999999988358, 183856.299999999988358 ], [ 504703.5, 183861.700000000011642 ], [ 504704.799999999988358, 183867.799999999988358 ], [ 504716.099999999976717, 183903.799999999988358 ], [ 504718.200000000011642, 183908.799999999988358 ], [ 504723.900000000023283, 183917.9 ], [ 504728.200000000011642, 183922.9 ], [ 504735.099999999976717, 183930.0 ], [ 504746.700000000011642, 183959.5 ], [ 504750.700000000011642, 183975.0 ], [ 504751.400000000023283, 183979.9 ], [ 504751.200000000011642, 183984.1 ], [ 504750.299999999988358, 183987.700000000011642 ], [ 504748.700000000011642, 183991.0 ], [ 504746.0, 183994.6 ], [ 504742.700000000011642, 183997.700000000011642 ], [ 504738.799999999988358, 184000.299999999988358 ], [ 504731.5, 184003.6 ], [ 504728.5, 184004.1 ], [ 504716.299999999988358, 184003.9 ], [ 504710.099999999976717, 184005.4 ], [ 504705.099999999976717, 184007.299999999988358 ], [ 504701.200000000011642, 184009.4 ], [ 504698.200000000011642, 184012.0 ], [ 504696.299999999988358, 184014.9 ], [ 504695.5, 184018.9 ], [ 504695.5, 184021.6 ], [ 504698.200000000011642, 184037.299999999988358 ], [ 504696.700000000011642, 184056.0 ], [ 504698.299999999988358, 184064.0 ], [ 504703.099999999976717, 184075.9 ], [ 504704.200000000011642, 184080.200000000011642 ], [ 504705.200000000011642, 184094.5 ], [ 504706.5, 184098.4 ], [ 504709.0, 184103.6 ], [ 504712.099999999976717, 184108.4 ], [ 504715.5, 184112.0 ], [ 504719.200000000011642, 184114.5 ], [ 504721.299999999988358, 184115.299999999988358 ], [ 504765.700000000011642, 184106.0 ], [ 504775.900000000023283, 184104.799999999988358 ], [ 504785.799999999988358, 184104.4 ], [ 504795.799999999988358, 184104.799999999988358 ], [ 504804.5, 184105.799999999988358 ], [ 504810.5, 184107.200000000011642 ], [ 504823.0, 184112.0 ], [ 504829.200000000011642, 184115.299999999988358 ], [ 504838.900000000023283, 184122.200000000011642 ], [ 504845.900000000023283, 184129.6 ], [ 504850.099999999976717, 184135.4 ], [ 504853.299999999988358, 184141.5 ], [ 504854.799999999988358, 184146.799999999988358 ], [ 504855.0, 184152.200000000011642 ], [ 504854.200000000011642, 184157.799999999988358 ], [ 504852.099999999976717, 184164.4 ], [ 504849.700000000011642, 184170.1 ], [ 504842.5, 184181.299999999988358 ], [ 504839.400000000023283, 184188.4 ], [ 504836.599999999976717, 184198.9 ], [ 504833.799999999988358, 184216.700000000011642 ], [ 504834.200000000011642, 184223.799999999988358 ], [ 504835.799999999988358, 184227.4 ], [ 504838.099999999976717, 184229.9 ], [ 504840.5, 184231.299999999988358 ], [ 504848.700000000011642, 184233.6 ], [ 504860.299999999988358, 184236.0 ], [ 504880.200000000011642, 184237.799999999988358 ], [ 504901.299999999988358, 184237.700000000011642 ], [ 504907.599999999976717, 184238.6 ], [ 504912.5, 184240.700000000011642 ], [ 504918.799999999988358, 184244.4 ], [ 504923.799999999988358, 184248.4 ], [ 504928.299999999988358, 184253.5 ], [ 504934.0, 184263.799999999988358 ], [ 504946.400000000023283, 184295.700000000011642 ], [ 504956.0, 184326.299999999988358 ], [ 504959.599999999976717, 184341.0 ], [ 504960.799999999988358, 184347.299999999988358 ], [ 504962.400000000023283, 184363.5 ], [ 504966.099999999976717, 184407.299999999988358 ], [ 504971.099999999976717, 184431.0 ], [ 504977.099999999976717, 184449.700000000011642 ], [ 504983.599999999976717, 184466.200000000011642 ], [ 504993.599999999976717, 184487.4 ], [ 505000.099999999976717, 184503.299999999988358 ], [ 505021.5, 184533.700000000011642 ], [ 505029.900000000023283, 184545.299999999988358 ], [ 505046.599999999976717, 184565.1 ], [ 505057.700000000011642, 184575.700000000011642 ], [ 505073.400000000023283, 184587.799999999988358 ], [ 505079.400000000023283, 184593.5 ], [ 505093.0, 184609.299999999988358 ], [ 505103.799999999988358, 184618.299999999988358 ], [ 505112.200000000011642, 184623.4 ], [ 505115.0, 184625.1 ], [ 505132.700000000011642, 184634.9 ], [ 505147.299999999988358, 184640.9 ], [ 505154.400000000023283, 184646.4 ], [ 505158.0, 184651.0 ], [ 505174.099999999976717, 184678.9 ], [ 505181.5, 184696.9 ], [ 505183.5, 184700.4 ], [ 505187.700000000011642, 184704.6 ], [ 505190.900000000023283, 184706.700000000011642 ], [ 505197.799999999988358, 184709.799999999988358 ], [ 505207.700000000011642, 184713.299999999988358 ], [ 505217.799999999988358, 184715.6 ], [ 505230.400000000023283, 184716.799999999988358 ], [ 505246.599999999976717, 184715.1 ], [ 505255.0, 184713.4 ], [ 505272.200000000011642, 184707.9 ], [ 505276.400000000023283, 184707.4 ], [ 505280.799999999988358, 184707.700000000011642 ], [ 505286.200000000011642, 184709.200000000011642 ], [ 505291.400000000023283, 184711.4 ], [ 505299.099999999976717, 184716.4 ], [ 505335.599999999976717, 184773.6 ], [ 505363.099999999976717, 184813.1 ], [ 505384.400000000023283, 184847.5 ], [ 505496.099999999976717, 185000.0 ], [ 505496.200000000011642, 185000.0 ], [ 505553.700000000011642, 185090.4 ], [ 505581.099999999976717, 185071.700000000011642 ], [ 505612.0, 185102.700000000011642 ], [ 505620.0, 185093.5 ], [ 505624.5, 185091.799999999988358 ], [ 505629.799999999988358, 185092.200000000011642 ], [ 505632.299999999988358, 185093.4 ], [ 505634.299999999988358, 185095.5 ], [ 505643.200000000011642, 185115.299999999988358 ], [ 505647.700000000011642, 185128.0 ], [ 505650.0, 185131.4 ], [ 505659.200000000011642, 185139.299999999988358 ], [ 505660.299999999988358, 185141.1 ], [ 505661.0, 185144.299999999988358 ], [ 505660.5, 185154.6 ], [ 505661.0, 185159.200000000011642 ], [ 505665.700000000011642, 185174.1 ], [ 505667.0, 185182.299999999988358 ], [ 505667.400000000023283, 185188.0 ], [ 505667.200000000011642, 185197.700000000011642 ], [ 505663.900000000023283, 185216.6 ], [ 505663.299999999988358, 185235.0 ], [ 505667.200000000011642, 185280.299999999988358 ], [ 505670.599999999976717, 185292.700000000011642 ], [ 505684.5, 185326.700000000011642 ], [ 505690.400000000023283, 185338.9 ], [ 505693.099999999976717, 185347.200000000011642 ], [ 505692.900000000023283, 185359.200000000011642 ], [ 505687.299999999988358, 185389.9 ], [ 505686.599999999976717, 185398.9 ], [ 505686.5, 185408.1 ], [ 505687.0, 185413.0 ], [ 505687.900000000023283, 185416.4 ], [ 505690.099999999976717, 185421.6 ], [ 505694.099999999976717, 185429.0 ], [ 505702.700000000011642, 185442.200000000011642 ], [ 505704.0, 185445.4 ], [ 505704.799999999988358, 185449.0 ], [ 505704.799999999988358, 185453.299999999988358 ], [ 505704.099999999976717, 185457.700000000011642 ], [ 505700.700000000011642, 185469.1 ], [ 505679.200000000011642, 185513.299999999988358 ], [ 505676.799999999988358, 185522.799999999988358 ], [ 505676.299999999988358, 185528.5 ], [ 505676.599999999976717, 185531.799999999988358 ], [ 505678.400000000023283, 185536.9 ], [ 505682.299999999988358, 185540.5 ], [ 505690.700000000011642, 185545.1 ], [ 505693.799999999988358, 185548.0 ], [ 505696.299999999988358, 185552.0 ], [ 505698.5, 185557.299999999988358 ], [ 505700.099999999976717, 185564.4 ], [ 505700.799999999988358, 185571.4 ], [ 505700.400000000023283, 185577.700000000011642 ], [ 505699.400000000023283, 185583.6 ], [ 505695.900000000023283, 185594.6 ], [ 505688.400000000023283, 185608.4 ], [ 505680.900000000023283, 185618.700000000011642 ], [ 505674.0, 185625.700000000011642 ], [ 505668.299999999988358, 185632.200000000011642 ], [ 505649.099999999976717, 185656.0 ], [ 505637.0, 185697.1 ], [ 505635.599999999976717, 185698.0 ], [ 505612.900000000023283, 185706.0 ], [ 505595.200000000011642, 185711.4 ], [ 505580.900000000023283, 185715.200000000011642 ], [ 505572.200000000011642, 185716.5 ], [ 505568.0, 185716.700000000011642 ], [ 505543.700000000011642, 185714.200000000011642 ], [ 505534.5, 185713.6 ], [ 505521.0, 185714.700000000011642 ], [ 505511.900000000023283, 185716.799999999988358 ], [ 505498.099999999976717, 185720.6 ], [ 505479.299999999988358, 185728.0 ], [ 505442.0, 185748.9 ], [ 505436.0, 185752.0 ], [ 505433.200000000011642, 185753.0 ], [ 505428.5, 185753.799999999988358 ], [ 505426.299999999988358, 185753.5 ], [ 505421.5, 185751.6 ], [ 505405.900000000023283, 185739.299999999988358 ], [ 505404.099999999976717, 185738.1 ], [ 505400.799999999988358, 185737.1 ], [ 505397.200000000011642, 185737.200000000011642 ], [ 505393.700000000011642, 185738.200000000011642 ], [ 505390.5, 185740.0 ], [ 505386.900000000023283, 185743.299999999988358 ], [ 505384.299999999988358, 185746.299999999988358 ], [ 505383.200000000011642, 185749.0 ], [ 505380.900000000023283, 185759.0 ], [ 505379.099999999976717, 185769.0 ], [ 505379.0, 185772.0 ], [ 505379.599999999976717, 185775.0 ], [ 505380.799999999988358, 185777.9 ], [ 505382.5, 185779.9 ], [ 505389.400000000023283, 185785.4 ], [ 505393.700000000011642, 185792.6 ], [ 505395.799999999988358, 185800.700000000011642 ], [ 505393.599999999976717, 185812.299999999988358 ], [ 505394.099999999976717, 185817.0 ], [ 505396.400000000023283, 185821.0 ], [ 505404.5, 185829.9 ], [ 505407.0, 185834.700000000011642 ], [ 505409.5, 185841.200000000011642 ], [ 505410.799999999988358, 185846.5 ], [ 505410.799999999988358, 185853.6 ], [ 505408.0, 185860.0 ], [ 505384.299999999988358, 185888.1 ], [ 505380.200000000011642, 185893.700000000011642 ], [ 505371.200000000011642, 185910.0 ], [ 505367.0, 185915.1 ], [ 505361.5, 185920.5 ], [ 505356.099999999976717, 185924.9 ], [ 505350.299999999988358, 185928.6 ], [ 505264.099999999976717, 185972.799999999988358 ], [ 505266.299999999988358, 185996.6 ], [ 505269.099999999976717, 186013.299999999988358 ], [ 505278.799999999988358, 186056.299999999988358 ], [ 505281.400000000023283, 186062.9 ], [ 505283.599999999976717, 186066.0 ], [ 505292.299999999988358, 186075.6 ], [ 505294.700000000011642, 186079.6 ], [ 505298.5, 186088.200000000011642 ], [ 505299.599999999976717, 186095.200000000011642 ], [ 505298.700000000011642, 186100.5 ], [ 505295.799999999988358, 186109.0 ], [ 505292.400000000023283, 186116.4 ], [ 505288.200000000011642, 186123.4 ], [ 505281.5, 186133.6 ], [ 505271.200000000011642, 186147.6 ], [ 505251.299999999988358, 186171.200000000011642 ], [ 505242.0, 186185.799999999988358 ], [ 505237.700000000011642, 186194.0 ], [ 505234.099999999976717, 186203.5 ], [ 505231.0, 186214.9 ], [ 505229.299999999988358, 186225.6 ], [ 505229.099999999976717, 186230.0 ], [ 505243.299999999988358, 186229.299999999988358 ], [ 505245.700000000011642, 186247.799999999988358 ], [ 505257.0, 186271.200000000011642 ], [ 505272.299999999988358, 186296.1 ], [ 505252.700000000011642, 186324.1 ], [ 505245.400000000023283, 186333.6 ], [ 505228.799999999988358, 186352.200000000011642 ], [ 505210.5, 186369.700000000011642 ], [ 505205.799999999988358, 186373.299999999988358 ], [ 505202.0, 186375.5 ], [ 505199.0, 186376.6 ], [ 505195.5, 186377.200000000011642 ], [ 505182.0, 186376.9 ], [ 505177.599999999976717, 186377.4 ], [ 505164.099999999976717, 186383.799999999988358 ], [ 505150.0, 186391.9 ], [ 505134.5, 186398.700000000011642 ], [ 505127.799999999988358, 186403.5 ], [ 505125.0, 186406.6 ], [ 505122.0, 186411.1 ], [ 505119.200000000011642, 186417.1 ], [ 505118.299999999988358, 186420.299999999988358 ], [ 505126.400000000023283, 186468.299999999988358 ], [ 505132.200000000011642, 186497.9 ], [ 505142.900000000023283, 186563.200000000011642 ], [ 505148.200000000011642, 186584.200000000011642 ], [ 505148.5, 186590.0 ], [ 505148.099999999976717, 186593.1 ], [ 505145.900000000023283, 186599.799999999988358 ], [ 505135.799999999988358, 186615.0 ], [ 505129.5, 186626.6 ], [ 505127.900000000023283, 186631.9 ], [ 505127.599999999976717, 186637.6 ], [ 505127.900000000023283, 186641.0 ], [ 505131.5, 186656.5 ], [ 505132.099999999976717, 186663.5 ], [ 505131.900000000023283, 186681.700000000011642 ], [ 505133.599999999976717, 186694.5 ], [ 505140.799999999988358, 186719.1 ], [ 505147.700000000011642, 186755.4 ], [ 505155.400000000023283, 186788.4 ], [ 505156.700000000011642, 186796.4 ], [ 505157.200000000011642, 186803.799999999988358 ], [ 505157.0, 186833.700000000011642 ], [ 505160.400000000023283, 186867.1 ], [ 505161.299999999988358, 186886.0 ], [ 505160.299999999988358, 186902.299999999988358 ], [ 505158.400000000023283, 186911.200000000011642 ], [ 505155.200000000011642, 186920.6 ], [ 505151.5, 186929.0 ], [ 505147.200000000011642, 186936.1 ], [ 505144.400000000023283, 186940.0 ], [ 505119.099999999976717, 186970.1 ], [ 505103.099999999976717, 186991.700000000011642 ], [ 505093.299999999988358, 187007.299999999988358 ], [ 505088.5, 187016.0 ], [ 505085.099999999976717, 187023.5 ], [ 505081.900000000023283, 187032.299999999988358 ], [ 505078.0, 187046.5 ], [ 505074.0, 187071.4 ], [ 505064.400000000023283, 187102.200000000011642 ], [ 505055.700000000011642, 187170.5 ], [ 505053.400000000023283, 187180.299999999988358 ], [ 505049.200000000011642, 187191.1 ], [ 505048.799999999988358, 187194.299999999988358 ], [ 505049.5, 187197.4 ], [ 505050.5, 187199.200000000011642 ], [ 505055.5, 187203.700000000011642 ], [ 505092.700000000011642, 187224.5 ], [ 505098.900000000023283, 187228.9 ], [ 505104.900000000023283, 187234.0 ], [ 505111.599999999976717, 187240.5 ], [ 505116.5, 187246.299999999988358 ], [ 505129.099999999976717, 187268.6 ], [ 505141.200000000011642, 187288.1 ], [ 505150.400000000023283, 187307.299999999988358 ], [ 505153.5, 187318.299999999988358 ], [ 505153.799999999988358, 187321.9 ], [ 505152.700000000011642, 187331.6 ], [ 505150.299999999988358, 187339.5 ], [ 505143.200000000011642, 187354.700000000011642 ], [ 505139.0, 187360.1 ], [ 505134.400000000023283, 187363.4 ], [ 505131.700000000011642, 187364.4 ], [ 505125.5, 187365.0 ], [ 505098.0, 187360.6 ], [ 505088.5, 187360.299999999988358 ], [ 505082.799999999988358, 187361.0 ], [ 505070.599999999976717, 187364.1 ], [ 505060.5, 187368.5 ], [ 505051.400000000023283, 187374.4 ], [ 505045.200000000011642, 187380.0 ], [ 505036.299999999988358, 187391.6 ], [ 505032.400000000023283, 187395.5 ], [ 505027.200000000011642, 187399.799999999988358 ], [ 505015.299999999988358, 187407.4 ], [ 505009.799999999988358, 187410.0 ], [ 505000.099999999976717, 187415.4 ], [ 505000.0, 187415.4 ], [ 504982.200000000011642, 187416.9 ], [ 504968.299999999988358, 187420.1 ], [ 504945.299999999988358, 187428.299999999988358 ], [ 504937.200000000011642, 187431.799999999988358 ], [ 504917.400000000023283, 187441.799999999988358 ], [ 504900.299999999988358, 187452.1 ], [ 504891.900000000023283, 187458.1 ], [ 504879.400000000023283, 187468.200000000011642 ], [ 504867.700000000011642, 187481.700000000011642 ], [ 504864.400000000023283, 187486.700000000011642 ], [ 504862.200000000011642, 187491.5 ], [ 504861.099999999976717, 187495.5 ], [ 504860.799999999988358, 187498.4 ], [ 504864.0, 187514.0 ], [ 504864.299999999988358, 187518.700000000011642 ], [ 504864.099999999976717, 187529.4 ], [ 504862.400000000023283, 187535.4 ], [ 504858.099999999976717, 187541.200000000011642 ], [ 504853.299999999988358, 187544.9 ], [ 504846.700000000011642, 187549.0 ], [ 504841.700000000011642, 187551.4 ], [ 504824.599999999976717, 187555.700000000011642 ], [ 504820.099999999976717, 187557.700000000011642 ], [ 504816.0, 187560.299999999988358 ], [ 504810.5, 187565.0 ], [ 504805.200000000011642, 187570.9 ], [ 504799.599999999976717, 187581.200000000011642 ], [ 504785.0, 187625.0 ], [ 504770.299999999988358, 187657.6 ], [ 504766.400000000023283, 187668.4 ], [ 504765.400000000023283, 187675.1 ], [ 504765.099999999976717, 187682.5 ], [ 504766.5, 187693.799999999988358 ], [ 504769.599999999976717, 187702.4 ], [ 504783.700000000011642, 187727.700000000011642 ], [ 504786.0, 187736.0 ], [ 504787.0, 187749.1 ], [ 504787.700000000011642, 187751.9 ], [ 504790.200000000011642, 187758.700000000011642 ], [ 504793.599999999976717, 187765.700000000011642 ], [ 504799.700000000011642, 187775.6 ], [ 504810.5, 187788.6 ], [ 504815.599999999976717, 187796.1 ], [ 504820.5, 187804.6 ], [ 504823.299999999988358, 187811.200000000011642 ], [ 504825.700000000011642, 187821.6 ], [ 504826.299999999988358, 187832.5 ], [ 504824.299999999988358, 187847.0 ], [ 504820.099999999976717, 187865.6 ], [ 504814.700000000011642, 187898.1 ], [ 504798.799999999988358, 187952.799999999988358 ], [ 504790.700000000011642, 187972.4 ], [ 504777.799999999988358, 187995.9 ], [ 504771.0, 188012.9 ], [ 504761.099999999976717, 188042.4 ], [ 504748.599999999976717, 188070.5 ], [ 504740.5, 188084.700000000011642 ], [ 504736.099999999976717, 188090.9 ], [ 504728.0, 188100.700000000011642 ], [ 504718.700000000011642, 188110.9 ], [ 504717.900000000023283, 188111.799999999988358 ], [ 504684.299999999988358, 188146.5 ], [ 504661.200000000011642, 188172.299999999988358 ], [ 504646.799999999988358, 188185.4 ], [ 504639.700000000011642, 188191.0 ], [ 504637.5, 188192.799999999988358 ], [ 504623.0, 188203.299999999988358 ], [ 504606.0, 188214.799999999988358 ], [ 504598.5, 188219.5 ], [ 504539.5, 188253.9 ], [ 504515.5, 188268.6 ], [ 504495.099999999976717, 188282.1 ], [ 504450.599999999976717, 188318.0 ], [ 504422.700000000011642, 188338.9 ], [ 504414.0, 188346.4 ], [ 504406.900000000023283, 188354.1 ], [ 504400.299999999988358, 188362.200000000011642 ], [ 504394.900000000023283, 188369.700000000011642 ], [ 504388.799999999988358, 188379.4 ], [ 504379.900000000023283, 188397.200000000011642 ], [ 504366.099999999976717, 188432.1 ], [ 504361.400000000023283, 188448.200000000011642 ], [ 504359.700000000011642, 188457.4 ], [ 504358.5, 188468.700000000011642 ], [ 504358.400000000023283, 188470.4 ], [ 504358.0, 188479.700000000011642 ], [ 504358.200000000011642, 188488.5 ], [ 504360.5, 188513.9 ], [ 504367.599999999976717, 188553.0 ], [ 504369.099999999976717, 188576.700000000011642 ], [ 504368.5, 188588.6 ], [ 504367.799999999988358, 188593.799999999988358 ], [ 504361.900000000023283, 188609.1 ], [ 504344.400000000023283, 188642.799999999988358 ], [ 504339.200000000011642, 188655.1 ], [ 504337.900000000023283, 188659.200000000011642 ], [ 504329.700000000011642, 188699.1 ], [ 504320.5, 188734.200000000011642 ], [ 504318.200000000011642, 188741.700000000011642 ], [ 504308.799999999988358, 188767.200000000011642 ], [ 504302.5, 188779.700000000011642 ], [ 504297.099999999976717, 188787.5 ], [ 504290.299999999988358, 188795.5 ], [ 504284.299999999988358, 188801.4 ], [ 504275.099999999976717, 188808.200000000011642 ], [ 504261.5, 188814.200000000011642 ], [ 504257.700000000011642, 188816.4 ], [ 504254.700000000011642, 188819.1 ], [ 504252.400000000023283, 188822.200000000011642 ], [ 504250.599999999976717, 188825.5 ], [ 504245.099999999976717, 188839.9 ], [ 504242.0, 188845.1 ], [ 504222.5, 188872.1 ], [ 504212.700000000011642, 188886.700000000011642 ], [ 504204.299999999988358, 188901.1 ], [ 504196.799999999988358, 188917.4 ], [ 504178.099999999976717, 188962.9 ], [ 504170.799999999988358, 188985.200000000011642 ], [ 504168.599999999976717, 188993.700000000011642 ], [ 504164.200000000011642, 189015.299999999988358 ], [ 504163.400000000023283, 189021.200000000011642 ], [ 504156.5, 189060.700000000011642 ], [ 504151.900000000023283, 189080.5 ], [ 504144.0, 189085.5 ], [ 504132.5, 189085.5 ], [ 504120.5, 189084.6 ], [ 504109.0, 189084.6 ], [ 504100.299999999988358, 189089.200000000011642 ], [ 504098.599999999976717, 189096.299999999988358 ], [ 504093.700000000011642, 189100.0 ], [ 504090.400000000023283, 189103.799999999988358 ], [ 504088.299999999988358, 189107.799999999988358 ], [ 504087.799999999988358, 189109.799999999988358 ], [ 504087.299999999988358, 189111.9 ], [ 504087.400000000023283, 189118.5 ], [ 504088.200000000011642, 189125.4 ], [ 504090.0, 189132.1 ], [ 504097.099999999976717, 189150.4 ], [ 504104.0, 189170.299999999988358 ], [ 504100.700000000011642, 189184.1 ], [ 504096.599999999976717, 189186.4 ], [ 504091.5, 189189.200000000011642 ], [ 504086.5, 189189.200000000011642 ], [ 504076.799999999988358, 189187.299999999988358 ], [ 504068.200000000011642, 189189.0 ], [ 504064.299999999988358, 189188.6 ], [ 504055.799999999988358, 189190.1 ], [ 504050.0, 189192.1 ], [ 504045.5, 189194.9 ], [ 504041.700000000011642, 189198.5 ], [ 504038.599999999976717, 189203.799999999988358 ], [ 504036.299999999988358, 189209.6 ], [ 504035.299999999988358, 189214.1 ], [ 504035.0, 189218.4 ], [ 504035.299999999988358, 189223.4 ], [ 504036.799999999988358, 189231.700000000011642 ], [ 504040.299999999988358, 189245.5 ], [ 504043.799999999988358, 189256.200000000011642 ], [ 504046.0, 189261.0 ], [ 504048.0, 189264.0 ], [ 504050.799999999988358, 189266.9 ], [ 504066.0, 189280.4 ], [ 504073.200000000011642, 189288.0 ], [ 504077.5, 189293.799999999988358 ], [ 504081.200000000011642, 189299.9 ], [ 504083.799999999988358, 189305.299999999988358 ], [ 504086.799999999988358, 189314.5 ], [ 504087.200000000011642, 189318.4 ], [ 504086.0, 189334.299999999988358 ], [ 504086.400000000023283, 189338.1 ], [ 504090.799999999988358, 189354.799999999988358 ], [ 504092.700000000011642, 189378.1 ], [ 504097.200000000011642, 189404.4 ], [ 504098.200000000011642, 189413.1 ], [ 504099.099999999976717, 189434.1 ], [ 504098.5, 189466.9 ], [ 504097.700000000011642, 189472.799999999988358 ], [ 504096.0, 189479.0 ], [ 504093.5, 189484.799999999988358 ], [ 504089.900000000023283, 189491.0 ], [ 504087.400000000023283, 189494.799999999988358 ], [ 504056.5, 189528.799999999988358 ], [ 504052.5, 189534.1 ], [ 504048.799999999988358, 189539.9 ], [ 504045.0, 189547.200000000011642 ], [ 504041.599999999976717, 189554.799999999988358 ], [ 504038.799999999988358, 189562.6 ], [ 504036.400000000023283, 189571.700000000011642 ], [ 504035.0, 189580.299999999988358 ], [ 504032.599999999976717, 189605.700000000011642 ], [ 504030.900000000023283, 189632.200000000011642 ], [ 504029.200000000011642, 189681.299999999988358 ], [ 504021.400000000023283, 189710.6 ], [ 504010.599999999976717, 189744.799999999988358 ], [ 503985.0, 189824.0 ], [ 503955.599999999976717, 189905.4 ], [ 503952.299999999988358, 189917.6 ], [ 503950.700000000011642, 189925.5 ], [ 503949.599999999976717, 189933.4 ], [ 503948.900000000023283, 189943.700000000011642 ], [ 503948.799999999988358, 189954.0 ], [ 503951.599999999976717, 190000.0 ], [ 503950.5, 190017.6 ], [ 503949.0, 190031.6 ], [ 503946.099999999976717, 190047.4 ], [ 503941.099999999976717, 190063.9 ], [ 503933.700000000011642, 190079.700000000011642 ], [ 503926.400000000023283, 190092.799999999988358 ], [ 503925.299999999988358, 190096.4 ], [ 503925.200000000011642, 190101.299999999988358 ], [ 503925.599999999976717, 190104.6 ], [ 503934.5, 190124.200000000011642 ], [ 503941.900000000023283, 190147.799999999988358 ], [ 503948.299999999988358, 190193.6 ], [ 503949.900000000023283, 190200.0 ], [ 503955.5, 190214.1 ], [ 503958.099999999976717, 190218.299999999988358 ], [ 503960.799999999988358, 190221.4 ], [ 503964.0, 190223.700000000011642 ], [ 503967.700000000011642, 190225.5 ], [ 503979.5, 190229.4 ], [ 503989.599999999976717, 190232.4 ], [ 504015.200000000011642, 190238.299999999988358 ], [ 504022.5, 190239.200000000011642 ], [ 504030.900000000023283, 190239.299999999988358 ], [ 504039.299999999988358, 190238.5 ], [ 504045.599999999976717, 190237.299999999988358 ], [ 504050.0, 190236.0 ], [ 504057.799999999988358, 190232.1 ], [ 504066.5, 190224.700000000011642 ], [ 504091.400000000023283, 190199.200000000011642 ], [ 504100.400000000023283, 190193.700000000011642 ], [ 504109.5, 190190.299999999988358 ], [ 504133.599999999976717, 190184.5 ], [ 504143.099999999976717, 190183.4 ], [ 504148.299999999988358, 190183.9 ], [ 504159.0, 190189.299999999988358 ], [ 504172.700000000011642, 190200.5 ], [ 504189.599999999976717, 190212.6 ], [ 504194.400000000023283, 190216.700000000011642 ], [ 504207.599999999976717, 190231.700000000011642 ], [ 504213.0, 190240.799999999988358 ], [ 504214.299999999988358, 190244.4 ], [ 504215.299999999988358, 190251.299999999988358 ], [ 504214.099999999976717, 190257.1 ], [ 504210.200000000011642, 190265.799999999988358 ], [ 504209.299999999988358, 190269.799999999988358 ], [ 504209.299999999988358, 190273.9 ], [ 504211.900000000023283, 190284.1 ], [ 504220.700000000011642, 190307.5 ], [ 504222.200000000011642, 190325.799999999988358 ], [ 504223.700000000011642, 190333.0 ], [ 504225.200000000011642, 190336.0 ], [ 504234.400000000023283, 190349.700000000011642 ], [ 504236.5, 190354.700000000011642 ], [ 504236.900000000023283, 190358.200000000011642 ], [ 504236.599999999976717, 190363.4 ], [ 504235.200000000011642, 190369.299999999988358 ], [ 504232.900000000023283, 190374.799999999988358 ], [ 504230.0, 190379.6 ], [ 504226.400000000023283, 190383.6 ], [ 504213.799999999988358, 190394.799999999988358 ], [ 504198.900000000023283, 190406.200000000011642 ], [ 504190.5, 190415.6 ], [ 504185.599999999976717, 190422.700000000011642 ], [ 504181.400000000023283, 190430.299999999988358 ], [ 504177.5, 190439.6 ], [ 504175.700000000011642, 190445.0 ], [ 504173.400000000023283, 190456.200000000011642 ], [ 504171.299999999988358, 190474.1 ], [ 504155.0, 190544.799999999988358 ], [ 504153.299999999988358, 190559.9 ], [ 504154.5, 190578.0 ], [ 504156.099999999976717, 190588.200000000011642 ], [ 504158.200000000011642, 190596.799999999988358 ], [ 504164.299999999988358, 190612.9 ], [ 504166.299999999988358, 190622.200000000011642 ], [ 504165.799999999988358, 190628.200000000011642 ], [ 504165.0, 190631.9 ], [ 504146.299999999988358, 190672.0 ], [ 504129.5, 190729.299999999988358 ], [ 504122.0, 190759.5 ], [ 504114.700000000011642, 190784.6 ], [ 504112.799999999988358, 190799.9 ], [ 504109.299999999988358, 190838.1 ], [ 504106.799999999988358, 190853.0 ], [ 504100.299999999988358, 190875.799999999988358 ], [ 504077.700000000011642, 190934.0 ], [ 504073.799999999988358, 190945.4 ], [ 504072.299999999988358, 190951.299999999988358 ], [ 504071.599999999976717, 190960.1 ], [ 504072.200000000011642, 190980.5 ], [ 504070.200000000011642, 190995.0 ], [ 504066.700000000011642, 191007.5 ], [ 504062.5, 191015.4 ], [ 504057.299999999988358, 191021.5 ], [ 504043.299999999988358, 191033.9 ], [ 504030.400000000023283, 191043.4 ], [ 504028.200000000011642, 191045.799999999988358 ], [ 504025.5, 191049.700000000011642 ], [ 504022.400000000023283, 191056.1 ], [ 504020.299999999988358, 191062.799999999988358 ], [ 504019.400000000023283, 191069.6 ], [ 504019.5, 191076.700000000011642 ], [ 504020.5, 191082.799999999988358 ], [ 504023.5, 191090.0 ], [ 504025.799999999988358, 191093.200000000011642 ], [ 504030.5, 191097.9 ], [ 504042.299999999988358, 191107.4 ], [ 504074.5, 191126.6 ], [ 504078.599999999976717, 191130.799999999988358 ], [ 504080.200000000011642, 191133.4 ], [ 504081.599999999976717, 191139.1 ], [ 504081.5, 191142.799999999988358 ], [ 504080.799999999988358, 191147.299999999988358 ], [ 504078.400000000023283, 191155.6 ], [ 504055.099999999976717, 191185.5 ], [ 504041.099999999976717, 191200.4 ], [ 504038.099999999976717, 191204.4 ], [ 504035.5, 191209.4 ], [ 504034.400000000023283, 191212.799999999988358 ], [ 504035.200000000011642, 191225.6 ], [ 504044.200000000011642, 191259.799999999988358 ], [ 504045.0, 191267.799999999988358 ], [ 504039.400000000023283, 191295.9 ], [ 504035.200000000011642, 191311.9 ], [ 504034.299999999988358, 191319.4 ], [ 504034.599999999976717, 191323.799999999988358 ], [ 504035.599999999976717, 191329.5 ], [ 504037.5, 191335.6 ], [ 504040.700000000011642, 191342.4 ], [ 504044.5, 191348.799999999988358 ], [ 504047.200000000011642, 191352.5 ], [ 504049.700000000011642, 191354.9 ], [ 504060.700000000011642, 191363.700000000011642 ], [ 504063.200000000011642, 191367.0 ], [ 504065.5, 191371.9 ], [ 504067.299999999988358, 191379.0 ], [ 504068.0, 191386.5 ], [ 504067.400000000023283, 191392.4 ], [ 504062.700000000011642, 191407.700000000011642 ], [ 504061.099999999976717, 191414.700000000011642 ], [ 504059.0, 191429.700000000011642 ], [ 504059.299999999988358, 191436.1 ], [ 504062.799999999988358, 191449.4 ], [ 504076.900000000023283, 191491.4 ], [ 504082.200000000011642, 191505.1 ], [ 504092.299999999988358, 191527.700000000011642 ], [ 504099.200000000011642, 191546.1 ], [ 504102.299999999988358, 191557.9 ], [ 504103.799999999988358, 191573.299999999988358 ], [ 504103.700000000011642, 191580.799999999988358 ], [ 504102.799999999988358, 191589.6 ], [ 504099.099999999976717, 191609.4 ], [ 504098.099999999976717, 191618.299999999988358 ], [ 504097.200000000011642, 191638.6 ], [ 504097.599999999976717, 191648.6 ], [ 504098.700000000011642, 191659.299999999988358 ], [ 504100.5, 191670.200000000011642 ], [ 504108.400000000023283, 191702.9 ], [ 504110.599999999976717, 191709.200000000011642 ], [ 504113.799999999988358, 191715.0 ], [ 504115.900000000023283, 191717.799999999988358 ], [ 504121.900000000023283, 191723.5 ], [ 504132.700000000011642, 191730.5 ], [ 504146.799999999988358, 191735.0 ], [ 504153.200000000011642, 191738.4 ], [ 504155.799999999988358, 191741.5 ], [ 504157.299999999988358, 191745.799999999988358 ], [ 504158.400000000023283, 191766.200000000011642 ], [ 504165.400000000023283, 191790.799999999988358 ], [ 504168.799999999988358, 191802.799999999988358 ], [ 504179.599999999976717, 191851.799999999988358 ], [ 504184.299999999988358, 191867.4 ], [ 504192.900000000023283, 191892.200000000011642 ], [ 504217.400000000023283, 191952.799999999988358 ], [ 504219.299999999988358, 191958.9 ], [ 504220.599999999976717, 191964.4 ], [ 504221.299999999988358, 191970.799999999988358 ], [ 504221.400000000023283, 191975.1 ], [ 504219.599999999976717, 191998.799999999988358 ], [ 504220.0, 192007.5 ], [ 504221.5, 192014.700000000011642 ], [ 504227.099999999976717, 192038.299999999988358 ], [ 504230.299999999988358, 192056.4 ], [ 504234.299999999988358, 192070.1 ], [ 504236.0, 192074.0 ], [ 504246.900000000023283, 192092.6 ], [ 504249.900000000023283, 192099.5 ], [ 504261.799999999988358, 192154.0 ], [ 504263.200000000011642, 192167.5 ], [ 504263.0, 192179.299999999988358 ], [ 504261.299999999988358, 192193.1 ], [ 504259.099999999976717, 192203.9 ], [ 504257.200000000011642, 192209.9 ], [ 504253.299999999988358, 192218.299999999988358 ], [ 504251.0, 192222.200000000011642 ], [ 504238.700000000011642, 192238.799999999988358 ], [ 504223.599999999976717, 192265.5 ], [ 504218.0, 192273.799999999988358 ], [ 504210.900000000023283, 192282.799999999988358 ], [ 504203.700000000011642, 192290.799999999988358 ], [ 504197.299999999988358, 192296.700000000011642 ], [ 504192.099999999976717, 192300.4 ], [ 504175.299999999988358, 192308.9 ], [ 504171.799999999988358, 192311.9 ], [ 504169.299999999988358, 192315.200000000011642 ], [ 504166.299999999988358, 192322.5 ], [ 504163.400000000023283, 192342.9 ], [ 504162.299999999988358, 192346.799999999988358 ], [ 504161.200000000011642, 192358.4 ], [ 504160.799999999988358, 192367.1 ], [ 504146.5, 192375.700000000011642 ], [ 504142.5, 192378.700000000011642 ], [ 504136.5, 192381.9 ], [ 504116.0, 192390.5 ], [ 504106.700000000011642, 192393.700000000011642 ], [ 504087.900000000023283, 192399.5 ], [ 504065.700000000011642, 192405.200000000011642 ], [ 504028.5, 192412.700000000011642 ], [ 504012.299999999988358, 192417.0 ], [ 504009.5, 192420.6 ], [ 504001.200000000011642, 192425.0 ], [ 503989.700000000011642, 192431.299999999988358 ], [ 503981.0, 192441.200000000011642 ], [ 503975.0, 192452.700000000011642 ], [ 503965.099999999976717, 192466.200000000011642 ], [ 503951.700000000011642, 192494.299999999988358 ], [ 503950.900000000023283, 192495.5 ], [ 503931.900000000023283, 192524.4 ], [ 503925.599999999976717, 192536.700000000011642 ], [ 503924.099999999976717, 192543.4 ], [ 503923.299999999988358, 192549.9 ], [ 503926.299999999988358, 192562.0 ], [ 503927.5, 192573.9 ], [ 503932.0, 192595.799999999988358 ], [ 503933.099999999976717, 192607.5 ], [ 503932.799999999988358, 192614.700000000011642 ], [ 503930.900000000023283, 192630.799999999988358 ], [ 503925.0, 192655.0 ], [ 503923.799999999988358, 192669.4 ], [ 503923.900000000023283, 192677.5 ], [ 503924.700000000011642, 192687.0 ], [ 503926.400000000023283, 192698.200000000011642 ], [ 503930.900000000023283, 192715.9 ], [ 503938.299999999988358, 192737.0 ], [ 503945.799999999988358, 192754.200000000011642 ], [ 503949.400000000023283, 192760.6 ], [ 503957.200000000011642, 192765.4 ], [ 503962.400000000023283, 192771.9 ], [ 503972.0, 192781.1 ], [ 503986.900000000023283, 192797.700000000011642 ], [ 504016.900000000023283, 192819.4 ], [ 504027.900000000023283, 192822.6 ], [ 504039.200000000011642, 192833.0 ], [ 504044.900000000023283, 192841.299999999988358 ], [ 504048.0, 192848.700000000011642 ], [ 504048.0, 192865.799999999988358 ], [ 504041.599999999976717, 192888.6 ], [ 504041.799999999988358, 192892.5 ], [ 504046.599999999976717, 192897.6 ], [ 504052.799999999988358, 192903.700000000011642 ], [ 504060.200000000011642, 192911.6 ], [ 504075.299999999988358, 192950.4 ], [ 504078.599999999976717, 192959.200000000011642 ], [ 504081.099999999976717, 192970.799999999988358 ], [ 504083.400000000023283, 192997.700000000011642 ], [ 504087.5, 193024.6 ], [ 504089.599999999976717, 193052.299999999988358 ], [ 504089.299999999988358, 193058.9 ], [ 504088.200000000011642, 193064.5 ], [ 504086.400000000023283, 193068.9 ], [ 504080.599999999976717, 193076.1 ], [ 504046.900000000023283, 193102.0 ], [ 504041.200000000011642, 193107.0 ], [ 504018.799999999988358, 193132.700000000011642 ], [ 503994.099999999976717, 193154.299999999988358 ], [ 503985.799999999988358, 193162.299999999988358 ], [ 503979.200000000011642, 193169.1 ], [ 503975.200000000011642, 193174.1 ], [ 503956.5, 193202.4 ], [ 503944.700000000011642, 193218.299999999988358 ], [ 503917.200000000011642, 193252.5 ], [ 503908.5, 193263.9 ], [ 503905.299999999988358, 193269.1 ], [ 503902.599999999976717, 193274.5 ], [ 503899.599999999976717, 193285.700000000011642 ], [ 503899.799999999988358, 193293.299999999988358 ], [ 503899.400000000023283, 193298.700000000011642 ], [ 503901.900000000023283, 193306.799999999988358 ], [ 503906.299999999988358, 193314.0 ], [ 503912.900000000023283, 193319.9 ], [ 503932.700000000011642, 193334.799999999988358 ], [ 503937.5, 193341.1 ], [ 503939.700000000011642, 193345.5 ], [ 503941.0, 193350.200000000011642 ], [ 503943.700000000011642, 193369.5 ], [ 503943.799999999988358, 193375.4 ], [ 503943.0, 193395.700000000011642 ], [ 503943.5, 193406.799999999988358 ], [ 503943.900000000023283, 193414.200000000011642 ], [ 503946.0, 193427.1 ], [ 503951.099999999976717, 193442.6 ], [ 503955.200000000011642, 193452.0 ], [ 503960.700000000011642, 193462.0 ], [ 503968.200000000011642, 193473.4 ], [ 503977.900000000023283, 193485.6 ], [ 504015.299999999988358, 193523.1 ], [ 504023.400000000023283, 193529.200000000011642 ], [ 504038.200000000011642, 193537.200000000011642 ], [ 504041.200000000011642, 193539.299999999988358 ], [ 504045.400000000023283, 193544.0 ], [ 504063.900000000023283, 193567.5 ], [ 504079.299999999988358, 193584.799999999988358 ], [ 504094.299999999988358, 193598.1 ], [ 504106.400000000023283, 193607.200000000011642 ], [ 504122.200000000011642, 193613.200000000011642 ], [ 504132.5, 193616.200000000011642 ], [ 504143.0, 193618.700000000011642 ], [ 504150.700000000011642, 193619.799999999988358 ], [ 504159.5, 193619.6 ], [ 504169.0, 193618.299999999988358 ], [ 504176.0, 193616.5 ], [ 504181.900000000023283, 193613.9 ], [ 504187.099999999976717, 193610.4 ], [ 504191.5, 193605.4 ], [ 504193.700000000011642, 193602.1 ], [ 504201.799999999988358, 193585.5 ], [ 504208.099999999976717, 193575.1 ], [ 504215.099999999976717, 193564.5 ], [ 504219.400000000023283, 193559.200000000011642 ], [ 504224.599999999976717, 193554.799999999988358 ], [ 504242.099999999976717, 193550.1 ], [ 504261.900000000023283, 193548.299999999988358 ], [ 504283.599999999976717, 193543.700000000011642 ], [ 504288.900000000023283, 193543.1 ], [ 504293.0, 193543.0 ], [ 504309.299999999988358, 193546.0 ], [ 504313.599999999976717, 193546.1 ], [ 504317.5, 193545.5 ], [ 504320.799999999988358, 193544.299999999988358 ], [ 504323.900000000023283, 193542.700000000011642 ], [ 504331.200000000011642, 193537.0 ], [ 504345.5, 193521.200000000011642 ], [ 504348.599999999976717, 193515.6 ], [ 504353.799999999988358, 193501.5 ], [ 504357.400000000023283, 193494.6 ], [ 504359.200000000011642, 193492.6 ], [ 504363.5, 193490.200000000011642 ], [ 504366.5, 193489.9 ], [ 504370.299999999988358, 193490.4 ], [ 504373.700000000011642, 193492.1 ], [ 504384.200000000011642, 193500.9 ], [ 504386.099999999976717, 193502.0 ], [ 504389.200000000011642, 193503.299999999988358 ], [ 504393.099999999976717, 193503.5 ], [ 504396.099999999976717, 193503.200000000011642 ], [ 504401.599999999976717, 193501.200000000011642 ], [ 504419.299999999988358, 193493.799999999988358 ], [ 504434.799999999988358, 193488.299999999988358 ], [ 504443.0, 193487.200000000011642 ], [ 504447.099999999976717, 193487.5 ], [ 504453.400000000023283, 193489.1 ], [ 504465.900000000023283, 193494.0 ], [ 504471.5, 193497.299999999988358 ], [ 504480.5, 193503.9 ], [ 504502.200000000011642, 193516.299999999988358 ], [ 504531.5, 193458.5 ], [ 504572.799999999988358, 193379.1 ], [ 504630.5, 193277.9 ], [ 504649.5, 193239.299999999988358 ], [ 504665.900000000023283, 193208.200000000011642 ], [ 504669.5, 193200.5 ], [ 504678.900000000023283, 193176.0 ], [ 504683.200000000011642, 193167.1 ], [ 504691.0, 193154.700000000011642 ], [ 504697.200000000011642, 193146.299999999988358 ], [ 504710.299999999988358, 193130.299999999988358 ], [ 504717.099999999976717, 193122.5 ], [ 504747.099999999976717, 193093.1 ], [ 504766.0, 193076.299999999988358 ], [ 504791.599999999976717, 193056.700000000011642 ], [ 504817.900000000023283, 193039.5 ], [ 504844.799999999988358, 193023.9 ], [ 504860.0, 193013.9 ], [ 504889.599999999976717, 192989.4 ], [ 504924.299999999988358, 192963.700000000011642 ], [ 504940.5, 192951.0 ], [ 504971.200000000011642, 192926.1 ], [ 505000.0, 192903.4 ], [ 505000.099999999976717, 192903.4 ], [ 505009.599999999976717, 192896.5 ], [ 505022.099999999976717, 192885.5 ], [ 505044.599999999976717, 192868.0 ], [ 505057.299999999988358, 192859.200000000011642 ], [ 505070.200000000011642, 192851.799999999988358 ], [ 505083.5, 192845.5 ], [ 505102.200000000011642, 192837.4 ], [ 505130.5, 192826.9 ], [ 505145.599999999976717, 192819.0 ], [ 505152.0, 192814.299999999988358 ], [ 505174.599999999976717, 192792.9 ], [ 505181.700000000011642, 192787.4 ], [ 505199.0, 192777.9 ], [ 505204.400000000023283, 192774.5 ], [ 505222.0, 192760.0 ], [ 505262.099999999976717, 192733.4 ], [ 505267.799999999988358, 192737.799999999988358 ], [ 505307.099999999976717, 192702.200000000011642 ], [ 505361.0, 192660.0 ], [ 505402.599999999976717, 192626.6 ], [ 505435.700000000011642, 192604.4 ], [ 505437.799999999988358, 192603.0 ], [ 505438.400000000023283, 192606.4 ], [ 505449.599999999976717, 192601.1 ], [ 505450.599999999976717, 192600.6 ], [ 505479.700000000011642, 192587.1 ], [ 505504.0, 192575.9 ], [ 505525.299999999988358, 192567.299999999988358 ], [ 505535.099999999976717, 192562.1 ], [ 505550.200000000011642, 192551.700000000011642 ], [ 505565.200000000011642, 192538.6 ], [ 505582.299999999988358, 192522.200000000011642 ], [ 505589.799999999988358, 192512.299999999988358 ], [ 505616.400000000023283, 192468.799999999988358 ], [ 505627.0, 192450.6 ], [ 505640.299999999988358, 192445.5 ], [ 505682.0, 192402.9 ], [ 505723.700000000011642, 192362.299999999988358 ], [ 505747.599999999976717, 192334.9 ], [ 505779.900000000023283, 192297.0 ], [ 505817.400000000023283, 192262.299999999988358 ], [ 505815.599999999976717, 192255.4 ], [ 505844.900000000023283, 192231.299999999988358 ], [ 505919.5, 192172.0 ], [ 505919.700000000011642, 192171.9 ], [ 505946.700000000011642, 192153.5 ], [ 505971.799999999988358, 192130.4 ], [ 506082.700000000011642, 191998.700000000011642 ], [ 506101.299999999988358, 191985.1 ], [ 506120.099999999976717, 191971.6 ], [ 506171.299999999988358, 191936.1 ], [ 506227.5, 191902.299999999988358 ], [ 506280.099999999976717, 191863.6 ], [ 506369.700000000011642, 191807.5 ], [ 506411.799999999988358, 191781.6 ], [ 506454.099999999976717, 191755.9 ], [ 506499.0, 191730.0 ], [ 506544.0, 191704.299999999988358 ], [ 506558.200000000011642, 191709.200000000011642 ], [ 506570.599999999976717, 191696.4 ], [ 506576.599999999976717, 191691.200000000011642 ], [ 506589.599999999976717, 191683.1 ], [ 506678.400000000023283, 191638.299999999988358 ], [ 506702.5, 191625.4 ], [ 506739.599999999976717, 191603.799999999988358 ], [ 506811.5, 191567.5 ], [ 506878.5, 191535.6 ], [ 506909.5, 191519.0 ], [ 506926.799999999988358, 191511.700000000011642 ], [ 506947.700000000011642, 191519.799999999988358 ], [ 506970.900000000023283, 191528.299999999988358 ], [ 507000.0, 191541.299999999988358 ], [ 507006.900000000023283, 191543.799999999988358 ], [ 507029.299999999988358, 191550.0 ], [ 507035.0, 191552.0 ], [ 507049.299999999988358, 191559.6 ], [ 507080.799999999988358, 191581.5 ], [ 507103.0, 191599.299999999988358 ], [ 507156.0, 191634.4 ], [ 507245.900000000023283, 191697.0 ], [ 507293.400000000023283, 191727.700000000011642 ], [ 507375.5, 191782.4 ], [ 507406.700000000011642, 191801.6 ], [ 507432.400000000023283, 191815.6 ], [ 507440.400000000023283, 191820.5 ], [ 507456.200000000011642, 191831.0 ], [ 507471.200000000011642, 191842.5 ], [ 507491.0, 191860.9 ], [ 507500.299999999988358, 191871.5 ], [ 507533.900000000023283, 191913.9 ], [ 507538.200000000011642, 191920.0 ], [ 507542.799999999988358, 191928.4 ], [ 507547.599999999976717, 191939.4 ], [ 507551.599999999976717, 191951.1 ], [ 507555.0, 191963.5 ], [ 507562.299999999988358, 192001.0 ], [ 507568.799999999988358, 192027.6 ], [ 507575.700000000011642, 192045.9 ], [ 507586.5, 192068.9 ], [ 507590.700000000011642, 192079.799999999988358 ], [ 507602.799999999988358, 192116.5 ], [ 507618.599999999976717, 192156.299999999988358 ], [ 507649.299999999988358, 192238.0 ], [ 507663.200000000011642, 192269.6 ], [ 507674.5, 192291.799999999988358 ], [ 507685.0, 192309.4 ], [ 507700.900000000023283, 192333.0 ], [ 507707.400000000023283, 192340.4 ], [ 507711.400000000023283, 192343.9 ], [ 507717.299999999988358, 192348.1 ], [ 507724.099999999976717, 192352.1 ], [ 507730.599999999976717, 192353.0 ], [ 507741.5, 192352.6 ], [ 507759.799999999988358, 192350.200000000011642 ], [ 507788.5, 192348.4 ], [ 507795.5, 192347.9 ], [ 507799.099999999976717, 192346.200000000011642 ], [ 507809.299999999988358, 192341.200000000011642 ], [ 507846.900000000023283, 192334.799999999988358 ], [ 507857.400000000023283, 192334.200000000011642 ], [ 507864.0, 192332.799999999988358 ], [ 507870.400000000023283, 192333.700000000011642 ], [ 507885.0, 192338.0 ], [ 507899.700000000011642, 192340.799999999988358 ], [ 507922.900000000023283, 192343.5 ], [ 507948.599999999976717, 192349.0 ], [ 507968.0, 192357.4 ], [ 508003.400000000023283, 192378.200000000011642 ], [ 508016.400000000023283, 192383.799999999988358 ], [ 508026.599999999976717, 192388.200000000011642 ], [ 508047.0, 192398.5 ], [ 508054.599999999976717, 192401.1 ], [ 508074.799999999988358, 192399.299999999988358 ], [ 508097.400000000023283, 192398.299999999988358 ], [ 508137.5, 192390.9 ], [ 508153.599999999976717, 192388.9 ], [ 508202.700000000011642, 192388.9 ], [ 508213.700000000011642, 192387.700000000011642 ], [ 508221.299999999988358, 192384.9 ], [ 508226.599999999976717, 192381.5 ], [ 508239.900000000023283, 192371.5 ], [ 508253.299999999988358, 192364.700000000011642 ], [ 508274.099999999976717, 192354.299999999988358 ], [ 508302.200000000011642, 192347.799999999988358 ], [ 508306.299999999988358, 192346.9 ], [ 508317.099999999976717, 192342.700000000011642 ], [ 508320.700000000011642, 192341.4 ], [ 508352.0, 192329.1 ], [ 508360.599999999976717, 192325.299999999988358 ], [ 508360.099999999976717, 192318.700000000011642 ], [ 508366.400000000023283, 192310.299999999988358 ], [ 508382.799999999988358, 192308.0 ], [ 508391.0, 192304.700000000011642 ], [ 508403.700000000011642, 192299.6 ], [ 508415.400000000023283, 192295.700000000011642 ], [ 508436.799999999988358, 192289.0 ], [ 508460.299999999988358, 192279.4 ], [ 508480.599999999976717, 192270.5 ], [ 508497.799999999988358, 192262.9 ], [ 508522.0, 192253.299999999988358 ], [ 508531.900000000023283, 192249.700000000011642 ], [ 508548.700000000011642, 192243.6 ], [ 508553.200000000011642, 192241.700000000011642 ], [ 508563.099999999976717, 192237.5 ], [ 508573.299999999988358, 192233.1 ], [ 508582.099999999976717, 192229.200000000011642 ], [ 508589.799999999988358, 192225.4 ], [ 508601.799999999988358, 192220.9 ], [ 508655.5, 192211.6 ], [ 508694.5, 192202.200000000011642 ], [ 508699.099999999976717, 192209.5 ], [ 508708.299999999988358, 192208.9 ], [ 508734.200000000011642, 192205.4 ], [ 508768.700000000011642, 192197.5 ], [ 508785.700000000011642, 192193.0 ], [ 508830.900000000023283, 192178.6 ], [ 508851.599999999976717, 192172.700000000011642 ], [ 508863.099999999976717, 192169.700000000011642 ], [ 508892.400000000023283, 192164.1 ], [ 508903.299999999988358, 192161.0 ], [ 508912.299999999988358, 192157.200000000011642 ], [ 508934.5, 192145.5 ], [ 508989.700000000011642, 192105.299999999988358 ], [ 509000.299999999988358, 192098.5 ], [ 509014.5, 192090.1 ], [ 509023.700000000011642, 192085.4 ], [ 509030.0, 192083.0 ], [ 509037.599999999976717, 192081.0 ], [ 509047.599999999976717, 192079.5 ], [ 509059.0, 192078.6 ], [ 509064.599999999976717, 192078.6 ], [ 509083.799999999988358, 192080.0 ], [ 509092.099999999976717, 192079.799999999988358 ], [ 509122.900000000023283, 192075.700000000011642 ], [ 509176.799999999988358, 192073.200000000011642 ], [ 509201.200000000011642, 192073.0 ], [ 509222.299999999988358, 192074.0 ], [ 509250.900000000023283, 192078.799999999988358 ], [ 509264.299999999988358, 192079.700000000011642 ], [ 509293.5, 192080.1 ], [ 509327.200000000011642, 192081.700000000011642 ], [ 509366.700000000011642, 192081.5 ], [ 509406.5, 192082.1 ], [ 509424.0, 192081.1 ], [ 509446.900000000023283, 192078.4 ], [ 509495.299999999988358, 192073.700000000011642 ], [ 509506.0, 192071.9 ], [ 509537.099999999976717, 192065.4 ], [ 509573.299999999988358, 192058.9 ], [ 509599.799999999988358, 192050.1 ], [ 509610.400000000023283, 192047.6 ], [ 509620.200000000011642, 192046.799999999988358 ], [ 509646.099999999976717, 192047.6 ], [ 509668.299999999988358, 192044.799999999988358 ], [ 509698.599999999976717, 192038.0 ], [ 509721.900000000023283, 192031.0 ], [ 509744.099999999976717, 192021.9 ], [ 509762.5, 192012.299999999988358 ], [ 509772.599999999976717, 192003.1 ], [ 509777.700000000011642, 191998.5 ], [ 509787.0, 191990.6 ], [ 509797.700000000011642, 191982.6 ], [ 509813.099999999976717, 191971.799999999988358 ], [ 509857.099999999976717, 191943.5 ], [ 509952.700000000011642, 191876.799999999988358 ], [ 509963.200000000011642, 191868.200000000011642 ], [ 509986.0, 191844.299999999988358 ], [ 510000.0, 191831.700000000011642 ], [ 510000.099999999976717, 191831.700000000011642 ], [ 510046.799999999988358, 191789.5 ], [ 510048.0, 191788.6 ], [ 510057.099999999976717, 191781.4 ], [ 510070.099999999976717, 191770.9 ], [ 510097.299999999988358, 191754.0 ], [ 510107.799999999988358, 191748.4 ], [ 510117.099999999976717, 191746.6 ], [ 510156.900000000023283, 191746.200000000011642 ], [ 510186.400000000023283, 191745.1 ], [ 510257.299999999988358, 191742.1 ], [ 510304.200000000011642, 191729.799999999988358 ], [ 510317.400000000023283, 191728.200000000011642 ], [ 510351.700000000011642, 191729.9 ], [ 510382.200000000011642, 191725.1 ], [ 510507.5, 191714.200000000011642 ], [ 510531.900000000023283, 191707.1 ], [ 510599.799999999988358, 191689.5 ], [ 510660.0, 191690.9 ], [ 510690.299999999988358, 191690.200000000011642 ], [ 510720.799999999988358, 191694.9 ], [ 510765.099999999976717, 191692.4 ], [ 510782.0, 191691.9 ], [ 510788.299999999988358, 191692.700000000011642 ], [ 510799.900000000023283, 191696.0 ], [ 510826.900000000023283, 191709.1 ], [ 510830.900000000023283, 191711.9 ], [ 510834.799999999988358, 191713.6 ], [ 510840.099999999976717, 191714.700000000011642 ], [ 510843.099999999976717, 191714.799999999988358 ], [ 510849.400000000023283, 191713.9 ], [ 510882.900000000023283, 191713.5 ], [ 510903.599999999976717, 191720.4 ], [ 510916.700000000011642, 191721.299999999988358 ], [ 510985.400000000023283, 191751.4 ], [ 511024.900000000023283, 191775.200000000011642 ], [ 511066.0, 191802.5 ], [ 511087.200000000011642, 191813.700000000011642 ], [ 511121.599999999976717, 191828.299999999988358 ], [ 511171.799999999988358, 191845.9 ], [ 511236.700000000011642, 191877.299999999988358 ], [ 511277.400000000023283, 191893.9 ], [ 511337.5, 191911.0 ], [ 511382.200000000011642, 191929.0 ], [ 511456.700000000011642, 191941.0 ], [ 511512.599999999976717, 191948.9 ], [ 511576.0, 191955.0 ], [ 511599.400000000023283, 191958.9 ], [ 511622.200000000011642, 191962.799999999988358 ], [ 511638.700000000011642, 191973.4 ], [ 511675.099999999976717, 191973.6 ], [ 511716.200000000011642, 191971.700000000011642 ], [ 511754.099999999976717, 191977.9 ], [ 511766.799999999988358, 191980.5 ], [ 511782.200000000011642, 191984.4 ], [ 511797.5, 191988.799999999988358 ], [ 511817.299999999988358, 191995.799999999988358 ], [ 511896.0, 192028.799999999988358 ], [ 511940.700000000011642, 192051.0 ], [ 511984.5, 192072.799999999988358 ], [ 512014.200000000011642, 192090.299999999988358 ], [ 512034.200000000011642, 192107.1 ], [ 512109.900000000023283, 192191.4 ], [ 512114.200000000011642, 192194.4 ], [ 512116.599999999976717, 192195.5 ], [ 512133.200000000011642, 192199.799999999988358 ], [ 512150.299999999988358, 192201.9 ], [ 512188.400000000023283, 192202.6 ], [ 512223.400000000023283, 192201.6 ], [ 512256.299999999988358, 192210.799999999988358 ], [ 512317.200000000011642, 192230.799999999988358 ], [ 512356.700000000011642, 192239.5 ], [ 512373.799999999988358, 192243.1 ], [ 512422.099999999976717, 192244.0 ], [ 512463.200000000011642, 192260.200000000011642 ], [ 512492.0, 192273.4 ], [ 512528.099999999976717, 192286.299999999988358 ], [ 512540.599999999976717, 192289.0 ], [ 512571.599999999976717, 192302.5 ], [ 512605.099999999976717, 192319.700000000011642 ], [ 512661.299999999988358, 192355.6 ], [ 512719.0, 192378.700000000011642 ], [ 512746.200000000011642, 192386.6 ], [ 512771.599999999976717, 192397.5 ], [ 512830.299999999988358, 192425.1 ], [ 512852.900000000023283, 192439.6 ], [ 512910.400000000023283, 192477.799999999988358 ], [ 512948.700000000011642, 192508.1 ], [ 512989.900000000023283, 192535.5 ], [ 513016.900000000023283, 192548.200000000011642 ], [ 513065.099999999976717, 192574.9 ], [ 513128.0, 192588.4 ], [ 513151.700000000011642, 192592.299999999988358 ], [ 513162.299999999988358, 192596.799999999988358 ], [ 513172.900000000023283, 192601.799999999988358 ], [ 513198.099999999976717, 192618.299999999988358 ], [ 513202.599999999976717, 192621.700000000011642 ], [ 513246.0, 192654.799999999988358 ], [ 513271.799999999988358, 192678.799999999988358 ], [ 513301.400000000023283, 192712.200000000011642 ], [ 513388.700000000011642, 192791.9 ], [ 513395.200000000011642, 192802.200000000011642 ], [ 513444.099999999976717, 192904.299999999988358 ], [ 513446.799999999988358, 192907.799999999988358 ], [ 513455.700000000011642, 192902.0 ], [ 513459.200000000011642, 192906.4 ], [ 513499.200000000011642, 192927.0 ], [ 513517.400000000023283, 192960.4 ], [ 513531.099999999976717, 192988.6 ], [ 513547.400000000023283, 193010.200000000011642 ], [ 513558.5, 193027.4 ], [ 513571.299999999988358, 193041.5 ], [ 513607.200000000011642, 193076.700000000011642 ], [ 513614.200000000011642, 193083.0 ], [ 513635.599999999976717, 193097.9 ], [ 513641.700000000011642, 193100.700000000011642 ], [ 513657.200000000011642, 193106.200000000011642 ], [ 513688.400000000023283, 193113.9 ], [ 513720.799999999988358, 193119.5 ], [ 513746.299999999988358, 193122.1 ], [ 513770.799999999988358, 193123.299999999988358 ], [ 513790.099999999976717, 193126.5 ], [ 513829.099999999976717, 193140.9 ], [ 513857.599999999976717, 193145.799999999988358 ], [ 513877.099999999976717, 193152.299999999988358 ], [ 513894.599999999976717, 193162.0 ], [ 513912.200000000011642, 193169.200000000011642 ], [ 513945.299999999988358, 193185.4 ], [ 513949.700000000011642, 193187.1 ], [ 513959.700000000011642, 193189.200000000011642 ], [ 513965.599999999976717, 193189.5 ], [ 513976.599999999976717, 193188.4 ], [ 514005.5, 193190.4 ], [ 514024.5, 193193.5 ], [ 514100.400000000023283, 193221.5 ], [ 514134.0, 193228.299999999988358 ], [ 514150.400000000023283, 193233.1 ], [ 514199.400000000023283, 193249.0 ], [ 514253.5, 193261.4 ], [ 514275.099999999976717, 193262.299999999988358 ], [ 514279.400000000023283, 193263.6 ], [ 514283.700000000011642, 193265.200000000011642 ], [ 514316.099999999976717, 193282.0 ], [ 514339.700000000011642, 193292.299999999988358 ], [ 514361.299999999988358, 193300.200000000011642 ], [ 514371.700000000011642, 193305.9 ], [ 514381.599999999976717, 193311.9 ], [ 514427.200000000011642, 193345.0 ], [ 514476.799999999988358, 193379.200000000011642 ], [ 514516.099999999976717, 193403.1 ], [ 514553.400000000023283, 193426.6 ], [ 514576.099999999976717, 193437.1 ], [ 514606.200000000011642, 193448.6 ], [ 514642.599999999976717, 193464.700000000011642 ], [ 514668.5, 193484.0 ], [ 514697.0, 193503.200000000011642 ], [ 514708.299999999988358, 193511.9 ], [ 514866.299999999988358, 193637.1 ], [ 514961.099999999976717, 193709.700000000011642 ], [ 514997.599999999976717, 193739.0 ], [ 515000.099999999976717, 193740.9 ], [ 515002.799999999988358, 193748.9 ], [ 515017.099999999976717, 193722.299999999988358 ], [ 515037.299999999988358, 193697.700000000011642 ], [ 515062.099999999976717, 193669.4 ], [ 515072.299999999988358, 193670.4 ], [ 515076.700000000011642, 193666.799999999988358 ], [ 515073.900000000023283, 193661.200000000011642 ], [ 515073.299999999988358, 193653.0 ], [ 515093.5, 193627.700000000011642 ], [ 515094.099999999976717, 193625.799999999988358 ], [ 515111.900000000023283, 193602.4 ], [ 515167.299999999988358, 193677.200000000011642 ], [ 515168.099999999976717, 193683.6 ], [ 515172.299999999988358, 193686.4 ], [ 515184.799999999988358, 193703.0 ], [ 515211.299999999988358, 193737.4 ], [ 515236.599999999976717, 193771.200000000011642 ], [ 515256.400000000023283, 193802.0 ], [ 515287.200000000011642, 193837.0 ], [ 515309.599999999976717, 193862.5 ], [ 515338.200000000011642, 193901.299999999988358 ], [ 515357.299999999988358, 193923.0 ], [ 515363.200000000011642, 193929.799999999988358 ], [ 515368.799999999988358, 193936.200000000011642 ], [ 515390.599999999976717, 193961.9 ], [ 515420.400000000023283, 193997.1 ], [ 515429.0, 194007.200000000011642 ], [ 515449.799999999988358, 194031.9 ], [ 515461.5, 194045.6 ], [ 515466.900000000023283, 194053.6 ], [ 515463.099999999976717, 194063.6 ], [ 515462.799999999988358, 194067.1 ], [ 515462.299999999988358, 194074.6 ], [ 515463.5, 194083.799999999988358 ], [ 515468.5, 194096.0 ], [ 515476.900000000023283, 194092.9 ], [ 515495.599999999976717, 194086.200000000011642 ], [ 515504.200000000011642, 194095.799999999988358 ], [ 515552.900000000023283, 194150.0 ], [ 515614.299999999988358, 194214.200000000011642 ], [ 515671.5, 194267.5 ], [ 515716.400000000023283, 194300.6 ], [ 515750.400000000023283, 194324.6 ], [ 515784.599999999976717, 194348.4 ], [ 515852.400000000023283, 194393.700000000011642 ], [ 515871.799999999988358, 194394.9 ], [ 515890.299999999988358, 194414.0 ], [ 515905.799999999988358, 194426.799999999988358 ], [ 515948.200000000011642, 194448.9 ], [ 515967.900000000023283, 194457.4 ], [ 516039.5, 194482.299999999988358 ], [ 516138.200000000011642, 194518.1 ], [ 516198.099999999976717, 194535.5 ], [ 516254.400000000023283, 194552.799999999988358 ], [ 516317.599999999976717, 194576.4 ], [ 516369.299999999988358, 194604.5 ], [ 516394.099999999976717, 194622.4 ], [ 516416.599999999976717, 194645.5 ], [ 516441.099999999976717, 194691.1 ], [ 516446.799999999988358, 194702.799999999988358 ], [ 516455.599999999976717, 194726.299999999988358 ], [ 516459.900000000023283, 194749.799999999988358 ], [ 516461.799999999988358, 194757.299999999988358 ], [ 516473.400000000023283, 194775.1 ], [ 516484.599999999976717, 194797.6 ], [ 516503.900000000023283, 194815.6 ], [ 516523.200000000011642, 194833.5 ], [ 516549.200000000011642, 194853.6 ], [ 516562.799999999988358, 194859.200000000011642 ], [ 516579.299999999988358, 194866.9 ], [ 516633.799999999988358, 194828.799999999988358 ], [ 516704.400000000023283, 194786.0 ], [ 516750.0, 194766.9 ], [ 516770.200000000011642, 194756.5 ], [ 516811.700000000011642, 194736.1 ], [ 516823.700000000011642, 194730.1 ], [ 516858.799999999988358, 194711.1 ], [ 516884.599999999976717, 194698.799999999988358 ], [ 516928.200000000011642, 194683.4 ], [ 516957.400000000023283, 194674.9 ], [ 516973.099999999976717, 194669.9 ], [ 516989.799999999988358, 194664.0 ], [ 517109.799999999988358, 194613.9 ], [ 517122.799999999988358, 194606.799999999988358 ], [ 517171.700000000011642, 194586.5 ], [ 517209.299999999988358, 194570.9 ], [ 517258.5, 194550.299999999988358 ], [ 517302.5, 194531.9 ], [ 517369.700000000011642, 194503.799999999988358 ], [ 517387.299999999988358, 194492.0 ], [ 517415.200000000011642, 194463.9 ], [ 517419.099999999976717, 194459.9 ], [ 517425.700000000011642, 194451.1 ], [ 517429.900000000023283, 194443.299999999988358 ], [ 517431.700000000011642, 194437.5 ], [ 517430.900000000023283, 194432.5 ], [ 517428.099999999976717, 194423.9 ], [ 517435.200000000011642, 194421.1 ], [ 517437.400000000023283, 194420.299999999988358 ], [ 517444.5, 194417.5 ], [ 517447.700000000011642, 194423.9 ], [ 517457.299999999988358, 194430.700000000011642 ], [ 517468.700000000011642, 194435.700000000011642 ], [ 517481.5, 194437.1 ], [ 517498.099999999976717, 194434.9 ], [ 517512.5, 194432.1 ], [ 517523.700000000011642, 194425.299999999988358 ], [ 517532.5, 194419.9 ], [ 517535.0, 194418.299999999988358 ], [ 517538.200000000011642, 194416.299999999988358 ], [ 517541.900000000023283, 194413.9 ], [ 517555.900000000023283, 194400.0 ], [ 517576.799999999988358, 194424.799999999988358 ], [ 517622.400000000023283, 194415.0 ], [ 517659.5, 194403.0 ], [ 517669.599999999976717, 194400.0 ], [ 517682.0, 194396.200000000011642 ], [ 517700.200000000011642, 194383.799999999988358 ], [ 517703.700000000011642, 194381.799999999988358 ], [ 517713.599999999976717, 194376.0 ], [ 517723.400000000023283, 194371.200000000011642 ], [ 517732.599999999976717, 194368.0 ], [ 517739.799999999988358, 194366.4 ], [ 517755.400000000023283, 194363.0 ], [ 517770.5, 194361.0 ], [ 517773.799999999988358, 194360.6 ], [ 517786.599999999976717, 194358.9 ], [ 517828.099999999976717, 194364.200000000011642 ], [ 517832.5, 194364.799999999988358 ], [ 517836.700000000011642, 194365.299999999988358 ], [ 517850.700000000011642, 194367.0 ], [ 517868.599999999976717, 194369.299999999988358 ], [ 517903.099999999976717, 194366.799999999988358 ], [ 517938.5, 194364.299999999988358 ], [ 518014.099999999976717, 194334.0 ], [ 518134.299999999988358, 194359.4 ], [ 518154.900000000023283, 194369.0 ], [ 518189.5, 194389.4 ], [ 518207.299999999988358, 194399.9 ], [ 518285.799999999988358, 194444.5 ], [ 518295.799999999988358, 194450.200000000011642 ], [ 518306.200000000011642, 194455.6 ], [ 518316.599999999976717, 194457.299999999988358 ], [ 518341.599999999976717, 194457.9 ], [ 518397.0, 194470.299999999988358 ], [ 518441.5, 194480.1 ], [ 518477.400000000023283, 194475.4 ], [ 518486.700000000011642, 194474.1 ], [ 518496.200000000011642, 194472.1 ], [ 518550.099999999976717, 194460.799999999988358 ], [ 518568.400000000023283, 194463.200000000011642 ], [ 518588.5, 194466.0 ], [ 518626.700000000011642, 194481.799999999988358 ], [ 518648.5, 194487.799999999988358 ], [ 518678.099999999976717, 194497.799999999988358 ], [ 518711.799999999988358, 194507.4 ], [ 518745.599999999976717, 194518.200000000011642 ], [ 518768.0, 194532.0 ], [ 518775.799999999988358, 194539.0 ], [ 518804.799999999988358, 194572.799999999988358 ], [ 518829.799999999988358, 194593.0 ], [ 518855.900000000023283, 194615.0 ], [ 518921.900000000023283, 194641.200000000011642 ], [ 519026.299999999988358, 194680.299999999988358 ], [ 519086.400000000023283, 194678.0 ], [ 519094.5, 194678.200000000011642 ], [ 519120.799999999988358, 194676.700000000011642 ], [ 519164.599999999976717, 194676.5 ], [ 519190.599999999976717, 194679.4 ], [ 519218.599999999976717, 194682.299999999988358 ], [ 519245.599999999976717, 194691.1 ], [ 519264.799999999988358, 194698.4 ], [ 519276.200000000011642, 194702.799999999988358 ], [ 519307.200000000011642, 194714.200000000011642 ], [ 519330.200000000011642, 194723.799999999988358 ], [ 519347.200000000011642, 194735.6 ], [ 519365.099999999976717, 194746.4 ], [ 519406.299999999988358, 194741.0 ], [ 519433.5, 194739.0 ], [ 519460.700000000011642, 194736.9 ], [ 519486.400000000023283, 194735.1 ], [ 519537.099999999976717, 194732.1 ], [ 519556.700000000011642, 194729.299999999988358 ], [ 519555.900000000023283, 194739.299999999988358 ], [ 519539.099999999976717, 194748.0 ], [ 519526.5, 194755.4 ], [ 519525.599999999976717, 194765.1 ], [ 519524.700000000011642, 194775.4 ], [ 519523.0, 194799.0 ], [ 519541.5, 194862.9 ], [ 519553.400000000023283, 194906.299999999988358 ], [ 519564.0, 194928.200000000011642 ], [ 519575.900000000023283, 194966.5 ], [ 519589.200000000011642, 194996.0 ], [ 519591.0, 195010.5 ], [ 519592.0, 195017.700000000011642 ], [ 519594.400000000023283, 195037.4 ], [ 519605.099999999976717, 195074.5 ], [ 519607.5, 195096.4 ], [ 519606.299999999988358, 195111.6 ], [ 519671.599999999976717, 195114.0 ], [ 519698.700000000011642, 195112.5 ], [ 519728.5, 195109.1 ], [ 519761.599999999976717, 195111.0 ], [ 519802.099999999976717, 195114.9 ], [ 519823.700000000011642, 195124.0 ], [ 519843.099999999976717, 195136.5 ], [ 519845.0, 195133.200000000011642 ], [ 519888.400000000023283, 195140.799999999988358 ], [ 519925.200000000011642, 195151.1 ], [ 519919.900000000023283, 195192.9 ], [ 519913.599999999976717, 195225.299999999988358 ], [ 519912.0, 195247.4 ], [ 519911.799999999988358, 195273.299999999988358 ], [ 519912.099999999976717, 195283.299999999988358 ], [ 519912.599999999976717, 195287.799999999988358 ], [ 519914.900000000023283, 195307.299999999988358 ], [ 519914.5, 195311.9 ], [ 520023.0, 195345.299999999988358 ], [ 520108.700000000011642, 195340.0 ], [ 520130.900000000023283, 195337.799999999988358 ], [ 520160.0, 195325.700000000011642 ], [ 520164.799999999988358, 195327.200000000011642 ], [ 520170.0, 195321.6 ], [ 520172.900000000023283, 195318.299999999988358 ], [ 520177.299999999988358, 195314.700000000011642 ], [ 520180.200000000011642, 195309.4 ], [ 520184.400000000023283, 195304.0 ], [ 520190.900000000023283, 195295.5 ], [ 520199.5, 195318.9 ], [ 520213.0, 195313.5 ], [ 520262.900000000023283, 195431.4 ], [ 520267.599999999976717, 195429.200000000011642 ], [ 520274.900000000023283, 195425.9 ], [ 520285.799999999988358, 195419.6 ], [ 520299.200000000011642, 195409.9 ], [ 520305.700000000011642, 195404.200000000011642 ], [ 520321.700000000011642, 195387.4 ], [ 520338.700000000011642, 195372.1 ], [ 520351.099999999976717, 195362.700000000011642 ], [ 520365.299999999988358, 195354.299999999988358 ], [ 520373.599999999976717, 195348.0 ], [ 520380.5, 195340.6 ], [ 520388.700000000011642, 195329.9 ], [ 520399.599999999976717, 195315.4 ], [ 520403.0, 195309.6 ], [ 520404.5, 195305.9 ], [ 520406.200000000011642, 195297.0 ], [ 520407.200000000011642, 195276.5 ], [ 520408.900000000023283, 195269.0 ], [ 520413.0, 195259.1 ], [ 520421.5, 195242.4 ], [ 520424.0, 195236.299999999988358 ], [ 520430.099999999976717, 195216.799999999988358 ], [ 520433.099999999976717, 195210.4 ], [ 520436.200000000011642, 195205.6 ], [ 520445.700000000011642, 195195.4 ], [ 520464.299999999988358, 195180.9 ], [ 520477.799999999988358, 195172.6 ], [ 520485.0, 195169.1 ], [ 520494.099999999976717, 195165.5 ], [ 520514.5, 195159.1 ], [ 520545.200000000011642, 195147.700000000011642 ], [ 520571.5, 195139.9 ], [ 520583.900000000023283, 195137.200000000011642 ], [ 520607.900000000023283, 195133.9 ], [ 520608.700000000011642, 195123.700000000011642 ], [ 520643.299999999988358, 195121.5 ], [ 520655.799999999988358, 195119.1 ], [ 520663.700000000011642, 195116.5 ], [ 520671.200000000011642, 195113.200000000011642 ], [ 520681.799999999988358, 195107.4 ], [ 520687.599999999976717, 195121.700000000011642 ], [ 520710.700000000011642, 195191.700000000011642 ], [ 520738.099999999976717, 195254.9 ], [ 520757.700000000011642, 195293.9 ], [ 520805.700000000011642, 195267.6 ], [ 520807.599999999976717, 195272.4 ], [ 520810.099999999976717, 195278.5 ], [ 520814.299999999988358, 195288.799999999988358 ], [ 520856.299999999988358, 195309.200000000011642 ], [ 520873.599999999976717, 195317.6 ], [ 520903.0, 195374.1 ], [ 520927.599999999976717, 195434.1 ], [ 520973.799999999988358, 195536.799999999988358 ], [ 521000.599999999976717, 195594.799999999988358 ], [ 521020.799999999988358, 195642.1 ], [ 521034.0, 195680.4 ], [ 521045.0, 195714.9 ], [ 521053.599999999976717, 195746.9 ], [ 521065.099999999976717, 195797.6 ], [ 521075.299999999988358, 195842.799999999988358 ], [ 521076.200000000011642, 195847.200000000011642 ], [ 521082.799999999988358, 195881.9 ], [ 521087.700000000011642, 195907.5 ], [ 521095.900000000023283, 195965.1 ], [ 521132.700000000011642, 196259.700000000011642 ], [ 521165.0, 196541.299999999988358 ], [ 521130.5, 196546.5 ], [ 521115.5, 196551.5 ], [ 521104.0, 196557.6 ], [ 521099.799999999988358, 196561.4 ], [ 521092.700000000011642, 196569.299999999988358 ], [ 521081.599999999976717, 196581.0 ], [ 521074.599999999976717, 196589.5 ], [ 521061.299999999988358, 196605.9 ], [ 521066.400000000023283, 196611.799999999988358 ], [ 521071.5, 196617.700000000011642 ], [ 521066.0, 196639.4 ], [ 521066.099999999976717, 196641.799999999988358 ], [ 521068.700000000011642, 196657.700000000011642 ], [ 521072.299999999988358, 196663.5 ], [ 521080.099999999976717, 196672.200000000011642 ], [ 521095.5, 196686.0 ], [ 521110.900000000023283, 196700.5 ], [ 521119.400000000023283, 196703.299999999988358 ], [ 521122.700000000011642, 196705.6 ], [ 521133.5, 196710.5 ], [ 521145.299999999988358, 196700.6 ], [ 521154.5, 196699.5 ], [ 521161.799999999988358, 196703.0 ], [ 521170.900000000023283, 196714.6 ], [ 521196.299999999988358, 196702.6 ], [ 521221.900000000023283, 196690.700000000011642 ], [ 521229.400000000023283, 196680.799999999988358 ], [ 521257.0, 196658.5 ], [ 521272.200000000011642, 196649.700000000011642 ], [ 521291.700000000011642, 196629.299999999988358 ], [ 521301.0, 196615.0 ], [ 521378.099999999976717, 196653.6 ], [ 521396.099999999976717, 196665.6 ], [ 521428.099999999976717, 196687.0 ], [ 521439.799999999988358, 196693.1 ], [ 521487.799999999988358, 196717.9 ], [ 521517.799999999988358, 196738.799999999988358 ], [ 521538.200000000011642, 196759.6 ], [ 521565.799999999988358, 196769.9 ], [ 521571.799999999988358, 196772.1 ], [ 521590.5, 196782.299999999988358 ], [ 521608.900000000023283, 196789.200000000011642 ], [ 521622.099999999976717, 196792.0 ], [ 521634.599999999976717, 196792.4 ], [ 521644.299999999988358, 196793.700000000011642 ], [ 521655.099999999976717, 196796.299999999988358 ], [ 521662.700000000011642, 196799.299999999988358 ], [ 521676.900000000023283, 196805.200000000011642 ], [ 521694.900000000023283, 196815.1 ], [ 521709.900000000023283, 196825.299999999988358 ], [ 521745.400000000023283, 196843.4 ], [ 521772.099999999976717, 196803.0 ], [ 521842.799999999988358, 196842.6 ], [ 521866.0, 196854.299999999988358 ], [ 521894.700000000011642, 196868.700000000011642 ], [ 521944.599999999976717, 196897.0 ], [ 521978.599999999976717, 196914.1 ], [ 521956.299999999988358, 196964.799999999988358 ], [ 521998.0, 196983.4 ], [ 522026.799999999988358, 197005.0 ], [ 522037.299999999988358, 197008.200000000011642 ], [ 522044.599999999976717, 197013.299999999988358 ], [ 522065.400000000023283, 197025.9 ], [ 522080.0, 197032.0 ], [ 522098.799999999988358, 197038.700000000011642 ], [ 522128.700000000011642, 197046.4 ], [ 522172.700000000011642, 197055.6 ], [ 522185.900000000023283, 197054.700000000011642 ], [ 522201.099999999976717, 197054.299999999988358 ], [ 522224.299999999988358, 197007.1 ], [ 522236.299999999988358, 196971.9 ], [ 522246.799999999988358, 196980.5 ], [ 522261.099999999976717, 196985.1 ], [ 522283.400000000023283, 196992.299999999988358 ], [ 522303.599999999976717, 197003.9 ], [ 522359.299999999988358, 197036.0 ], [ 522438.0, 197083.799999999988358 ], [ 522447.799999999988358, 197093.4 ], [ 522455.5, 197100.9 ], [ 522477.0, 197106.299999999988358 ], [ 522486.900000000023283, 197112.6 ], [ 522517.900000000023283, 197135.5 ], [ 522532.099999999976717, 197144.200000000011642 ], [ 522542.099999999976717, 197143.6 ], [ 522561.5, 197158.9 ], [ 522598.799999999988358, 197172.4 ], [ 522606.299999999988358, 197166.299999999988358 ], [ 522628.599999999976717, 197172.0 ], [ 522634.700000000011642, 197126.299999999988358 ], [ 522639.0, 197108.200000000011642 ], [ 522645.799999999988358, 197088.299999999988358 ], [ 522633.299999999988358, 197086.0 ], [ 522650.799999999988358, 197048.200000000011642 ], [ 522662.099999999976717, 197019.9 ], [ 522668.599999999976717, 197007.1 ], [ 522716.799999999988358, 196942.200000000011642 ], [ 522739.599999999976717, 196907.200000000011642 ], [ 522765.799999999988358, 196875.5 ], [ 522776.299999999988358, 196863.6 ], [ 522816.900000000023283, 196899.700000000011642 ], [ 522804.0, 196915.9 ], [ 522836.5, 196942.299999999988358 ], [ 522876.700000000011642, 196972.5 ], [ 522948.700000000011642, 197028.6 ], [ 523018.799999999988358, 197091.6 ], [ 523105.400000000023283, 197159.9 ], [ 523130.099999999976717, 197185.4 ], [ 523197.799999999988358, 197241.5 ], [ 523227.599999999976717, 197263.9 ], [ 523254.0, 197275.0 ], [ 523265.5, 197280.299999999988358 ], [ 523291.900000000023283, 197198.799999999988358 ], [ 523412.599999999976717, 197263.799999999988358 ], [ 523572.0, 197387.4 ], [ 523589.5, 197404.5 ], [ 523658.799999999988358, 197459.700000000011642 ], [ 523666.099999999976717, 197465.700000000011642 ], [ 523707.299999999988358, 197419.1 ], [ 523735.200000000011642, 197379.799999999988358 ], [ 523755.900000000023283, 197353.9 ], [ 523772.900000000023283, 197368.4 ], [ 523796.599999999976717, 197383.9 ], [ 523832.200000000011642, 197406.799999999988358 ], [ 523902.200000000011642, 197448.9 ], [ 524031.200000000011642, 197521.200000000011642 ], [ 524047.200000000011642, 197528.799999999988358 ], [ 523913.599999999976717, 197797.4 ], [ 523861.400000000023283, 197888.200000000011642 ], [ 523809.900000000023283, 197978.5 ], [ 523897.799999999988358, 198048.299999999988358 ], [ 524030.400000000023283, 197943.799999999988358 ], [ 524065.799999999988358, 198003.0 ], [ 524090.200000000011642, 198038.0 ], [ 524179.0, 198158.0 ], [ 524185.700000000011642, 198170.9 ], [ 524249.900000000023283, 198159.6 ], [ 524309.0, 198144.4 ], [ 524330.400000000023283, 198132.799999999988358 ], [ 524350.300000000046566, 198126.4 ], [ 524358.0, 198118.5 ], [ 524381.0, 198109.700000000011642 ], [ 524392.5, 198102.1 ], [ 524423.300000000046566, 198088.200000000011642 ], [ 524411.099999999976717, 198160.6 ], [ 524399.900000000023283, 198216.4 ], [ 524394.599999999976717, 198234.9 ], [ 524393.0, 198255.4 ], [ 524339.300000000046566, 198344.4 ], [ 524406.599999999976717, 198340.1 ], [ 524447.800000000046566, 198339.6 ], [ 524497.699999999953434, 198341.700000000011642 ], [ 524562.800000000046566, 198350.200000000011642 ], [ 524579.900000000023283, 198355.200000000011642 ], [ 524594.300000000046566, 198321.4 ], [ 524607.400000000023283, 198266.799999999988358 ], [ 524619.099999999976717, 198227.4 ], [ 524630.0, 198197.0 ], [ 524636.900000000023283, 198171.5 ], [ 524645.199999999953434, 198138.299999999988358 ], [ 524655.599999999976717, 198138.6 ], [ 524665.599999999976717, 198139.4 ], [ 524673.5, 198139.4 ], [ 524759.0, 198139.0 ], [ 524788.400000000023283, 198136.9 ], [ 524810.699999999953434, 198135.700000000011642 ], [ 524841.099999999976717, 198179.1 ], [ 524878.300000000046566, 198169.299999999988358 ], [ 524932.099999999976717, 198156.4 ], [ 524903.400000000023283, 198080.700000000011642 ], [ 524901.800000000046566, 198067.700000000011642 ], [ 524883.300000000046566, 198018.299999999988358 ], [ 524854.800000000046566, 197939.299999999988358 ], [ 524815.599999999976717, 197841.1 ], [ 524814.5, 197839.299999999988358 ], [ 524878.099999999976717, 197821.700000000011642 ], [ 524921.0, 197811.5 ], [ 525012.099999999976717, 197789.6 ], [ 525102.400000000023283, 197764.9 ], [ 525122.099999999976717, 197756.200000000011642 ], [ 525151.900000000023283, 197738.799999999988358 ], [ 525172.800000000046566, 197722.200000000011642 ], [ 525194.900000000023283, 197695.6 ], [ 525206.0, 197672.6 ], [ 525210.0, 197678.4 ], [ 525214.199999999953434, 197682.700000000011642 ], [ 525254.5, 197765.700000000011642 ], [ 525316.699999999953434, 197890.4 ], [ 525311.199999999953434, 197893.6 ], [ 525345.0, 197964.9 ], [ 525421.599999999976717, 198121.1 ], [ 525557.199999999953434, 198194.6 ], [ 525615.099999999976717, 198200.6 ], [ 525616.800000000046566, 198194.0 ], [ 525814.099999999976717, 198211.5 ], [ 525850.599999999976717, 198250.700000000011642 ], [ 525959.199999999953434, 198368.1 ], [ 525995.099999999976717, 198408.6 ], [ 526069.099999999976717, 198489.1 ], [ 526099.599999999976717, 198525.0 ], [ 526176.0, 198609.5 ], [ 526154.0, 198673.5 ], [ 526197.0, 198670.700000000011642 ], [ 526262.5, 198666.5 ], [ 526245.900000000023283, 198729.6 ], [ 526267.800000000046566, 198762.0 ], [ 526294.099999999976717, 198736.6 ], [ 526466.300000000046566, 198727.1 ], [ 526525.800000000046566, 198832.0 ], [ 526608.800000000046566, 198983.9 ], [ 526746.800000000046566, 199239.6 ], [ 526773.800000000046566, 199292.200000000011642 ], [ 526826.099999999976717, 199383.9 ], [ 526931.300000000046566, 199574.1 ], [ 526938.800000000046566, 199582.700000000011642 ], [ 526949.5, 199597.9 ], [ 526983.0, 199656.700000000011642 ], [ 527053.300000000046566, 199778.0 ], [ 527050.400000000023283, 200000.0 ], [ 527052.400000000023283, 200012.799999999988358 ], [ 527054.800000000046566, 200076.200000000011642 ], [ 527053.599999999976717, 200136.700000000011642 ], [ 527050.599999999976717, 200169.6 ], [ 527046.199999999953434, 200205.6 ], [ 527044.199999999953434, 200256.0 ], [ 527046.699999999953434, 200343.799999999988358 ], [ 527045.199999999953434, 200413.4 ], [ 527067.699999999953434, 200412.700000000011642 ], [ 527100.900000000023283, 200412.799999999988358 ], [ 527143.5, 200403.1 ], [ 527184.5, 200390.799999999988358 ], [ 527217.300000000046566, 200378.4 ], [ 527253.300000000046566, 200372.1 ], [ 527288.5, 200364.299999999988358 ], [ 527312.400000000023283, 200361.299999999988358 ], [ 527341.699999999953434, 200352.200000000011642 ], [ 527427.900000000023283, 200325.799999999988358 ], [ 527449.099999999976717, 200317.0 ], [ 527452.0, 200315.700000000011642 ], [ 527454.800000000046566, 200314.299999999988358 ], [ 527457.599999999976717, 200312.700000000011642 ], [ 527460.400000000023283, 200311.1 ], [ 527463.099999999976717, 200309.5 ], [ 527465.5, 200307.9 ], [ 527468.099999999976717, 200306.0 ], [ 527470.699999999953434, 200304.1 ], [ 527473.199999999953434, 200302.200000000011642 ], [ 527475.699999999953434, 200300.1 ], [ 527478.0, 200298.0 ], [ 527479.699999999953434, 200296.299999999988358 ], [ 527481.400000000023283, 200294.4 ], [ 527482.900000000023283, 200292.5 ], [ 527484.400000000023283, 200290.5 ], [ 527485.900000000023283, 200288.6 ], [ 527487.300000000046566, 200287.1 ], [ 527488.800000000046566, 200285.700000000011642 ], [ 527490.300000000046566, 200284.4 ], [ 527491.800000000046566, 200283.1 ], [ 527493.400000000023283, 200281.9 ], [ 527493.900000000023283, 200281.5 ], [ 527506.0, 200274.9 ], [ 527553.400000000023283, 200251.0 ], [ 527596.0, 200234.1 ], [ 527646.0, 200216.0 ], [ 527660.800000000046566, 200210.6 ], [ 527709.599999999976717, 200195.5 ], [ 527759.0, 200180.200000000011642 ], [ 527802.199999999953434, 200170.6 ], [ 527846.800000000046566, 200163.700000000011642 ], [ 527885.0, 200157.799999999988358 ], [ 527916.800000000046566, 200154.700000000011642 ], [ 527953.199999999953434, 200150.299999999988358 ], [ 527997.900000000023283, 200150.4 ], [ 528028.699999999953434, 200149.299999999988358 ], [ 528071.300000000046566, 200160.5 ], [ 528129.699999999953434, 200180.0 ], [ 528168.199999999953434, 200191.1 ], [ 528217.199999999953434, 200199.6 ], [ 528252.300000000046566, 200209.5 ], [ 528288.099999999976717, 200224.299999999988358 ], [ 528304.699999999953434, 200236.4 ], [ 528327.300000000046566, 200240.6 ], [ 528352.099999999976717, 200248.4 ], [ 528392.800000000046566, 200268.9 ], [ 528446.900000000023283, 200300.6 ], [ 528507.199999999953434, 200336.1 ], [ 528562.0, 200367.4 ], [ 528603.099999999976717, 200388.1 ], [ 528647.900000000023283, 200410.200000000011642 ], [ 528698.199999999953434, 200433.700000000011642 ], [ 528744.400000000023283, 200452.200000000011642 ], [ 528779.300000000046566, 200467.799999999988358 ], [ 528830.300000000046566, 200486.5 ], [ 528881.400000000023283, 200501.6 ], [ 528933.599999999976717, 200515.700000000011642 ], [ 528986.699999999953434, 200530.6 ], [ 529036.900000000023283, 200540.9 ], [ 529067.5, 200528.5 ], [ 529095.699999999953434, 200531.4 ], [ 529100.699999999953434, 200533.4 ], [ 529103.5, 200538.4 ], [ 529103.5, 200546.200000000011642 ], [ 529133.0, 200551.9 ], [ 529166.599999999976717, 200556.1 ], [ 529208.599999999976717, 200557.0 ], [ 529272.199999999953434, 200556.9 ], [ 529340.699999999953434, 200560.799999999988358 ], [ 529397.300000000046566, 200559.700000000011642 ], [ 529447.099999999976717, 200559.0 ], [ 529503.900000000023283, 200558.5 ], [ 529552.5, 200554.6 ], [ 529591.800000000046566, 200552.1 ], [ 529634.400000000023283, 200549.4 ], [ 529698.599999999976717, 200544.700000000011642 ], [ 529764.199999999953434, 200542.0 ], [ 529840.0, 200536.299999999988358 ], [ 529868.800000000046566, 200534.799999999988358 ], [ 529874.699999999953434, 200534.299999999988358 ], [ 529880.699999999953434, 200534.0 ], [ 529886.699999999953434, 200533.799999999988358 ], [ 529887.300000000046566, 200533.799999999988358 ], [ 529893.300000000046566, 200533.799999999988358 ], [ 529899.300000000046566, 200534.0 ], [ 529905.300000000046566, 200534.299999999988358 ], [ 529909.900000000023283, 200534.700000000011642 ], [ 529915.099999999976717, 200535.200000000011642 ], [ 529920.199999999953434, 200535.9 ], [ 529925.300000000046566, 200536.799999999988358 ], [ 529930.400000000023283, 200537.799999999988358 ], [ 529934.900000000023283, 200538.700000000011642 ], [ 529940.800000000046566, 200540.1 ], [ 529946.599999999976717, 200541.6 ], [ 529952.300000000046566, 200543.200000000011642 ], [ 529958.0, 200545.0 ], [ 529963.699999999953434, 200547.0 ], [ 529967.5, 200548.4 ], [ 529989.0, 200553.799999999988358 ], [ 530000.099999999976717, 200556.700000000011642 ], [ 530035.900000000023283, 200569.0 ], [ 530089.099999999976717, 200581.6 ], [ 530123.0, 200588.5 ], [ 530158.199999999953434, 200595.200000000011642 ], [ 530170.199999999953434, 200584.6 ], [ 530189.199999999953434, 200590.200000000011642 ], [ 530187.599999999976717, 200604.4 ], [ 530200.699999999953434, 200616.9 ], [ 530265.300000000046566, 200642.6 ], [ 530311.199999999953434, 200669.299999999988358 ], [ 530344.099999999976717, 200690.200000000011642 ], [ 530379.5, 200711.1 ], [ 530407.0, 200726.6 ], [ 530450.599999999976717, 200743.9 ], [ 530475.5, 200758.5 ], [ 530501.900000000023283, 200777.6 ], [ 530534.599999999976717, 200803.700000000011642 ], [ 530554.099999999976717, 200813.200000000011642 ], [ 530580.300000000046566, 200826.0 ], [ 530648.099999999976717, 200849.5 ], [ 530696.400000000023283, 200864.5 ], [ 530759.099999999976717, 200884.200000000011642 ], [ 530749.699999999953434, 200904.200000000011642 ], [ 530783.5, 200912.9 ], [ 530859.800000000046566, 200923.1 ], [ 530905.0, 200929.0 ], [ 530958.400000000023283, 200931.9 ], [ 531002.199999999953434, 200933.200000000011642 ], [ 531023.5, 200933.6 ], [ 531039.900000000023283, 200933.9 ], [ 531087.900000000023283, 200932.5 ], [ 531135.300000000046566, 200928.0 ], [ 531159.5, 200926.0 ], [ 531192.599999999976717, 200916.9 ], [ 531229.400000000023283, 200904.799999999988358 ], [ 531264.599999999976717, 200895.9 ], [ 531308.199999999953434, 200884.200000000011642 ], [ 531356.199999999953434, 200876.6 ], [ 531406.0, 200867.1 ], [ 531457.199999999953434, 200860.200000000011642 ], [ 531470.300000000046566, 200849.9 ], [ 531514.099999999976717, 200843.4 ], [ 531533.699999999953434, 200841.200000000011642 ], [ 531551.5, 200832.299999999988358 ], [ 531618.099999999976717, 200808.299999999988358 ], [ 531643.599999999976717, 200802.700000000011642 ], [ 531658.599999999976717, 200794.200000000011642 ], [ 531666.400000000023283, 200796.6 ], [ 531713.800000000046566, 200779.700000000011642 ], [ 531753.0, 200764.4 ], [ 531789.0, 200757.5 ], [ 531822.800000000046566, 200754.799999999988358 ], [ 531907.800000000046566, 200751.799999999988358 ], [ 531979.199999999953434, 200746.799999999988358 ], [ 532019.0, 200742.299999999988358 ], [ 532042.599999999976717, 200743.5 ], [ 532109.400000000023283, 200741.9 ], [ 532154.599999999976717, 200745.200000000011642 ], [ 532188.800000000046566, 200748.1 ], [ 532224.099999999976717, 200754.6 ], [ 532267.900000000023283, 200763.9 ], [ 532319.5, 200773.6 ], [ 532353.699999999953434, 200774.9 ], [ 532381.099999999976717, 200779.200000000011642 ], [ 532407.599999999976717, 200778.9 ], [ 532438.800000000046566, 200778.0 ], [ 532477.199999999953434, 200772.5 ], [ 532540.5, 200760.6 ], [ 532579.099999999976717, 200744.9 ], [ 532628.099999999976717, 200729.9 ], [ 532668.300000000046566, 200709.0 ], [ 532670.400000000023283, 200708.0 ], [ 532673.199999999953434, 200706.0 ], [ 532676.0, 200704.1 ], [ 532678.900000000023283, 200702.299999999988358 ], [ 532681.900000000023283, 200700.6 ], [ 532684.900000000023283, 200698.9 ], [ 532687.900000000023283, 200697.4 ], [ 532690.400000000023283, 200696.200000000011642 ], [ 532693.5, 200694.9 ], [ 532696.699999999953434, 200693.6 ], [ 532699.900000000023283, 200692.5 ], [ 532703.199999999953434, 200691.4 ], [ 532706.400000000023283, 200690.4 ], [ 532710.599999999976717, 200689.1 ], [ 532717.800000000046566, 200686.9 ], [ 532725.099999999976717, 200684.9 ], [ 532727.400000000023283, 200684.299999999988358 ], [ 532733.900000000023283, 200682.799999999988358 ], [ 532740.5, 200681.4 ], [ 532747.099999999976717, 200680.200000000011642 ], [ 532748.199999999953434, 200680.0 ], [ 532753.699999999953434, 200679.200000000011642 ], [ 532760.400000000023283, 200678.299999999988358 ], [ 532767.099999999976717, 200677.6 ], [ 532773.699999999953434, 200677.1 ], [ 532778.199999999953434, 200676.9 ], [ 532823.400000000023283, 200669.6 ], [ 532825.400000000023283, 200669.5 ], [ 532827.300000000046566, 200669.4 ], [ 532829.0, 200669.200000000011642 ], [ 532831.0, 200668.9 ], [ 532832.900000000023283, 200668.6 ], [ 532834.800000000046566, 200668.200000000011642 ], [ 532835.599999999976717, 200668.0 ], [ 532836.800000000046566, 200667.6 ], [ 532838.0, 200667.200000000011642 ], [ 532839.099999999976717, 200666.700000000011642 ], [ 532840.300000000046566, 200666.200000000011642 ], [ 532841.800000000046566, 200665.4 ], [ 532843.900000000023283, 200664.4 ], [ 532846.0, 200663.299999999988358 ], [ 532848.0, 200662.1 ], [ 532849.400000000023283, 200661.200000000011642 ], [ 532864.300000000046566, 200655.700000000011642 ], [ 532883.300000000046566, 200652.700000000011642 ], [ 532941.300000000046566, 200616.299999999988358 ], [ 532964.300000000046566, 200600.799999999988358 ], [ 532991.400000000023283, 200582.6 ], [ 533036.099999999976717, 200553.9 ], [ 533065.699999999953434, 200535.200000000011642 ], [ 533097.900000000023283, 200518.5 ], [ 533129.400000000023283, 200497.6 ], [ 533160.599999999976717, 200479.1 ], [ 533216.900000000023283, 200451.6 ], [ 533236.900000000023283, 200444.299999999988358 ], [ 533303.0, 200405.700000000011642 ], [ 533344.400000000023283, 200380.4 ], [ 533375.5, 200360.5 ], [ 533404.699999999953434, 200343.5 ], [ 533462.400000000023283, 200300.1 ], [ 533512.5, 200264.200000000011642 ], [ 533553.400000000023283, 200235.5 ], [ 533589.199999999953434, 200213.0 ], [ 533619.099999999976717, 200195.5 ], [ 533659.199999999953434, 200171.299999999988358 ], [ 533664.400000000023283, 200169.200000000011642 ], [ 533688.800000000046566, 200157.799999999988358 ], [ 533713.699999999953434, 200142.1 ], [ 533772.800000000046566, 200112.1 ], [ 533806.099999999976717, 200099.799999999988358 ], [ 533832.900000000023283, 200089.5 ], [ 533862.699999999953434, 200079.4 ], [ 533900.300000000046566, 200068.1 ], [ 533928.900000000023283, 200060.700000000011642 ], [ 533951.199999999953434, 200059.6 ], [ 533953.900000000023283, 200059.1 ], [ 533966.300000000046566, 200058.6 ], [ 533973.199999999953434, 200056.299999999988358 ], [ 533988.400000000023283, 200047.0 ], [ 534074.199999999953434, 200026.9 ], [ 534109.199999999953434, 200022.4 ], [ 534137.599999999976717, 200017.299999999988358 ], [ 534146.900000000023283, 200016.9 ], [ 534171.0, 200016.0 ], [ 534183.800000000046566, 200015.4 ], [ 534232.0, 200013.1 ], [ 534262.800000000046566, 200014.200000000011642 ], [ 534279.699999999953434, 200033.299999999988358 ], [ 534295.300000000046566, 200031.700000000011642 ], [ 534298.900000000023283, 200023.5 ], [ 534363.300000000046566, 200026.1 ], [ 534402.5, 200032.799999999988358 ], [ 534419.0, 200033.5 ], [ 534448.699999999953434, 200034.700000000011642 ], [ 534496.800000000046566, 200048.0 ], [ 534528.400000000023283, 200056.9 ], [ 534550.599999999976717, 200067.299999999988358 ], [ 534572.300000000046566, 200076.6 ], [ 534600.5, 200077.5 ], [ 534618.099999999976717, 200077.1 ], [ 534666.099999999976717, 200082.0 ], [ 534707.099999999976717, 200085.299999999988358 ], [ 534754.099999999976717, 200097.9 ], [ 534786.199999999953434, 200104.5 ], [ 534802.0, 200109.799999999988358 ], [ 534825.599999999976717, 200123.799999999988358 ], [ 534827.699999999953434, 200124.9 ], [ 534858.5, 200140.299999999988358 ], [ 534870.199999999953434, 200146.6 ], [ 534888.5, 200156.4 ], [ 534915.199999999953434, 200171.200000000011642 ], [ 534957.800000000046566, 200191.1 ], [ 534966.199999999953434, 200170.200000000011642 ], [ 534975.800000000046566, 200166.799999999988358 ], [ 534988.0, 200162.4 ], [ 535000.0, 200162.299999999988358 ], [ 535000.099999999976717, 200162.299999999988358 ], [ 535017.900000000023283, 200171.0 ], [ 535035.199999999953434, 200149.700000000011642 ], [ 535050.199999999953434, 200131.299999999988358 ], [ 535052.800000000046566, 200129.0 ], [ 535055.400000000023283, 200126.799999999988358 ], [ 535058.199999999953434, 200124.6 ], [ 535061.0, 200122.5 ], [ 535063.800000000046566, 200120.5 ], [ 535066.699999999953434, 200118.6 ], [ 535069.699999999953434, 200116.799999999988358 ], [ 535070.699999999953434, 200116.299999999988358 ], [ 535073.699999999953434, 200114.5 ], [ 535076.800000000046566, 200112.9 ], [ 535079.900000000023283, 200111.4 ], [ 535083.099999999976717, 200110.0 ], [ 535086.300000000046566, 200108.6 ], [ 535089.5, 200107.4 ], [ 535092.800000000046566, 200106.200000000011642 ], [ 535096.099999999976717, 200105.1 ], [ 535096.5, 200105.0 ], [ 535099.900000000023283, 200104.0 ], [ 535103.400000000023283, 200103.200000000011642 ], [ 535106.900000000023283, 200102.4 ], [ 535110.400000000023283, 200101.799999999988358 ], [ 535113.900000000023283, 200101.200000000011642 ], [ 535117.5, 200100.700000000011642 ], [ 535121.0, 200100.299999999988358 ], [ 535123.599999999976717, 200100.0 ], [ 535128.699999999953434, 200099.4 ], [ 535133.800000000046566, 200099.0 ], [ 535139.0, 200098.799999999988358 ], [ 535144.199999999953434, 200098.700000000011642 ], [ 535149.300000000046566, 200098.700000000011642 ], [ 535154.5, 200098.9 ], [ 535159.599999999976717, 200099.200000000011642 ], [ 535164.800000000046566, 200099.6 ], [ 535169.900000000023283, 200100.200000000011642 ], [ 535175.0, 200100.9 ], [ 535175.699999999953434, 200101.0 ], [ 535191.400000000023283, 200102.5 ], [ 535234.5, 200106.4 ], [ 535272.300000000046566, 200106.200000000011642 ], [ 535301.599999999976717, 200107.1 ], [ 535309.699999999953434, 200105.0 ], [ 535342.300000000046566, 200099.0 ], [ 535344.300000000046566, 200097.9 ], [ 535338.599999999976717, 200079.0 ], [ 535344.300000000046566, 200077.799999999988358 ], [ 535342.099999999976717, 200070.6 ], [ 535423.400000000023283, 200065.6 ], [ 535423.900000000023283, 200074.799999999988358 ], [ 535426.800000000046566, 200074.6 ], [ 535494.800000000046566, 200069.200000000011642 ], [ 535522.599999999976717, 200067.0 ], [ 535622.199999999953434, 200058.5 ], [ 535794.400000000023283, 200050.6 ], [ 535797.199999999953434, 200050.5 ], [ 535798.800000000046566, 200050.4 ], [ 535798.699999999953434, 200043.4 ], [ 535798.699999999953434, 200039.1 ], [ 535798.699999999953434, 200038.4 ], [ 535798.800000000046566, 200036.200000000011642 ], [ 535804.099999999976717, 200036.200000000011642 ], [ 535804.099999999976717, 200027.4 ], [ 535812.099999999976717, 200026.9 ], [ 535978.300000000046566, 200017.5 ], [ 535995.900000000023283, 200016.5 ], [ 535995.900000000023283, 200026.1 ], [ 536054.5, 200022.700000000011642 ], [ 536075.199999999953434, 200021.5 ], [ 536083.900000000023283, 200021.0 ], [ 536086.099999999976717, 200025.200000000011642 ], [ 536242.699999999953434, 200019.5 ], [ 536245.0, 200033.4 ], [ 536329.800000000046566, 200023.200000000011642 ], [ 536401.699999999953434, 200014.0 ], [ 536449.599999999976717, 200006.200000000011642 ], [ 536458.5, 200000.0 ], [ 536490.400000000023283, 199993.200000000011642 ], [ 536525.099999999976717, 199989.799999999988358 ], [ 536570.400000000023283, 199981.200000000011642 ], [ 536622.599999999976717, 199968.9 ], [ 536658.099999999976717, 199959.799999999988358 ], [ 536674.300000000046566, 199954.4 ], [ 536695.699999999953434, 199947.299999999988358 ], [ 536750.0, 199933.9 ], [ 536763.800000000046566, 199941.799999999988358 ], [ 536783.300000000046566, 199938.200000000011642 ], [ 536836.5, 199931.1 ], [ 536919.300000000046566, 199912.4 ], [ 537000.099999999976717, 199898.799999999988358 ], [ 537010.0, 199898.0 ], [ 537109.800000000046566, 199889.9 ], [ 537138.800000000046566, 199887.0 ], [ 537158.699999999953434, 199887.299999999988358 ], [ 537261.599999999976717, 199889.200000000011642 ], [ 537327.5, 199889.6 ], [ 537399.099999999976717, 199887.4 ], [ 537525.900000000023283, 199882.799999999988358 ], [ 537543.800000000046566, 199883.1 ], [ 537592.599999999976717, 199883.700000000011642 ], [ 537602.800000000046566, 199883.799999999988358 ], [ 537600.0, 199868.799999999988358 ], [ 537599.0, 199863.4 ], [ 537601.400000000023283, 199794.799999999988358 ], [ 537612.199999999953434, 199742.9 ], [ 537614.0, 199734.0 ], [ 537628.599999999976717, 199669.6 ], [ 537637.800000000046566, 199613.1 ], [ 537645.900000000023283, 199559.5 ], [ 537657.300000000046566, 199487.9 ], [ 537663.900000000023283, 199437.5 ], [ 537666.5, 199417.6 ], [ 537666.900000000023283, 199414.299999999988358 ], [ 537665.800000000046566, 199388.700000000011642 ], [ 537659.5, 199365.9 ], [ 537655.099999999976717, 199338.700000000011642 ], [ 537653.800000000046566, 199330.299999999988358 ], [ 537647.5, 199288.0 ], [ 537642.800000000046566, 199257.200000000011642 ], [ 537638.800000000046566, 199231.200000000011642 ], [ 537637.0, 199208.4 ], [ 537634.400000000023283, 199173.799999999988358 ], [ 537623.599999999976717, 199046.1 ], [ 537610.199999999953434, 198887.9 ], [ 537608.0, 198813.1 ], [ 537607.900000000023283, 198805.799999999988358 ], [ 537608.0, 198798.4 ], [ 537608.300000000046566, 198791.0 ], [ 537608.800000000046566, 198783.6 ], [ 537608.900000000023283, 198782.0 ], [ 537609.5, 198774.6 ], [ 537609.800000000046566, 198772.0 ], [ 537610.300000000046566, 198767.200000000011642 ], [ 537611.300000000046566, 198759.9 ], [ 537612.5, 198752.6 ], [ 537614.099999999976717, 198745.4 ], [ 537614.599999999976717, 198743.5 ], [ 537615.900000000023283, 198739.1 ], [ 537617.400000000023283, 198734.700000000011642 ], [ 537619.0, 198730.299999999988358 ], [ 537620.699999999953434, 198726.0 ], [ 537622.400000000023283, 198721.6 ], [ 537624.099999999976717, 198717.299999999988358 ], [ 537625.099999999976717, 198714.700000000011642 ], [ 537648.5, 198653.0 ], [ 537667.0, 198619.200000000011642 ], [ 537668.099999999976717, 198615.5 ], [ 537669.099999999976717, 198611.700000000011642 ], [ 537670.0, 198607.9 ], [ 537670.800000000046566, 198604.0 ], [ 537671.400000000023283, 198600.200000000011642 ], [ 537671.5, 198599.6 ], [ 537672.099999999976717, 198595.700000000011642 ], [ 537672.599999999976717, 198591.799999999988358 ], [ 537673.0, 198587.9 ], [ 537673.300000000046566, 198584.0 ], [ 537673.400000000023283, 198580.1 ], [ 537673.300000000046566, 198576.200000000011642 ], [ 537673.099999999976717, 198572.299999999988358 ], [ 537673.099999999976717, 198572.0 ], [ 537672.699999999953434, 198569.200000000011642 ], [ 537672.300000000046566, 198566.5 ], [ 537671.699999999953434, 198563.799999999988358 ], [ 537671.0, 198561.1 ], [ 537670.199999999953434, 198558.4 ], [ 537669.400000000023283, 198555.700000000011642 ], [ 537668.599999999976717, 198553.0 ], [ 537666.800000000046566, 198547.700000000011642 ], [ 537666.0, 198545.1 ], [ 537665.599999999976717, 198543.799999999988358 ], [ 537662.800000000046566, 198535.0 ], [ 537659.699999999953434, 198526.299999999988358 ], [ 537656.5, 198517.6 ], [ 537653.099999999976717, 198509.0 ], [ 537651.099999999976717, 198504.299999999988358 ], [ 537649.5, 198501.1 ], [ 537648.0, 198497.799999999988358 ], [ 537646.699999999953434, 198494.5 ], [ 537645.400000000023283, 198491.200000000011642 ], [ 537644.199999999953434, 198487.799999999988358 ], [ 537643.099999999976717, 198484.4 ], [ 537642.800000000046566, 198483.5 ], [ 537641.900000000023283, 198480.0 ], [ 537641.099999999976717, 198476.6 ], [ 537640.5, 198473.1 ], [ 537639.900000000023283, 198469.5 ], [ 537639.400000000023283, 198466.0 ], [ 537638.400000000023283, 198458.9 ], [ 537637.900000000023283, 198455.5 ], [ 537635.900000000023283, 198440.9 ], [ 537634.199999999953434, 198426.200000000011642 ], [ 537634.099999999976717, 198425.299999999988358 ], [ 537632.400000000023283, 198408.6 ], [ 537631.199999999953434, 198391.9 ], [ 537630.300000000046566, 198375.1 ], [ 537629.800000000046566, 198358.299999999988358 ], [ 537629.599999999976717, 198341.5 ], [ 537629.800000000046566, 198324.700000000011642 ], [ 537630.099999999976717, 198315.4 ], [ 537627.900000000023283, 198163.4 ], [ 537624.400000000023283, 198000.4 ], [ 537624.599999999976717, 197995.0 ], [ 537624.900000000023283, 197989.700000000011642 ], [ 537625.300000000046566, 197984.299999999988358 ], [ 537625.900000000023283, 197978.9 ], [ 537626.699999999953434, 197973.6 ], [ 537627.199999999953434, 197970.4 ], [ 537628.099999999976717, 197965.1 ], [ 537629.199999999953434, 197959.799999999988358 ], [ 537630.400000000023283, 197954.6 ], [ 537631.699999999953434, 197949.4 ], [ 537633.199999999953434, 197944.200000000011642 ], [ 537634.900000000023283, 197939.1 ], [ 537636.699999999953434, 197934.0 ], [ 537638.400000000023283, 197929.4 ], [ 537640.400000000023283, 197924.799999999988358 ], [ 537642.599999999976717, 197920.299999999988358 ], [ 537644.900000000023283, 197915.9 ], [ 537647.300000000046566, 197911.6 ], [ 537649.800000000046566, 197907.299999999988358 ], [ 537652.300000000046566, 197903.0 ], [ 537654.900000000023283, 197898.700000000011642 ], [ 537657.400000000023283, 197894.4 ], [ 537658.900000000023283, 197891.700000000011642 ], [ 537678.099999999976717, 197858.200000000011642 ], [ 537689.400000000023283, 197839.299999999988358 ], [ 537720.800000000046566, 197792.200000000011642 ], [ 537746.0, 197762.299999999988358 ], [ 537755.5, 197751.1 ], [ 537759.5, 197746.5 ], [ 537763.300000000046566, 197741.9 ], [ 537767.099999999976717, 197737.1 ], [ 537770.699999999953434, 197732.299999999988358 ], [ 537774.199999999953434, 197727.4 ], [ 537777.5, 197722.4 ], [ 537780.800000000046566, 197717.299999999988358 ], [ 537783.900000000023283, 197712.1 ], [ 537786.800000000046566, 197706.799999999988358 ], [ 537789.699999999953434, 197701.5 ], [ 537789.900000000023283, 197701.0 ], [ 537792.599999999976717, 197695.6 ], [ 537795.199999999953434, 197690.1 ], [ 537797.699999999953434, 197684.6 ], [ 537799.900000000023283, 197679.0 ], [ 537802.099999999976717, 197673.299999999988358 ], [ 537804.099999999976717, 197667.6 ], [ 537805.900000000023283, 197661.9 ], [ 537807.5, 197656.1 ], [ 537808.900000000023283, 197650.200000000011642 ], [ 537809.599999999976717, 197647.1 ], [ 537810.5, 197642.1 ], [ 537811.300000000046566, 197637.1 ], [ 537811.900000000023283, 197632.0 ], [ 537812.400000000023283, 197627.0 ], [ 537812.699999999953434, 197621.9 ], [ 537812.900000000023283, 197616.799999999988358 ], [ 537813.0, 197611.700000000011642 ], [ 537813.0, 197606.6 ], [ 537812.900000000023283, 197601.5 ], [ 537812.599999999976717, 197596.4 ], [ 537812.300000000046566, 197591.299999999988358 ], [ 537811.900000000023283, 197586.200000000011642 ], [ 537811.599999999976717, 197583.299999999988358 ], [ 537810.900000000023283, 197577.200000000011642 ], [ 537810.0, 197571.1 ], [ 537809.0, 197565.0 ], [ 537807.800000000046566, 197558.9 ], [ 537806.5, 197552.9 ], [ 537805.0, 197546.9 ], [ 537803.400000000023283, 197541.0 ], [ 537801.599999999976717, 197535.1 ], [ 537799.699999999953434, 197529.200000000011642 ], [ 537798.199999999953434, 197525.200000000011642 ], [ 537759.5, 197341.1 ], [ 537725.400000000023283, 197185.0 ], [ 537725.099999999976717, 197183.4 ], [ 537679.300000000046566, 196983.200000000011642 ], [ 537657.800000000046566, 196882.700000000011642 ], [ 537642.0, 196809.299999999988358 ], [ 537640.800000000046566, 196803.9 ], [ 537639.599999999976717, 196798.4 ], [ 537638.599999999976717, 196792.799999999988358 ], [ 537637.699999999953434, 196787.299999999988358 ], [ 537637.0, 196781.700000000011642 ], [ 537636.900000000023283, 196781.0 ], [ 537636.400000000023283, 196775.4 ], [ 537636.0, 196769.700000000011642 ], [ 537635.800000000046566, 196764.1 ], [ 537635.699999999953434, 196762.0 ], [ 537635.699999999953434, 196756.0 ], [ 537635.800000000046566, 196750.1 ], [ 537636.099999999976717, 196744.200000000011642 ], [ 537636.400000000023283, 196738.299999999988358 ], [ 537636.400000000023283, 196737.4 ], [ 537637.5, 196717.700000000011642 ], [ 537639.0, 196698.0 ], [ 537640.900000000023283, 196678.4 ], [ 537643.199999999953434, 196658.9 ], [ 537646.0, 196639.4 ], [ 537649.099999999976717, 196620.5 ], [ 537657.699999999953434, 196537.299999999988358 ], [ 537658.300000000046566, 196488.700000000011642 ], [ 537657.699999999953434, 196423.1 ], [ 537646.400000000023283, 196321.5 ], [ 537644.400000000023283, 196303.799999999988358 ], [ 537634.699999999953434, 196149.6 ], [ 537634.5, 196147.4 ], [ 537625.199999999953434, 196030.700000000011642 ], [ 537625.099999999976717, 196029.5 ], [ 537642.199999999953434, 196029.4 ], [ 537642.5, 196033.200000000011642 ], [ 537667.699999999953434, 196048.9 ], [ 537676.0, 196052.299999999988358 ], [ 537705.0, 196050.9 ], [ 537729.0, 196048.1 ], [ 537755.199999999953434, 196040.4 ], [ 537768.400000000023283, 196065.200000000011642 ], [ 537834.900000000023283, 196068.5 ], [ 537851.0, 196067.4 ], [ 537862.300000000046566, 196065.799999999988358 ], [ 537878.099999999976717, 196062.5 ], [ 537896.0, 196056.0 ], [ 537921.099999999976717, 196048.200000000011642 ], [ 537947.5, 196037.0 ], [ 537965.400000000023283, 196031.299999999988358 ], [ 537940.199999999953434, 195995.700000000011642 ], [ 537922.800000000046566, 195958.9 ], [ 537928.199999999953434, 195952.299999999988358 ], [ 537926.400000000023283, 195932.200000000011642 ], [ 537925.300000000046566, 195927.299999999988358 ], [ 537923.400000000023283, 195922.6 ], [ 537908.300000000046566, 195898.200000000011642 ], [ 537902.300000000046566, 195865.1 ], [ 537894.199999999953434, 195844.200000000011642 ], [ 537906.099999999976717, 195844.5 ], [ 537906.0, 195821.5 ], [ 537906.699999999953434, 195806.0 ], [ 537908.900000000023283, 195783.200000000011642 ], [ 537909.400000000023283, 195762.799999999988358 ], [ 537908.800000000046566, 195751.4 ], [ 537914.5, 195745.799999999988358 ], [ 537918.300000000046566, 195743.0 ], [ 537927.199999999953434, 195738.5 ], [ 537934.599999999976717, 195736.200000000011642 ], [ 537978.0, 195729.200000000011642 ], [ 538021.5, 195718.1 ], [ 538051.300000000046566, 195718.0 ], [ 538065.300000000046566, 195718.200000000011642 ], [ 538082.400000000023283, 195720.700000000011642 ], [ 538092.199999999953434, 195722.700000000011642 ], [ 538101.900000000023283, 195725.200000000011642 ], [ 538166.0, 195744.799999999988358 ], [ 538176.0, 195720.700000000011642 ], [ 538178.300000000046566, 195712.1 ], [ 538180.199999999953434, 195707.6 ], [ 538182.300000000046566, 195704.1 ], [ 538191.699999999953434, 195692.5 ], [ 538201.699999999953434, 195671.299999999988358 ], [ 538208.300000000046566, 195654.6 ], [ 538230.699999999953434, 195668.1 ], [ 538280.599999999976717, 195701.4 ], [ 538334.5, 195733.4 ], [ 538355.599999999976717, 195745.4 ], [ 538406.099999999976717, 195766.700000000011642 ], [ 538421.800000000046566, 195770.5 ], [ 538446.699999999953434, 195771.700000000011642 ], [ 538461.300000000046566, 195763.799999999988358 ], [ 538449.900000000023283, 195752.0 ], [ 538455.300000000046566, 195746.6 ], [ 538457.900000000023283, 195743.299999999988358 ], [ 538462.300000000046566, 195735.1 ], [ 538463.5, 195731.0 ], [ 538464.800000000046566, 195721.5 ], [ 538491.0, 195654.6 ], [ 538498.900000000023283, 195631.5 ], [ 538511.400000000023283, 195609.299999999988358 ], [ 538519.400000000023283, 195597.6 ], [ 538527.900000000023283, 195586.299999999988358 ], [ 538543.599999999976717, 195568.700000000011642 ], [ 538551.400000000023283, 195562.1 ], [ 538560.699999999953434, 195558.0 ], [ 538573.800000000046566, 195558.299999999988358 ], [ 538587.800000000046566, 195557.799999999988358 ], [ 538601.699999999953434, 195549.700000000011642 ], [ 538633.0, 195547.299999999988358 ], [ 538663.699999999953434, 195550.1 ], [ 538681.5, 195549.700000000011642 ], [ 538693.0, 195547.700000000011642 ], [ 538695.900000000023283, 195543.9 ], [ 538709.400000000023283, 195544.4 ], [ 538729.099999999976717, 195550.6 ], [ 538732.0, 195538.1 ], [ 538785.800000000046566, 195539.6 ], [ 538838.699999999953434, 195544.799999999988358 ], [ 538866.5, 195548.200000000011642 ], [ 538893.0, 195554.0 ], [ 538912.199999999953434, 195556.4 ], [ 538930.699999999953434, 195555.4 ], [ 538940.599999999976717, 195555.700000000011642 ], [ 538945.300000000046566, 195555.6 ], [ 538974.699999999953434, 195550.700000000011642 ], [ 539000.099999999976717, 195550.6 ], [ 539070.5, 195539.700000000011642 ], [ 539108.800000000046566, 195535.6 ], [ 539158.199999999953434, 195540.799999999988358 ], [ 539165.5, 195540.799999999988358 ], [ 539172.699999999953434, 195540.0 ], [ 539182.699999999953434, 195537.700000000011642 ], [ 539232.599999999976717, 195532.1 ], [ 539253.0, 195526.200000000011642 ], [ 539261.300000000046566, 195523.1 ], [ 539281.400000000023283, 195514.0 ], [ 539285.300000000046566, 195512.799999999988358 ], [ 539290.800000000046566, 195511.9 ], [ 539300.800000000046566, 195512.0 ], [ 539331.5, 195510.1 ], [ 539351.699999999953434, 195507.200000000011642 ], [ 539375.099999999976717, 195501.4 ], [ 539422.300000000046566, 195483.700000000011642 ], [ 539457.699999999953434, 195479.1 ], [ 539469.599999999976717, 195478.700000000011642 ], [ 539489.699999999953434, 195467.5 ], [ 539502.400000000023283, 195462.200000000011642 ], [ 539519.300000000046566, 195457.0 ], [ 539537.599999999976717, 195453.4 ], [ 539586.400000000023283, 195438.4 ], [ 539625.599999999976717, 195430.0 ], [ 539654.0, 195425.1 ], [ 539696.800000000046566, 195421.799999999988358 ], [ 539745.400000000023283, 195423.799999999988358 ], [ 539830.199999999953434, 195434.299999999988358 ], [ 539880.199999999953434, 195447.9 ], [ 540000.0, 195504.1 ], [ 540000.099999999976717, 195504.1 ], [ 540060.800000000046566, 195527.299999999988358 ], [ 540061.599999999976717, 195524.299999999988358 ], [ 540072.599999999976717, 195465.299999999988358 ], [ 540084.0, 195409.0 ], [ 540082.699999999953434, 195350.200000000011642 ], [ 540086.199999999953434, 195262.1 ], [ 540094.0, 195172.6 ], [ 540096.400000000023283, 195150.200000000011642 ], [ 540157.400000000023283, 195133.299999999988358 ], [ 540209.800000000046566, 195123.799999999988358 ], [ 540224.5, 195122.700000000011642 ], [ 540230.599999999976717, 195113.5 ], [ 540241.400000000023283, 195106.5 ], [ 540232.599999999976717, 195088.700000000011642 ], [ 540226.900000000023283, 195075.200000000011642 ], [ 540223.199999999953434, 195064.5 ], [ 540220.5, 195053.799999999988358 ], [ 540218.800000000046566, 195042.9 ], [ 540217.800000000046566, 195031.299999999988358 ], [ 540213.900000000023283, 195000.0 ], [ 540213.800000000046566, 194986.200000000011642 ], [ 540214.300000000046566, 194968.0 ], [ 540215.900000000023283, 194957.799999999988358 ], [ 540218.5, 194947.700000000011642 ], [ 540221.800000000046566, 194938.4 ], [ 540233.300000000046566, 194911.6 ], [ 540235.599999999976717, 194907.0 ], [ 540252.199999999953434, 194879.799999999988358 ], [ 540267.900000000023283, 194855.4 ], [ 540284.300000000046566, 194833.5 ], [ 540289.900000000023283, 194804.700000000011642 ], [ 540279.0, 194784.0 ], [ 540269.400000000023283, 194751.9 ], [ 540243.099999999976717, 194681.6 ], [ 540217.599999999976717, 194624.0 ], [ 540208.099999999976717, 194592.1 ], [ 540199.099999999976717, 194560.0 ], [ 540183.099999999976717, 194496.9 ], [ 540170.900000000023283, 194435.9 ], [ 540169.199999999953434, 194423.200000000011642 ], [ 540173.199999999953434, 194419.0 ], [ 540169.300000000046566, 194397.700000000011642 ], [ 540173.300000000046566, 194394.700000000011642 ], [ 540175.800000000046566, 194393.299999999988358 ], [ 540173.599999999976717, 194382.1 ], [ 540164.199999999953434, 194374.1 ], [ 540081.0, 194267.799999999988358 ], [ 540058.099999999976717, 194226.9 ], [ 540036.300000000046566, 194159.700000000011642 ], [ 540052.5, 194148.299999999988358 ], [ 540119.0, 194101.299999999988358 ], [ 540187.800000000046566, 194054.200000000011642 ], [ 540232.0, 194018.799999999988358 ], [ 540255.0, 193997.9 ], [ 540324.599999999976717, 193932.6 ], [ 540360.300000000046566, 193887.9 ], [ 540367.900000000023283, 193872.700000000011642 ], [ 540377.400000000023283, 193859.4 ], [ 540382.0, 193854.0 ], [ 540392.400000000023283, 193844.0 ], [ 540401.900000000023283, 193837.299999999988358 ], [ 540407.5, 193834.799999999988358 ], [ 540414.099999999976717, 193832.5 ], [ 540433.699999999953434, 193827.700000000011642 ], [ 540444.0, 193825.799999999988358 ], [ 540459.800000000046566, 193824.1 ], [ 540469.300000000046566, 193821.799999999988358 ], [ 540477.099999999976717, 193818.9 ], [ 540484.099999999976717, 193815.1 ], [ 540493.699999999953434, 193808.6 ], [ 540514.5, 193789.0 ], [ 540550.5, 193760.0 ], [ 540551.099999999976717, 193758.6 ], [ 540543.599999999976717, 193710.9 ], [ 540568.300000000046566, 193707.6 ], [ 540569.199999999953434, 193704.299999999988358 ], [ 540577.599999999976717, 193680.799999999988358 ], [ 540580.900000000023283, 193673.6 ], [ 540588.199999999953434, 193661.5 ], [ 540593.699999999953434, 193655.200000000011642 ], [ 540607.0, 193643.0 ], [ 540668.900000000023283, 193598.9 ], [ 540655.900000000023283, 193560.299999999988358 ], [ 540722.0, 193540.799999999988358 ], [ 540738.099999999976717, 193522.5 ], [ 540771.599999999976717, 193492.1 ], [ 540787.900000000023283, 193476.4 ], [ 540803.900000000023283, 193460.799999999988358 ], [ 540815.400000000023283, 193448.0 ], [ 540824.199999999953434, 193435.6 ], [ 540832.699999999953434, 193420.6 ], [ 540905.199999999953434, 193321.299999999988358 ], [ 540917.300000000046566, 193302.700000000011642 ], [ 540922.900000000023283, 193290.6 ], [ 540925.300000000046566, 193286.6 ], [ 540945.5, 193263.5 ], [ 540954.199999999953434, 193254.1 ], [ 541009.599999999976717, 193200.6 ], [ 541023.5, 193182.700000000011642 ], [ 541045.699999999953434, 193152.6 ], [ 541055.400000000023283, 193142.5 ], [ 541073.300000000046566, 193121.4 ], [ 541097.0, 193084.799999999988358 ], [ 541122.599999999976717, 193051.700000000011642 ], [ 541146.099999999976717, 193028.6 ], [ 541152.599999999976717, 193021.4 ], [ 541156.900000000023283, 193000.6 ], [ 541158.599999999976717, 192974.200000000011642 ], [ 541162.900000000023283, 192970.4 ], [ 541172.199999999953434, 192976.9 ], [ 541218.900000000023283, 192930.6 ], [ 541221.300000000046566, 192934.299999999988358 ], [ 541348.0, 192813.700000000011642 ], [ 541341.300000000046566, 192795.200000000011642 ], [ 541335.099999999976717, 192778.5 ], [ 541346.599999999976717, 192773.1 ], [ 541362.800000000046566, 192765.6 ], [ 541383.5, 192755.9 ], [ 541384.300000000046566, 192755.6 ], [ 541381.5, 192748.700000000011642 ], [ 541380.400000000023283, 192746.1 ], [ 541389.599999999976717, 192739.1 ], [ 541389.800000000046566, 192739.0 ], [ 541397.900000000023283, 192733.299999999988358 ], [ 541404.300000000046566, 192746.5 ], [ 541411.599999999976717, 192759.9 ], [ 541423.0, 192774.9 ], [ 541440.800000000046566, 192790.9 ], [ 541462.599999999976717, 192812.299999999988358 ], [ 541484.199999999953434, 192828.799999999988358 ], [ 541506.599999999976717, 192843.6 ], [ 541533.599999999976717, 192860.0 ], [ 541556.800000000046566, 192867.9 ], [ 541588.0, 192879.5 ], [ 541630.0, 192890.6 ], [ 541667.199999999953434, 192903.6 ], [ 541706.599999999976717, 192916.700000000011642 ], [ 541756.800000000046566, 192916.0 ], [ 541759.599999999976717, 192932.799999999988358 ], [ 541766.400000000023283, 192934.4 ], [ 541774.800000000046566, 192930.0 ], [ 541820.400000000023283, 192931.299999999988358 ], [ 541874.199999999953434, 192939.700000000011642 ], [ 541880.199999999953434, 192951.299999999988358 ], [ 541960.400000000023283, 192981.299999999988358 ], [ 542017.0, 192995.5 ], [ 542064.400000000023283, 193009.0 ], [ 542113.800000000046566, 193025.1 ], [ 542183.800000000046566, 193047.0 ], [ 542233.599999999976717, 193062.5 ], [ 542245.599999999976717, 193060.9 ], [ 542253.0, 193049.9 ], [ 542263.800000000046566, 193047.1 ], [ 542276.5, 193047.700000000011642 ], [ 542300.099999999976717, 193010.299999999988358 ], [ 542315.300000000046566, 192992.0 ], [ 542318.099999999976717, 192988.0 ], [ 542324.900000000023283, 192976.1 ], [ 542325.699999999953434, 192973.5 ], [ 542326.300000000046566, 192968.5 ], [ 542325.900000000023283, 192964.0 ], [ 542322.400000000023283, 192951.0 ], [ 542320.400000000023283, 192943.700000000011642 ], [ 542314.699999999953434, 192928.200000000011642 ], [ 542312.400000000023283, 192918.0 ], [ 542312.300000000046566, 192912.700000000011642 ], [ 542314.300000000046566, 192903.6 ], [ 542318.400000000023283, 192897.299999999988358 ], [ 542319.900000000023283, 192893.5 ], [ 542320.5, 192889.700000000011642 ], [ 542320.099999999976717, 192885.299999999988358 ], [ 542318.599999999976717, 192880.4 ], [ 542316.0, 192875.299999999988358 ], [ 542311.099999999976717, 192869.200000000011642 ], [ 542280.5, 192845.5 ], [ 542276.300000000046566, 192839.6 ], [ 542273.699999999953434, 192837.200000000011642 ], [ 542267.199999999953434, 192833.0 ], [ 542263.099999999976717, 192831.6 ], [ 542257.400000000023283, 192830.700000000011642 ], [ 542252.099999999976717, 192831.0 ], [ 542247.699999999953434, 192832.1 ], [ 542243.5, 192834.200000000011642 ], [ 542233.599999999976717, 192842.1 ], [ 542229.800000000046566, 192846.5 ], [ 542220.300000000046566, 192859.6 ], [ 542214.800000000046566, 192865.0 ], [ 542208.5, 192869.6 ], [ 542201.5, 192873.299999999988358 ], [ 542193.900000000023283, 192876.299999999988358 ], [ 542185.300000000046566, 192878.4 ], [ 542172.900000000023283, 192880.1 ], [ 542162.699999999953434, 192880.9 ], [ 542148.5, 192879.700000000011642 ], [ 542143.800000000046566, 192878.799999999988358 ], [ 542140.400000000023283, 192877.299999999988358 ], [ 542134.199999999953434, 192872.9 ], [ 542126.800000000046566, 192864.6 ], [ 542123.099999999976717, 192861.6 ], [ 542117.800000000046566, 192858.799999999988358 ], [ 542078.199999999953434, 192846.4 ], [ 542062.599999999976717, 192843.9 ], [ 542040.300000000046566, 192833.0 ], [ 542037.699999999953434, 192830.799999999988358 ], [ 542033.199999999953434, 192825.700000000011642 ], [ 542027.900000000023283, 192817.1 ], [ 542023.300000000046566, 192807.9 ], [ 542015.599999999976717, 192788.200000000011642 ], [ 542011.5, 192780.299999999988358 ], [ 542005.400000000023283, 192771.1 ], [ 541997.599999999976717, 192761.700000000011642 ], [ 541990.0, 192754.0 ], [ 541983.199999999953434, 192748.5 ], [ 541963.5, 192735.9 ], [ 541955.699999999953434, 192729.200000000011642 ], [ 541949.099999999976717, 192722.1 ], [ 541944.900000000023283, 192716.200000000011642 ], [ 541941.800000000046566, 192710.700000000011642 ], [ 541924.900000000023283, 192670.799999999988358 ], [ 541918.0, 192647.6 ], [ 541915.5, 192636.700000000011642 ], [ 541914.199999999953434, 192628.299999999988358 ], [ 541913.900000000023283, 192620.200000000011642 ], [ 541914.400000000023283, 192612.6 ], [ 541918.099999999976717, 192593.700000000011642 ], [ 541918.800000000046566, 192591.799999999988358 ], [ 541929.0, 192576.0 ], [ 541930.699999999953434, 192572.0 ], [ 541931.5, 192568.5 ], [ 541931.599999999976717, 192560.9 ], [ 541930.199999999953434, 192556.5 ], [ 541927.199999999953434, 192550.4 ], [ 541923.400000000023283, 192545.0 ], [ 541913.099999999976717, 192534.700000000011642 ], [ 541909.300000000046566, 192530.1 ], [ 541905.800000000046566, 192524.6 ], [ 541903.099999999976717, 192518.799999999988358 ], [ 541901.0, 192512.0 ], [ 541899.900000000023283, 192505.700000000011642 ], [ 541899.800000000046566, 192499.6 ], [ 541900.699999999953434, 192492.6 ], [ 541903.099999999976717, 192485.6 ], [ 541906.900000000023283, 192479.200000000011642 ], [ 541911.699999999953434, 192473.6 ], [ 541913.0, 192472.5 ], [ 541925.199999999953434, 192494.700000000011642 ], [ 541935.199999999953434, 192507.5 ], [ 541944.800000000046566, 192515.299999999988358 ], [ 541952.199999999953434, 192517.0 ], [ 541959.599999999976717, 192514.799999999988358 ], [ 541969.400000000023283, 192509.6 ], [ 542040.5, 192465.5 ], [ 542096.400000000023283, 192428.200000000011642 ], [ 542148.800000000046566, 192391.700000000011642 ], [ 542168.300000000046566, 192380.299999999988358 ], [ 542221.300000000046566, 192349.0 ], [ 542235.800000000046566, 192337.799999999988358 ], [ 542258.0, 192319.700000000011642 ], [ 542279.5, 192301.200000000011642 ], [ 542324.099999999976717, 192265.5 ], [ 542461.0, 192164.5 ], [ 542494.900000000023283, 192140.0 ], [ 542561.800000000046566, 192097.9 ], [ 542625.300000000046566, 192054.299999999988358 ], [ 542693.699999999953434, 192008.700000000011642 ], [ 542742.199999999953434, 191981.700000000011642 ], [ 542791.5, 191949.0 ], [ 542824.599999999976717, 191919.9 ], [ 542823.5, 191911.200000000011642 ], [ 542858.300000000046566, 191883.6 ], [ 542867.900000000023283, 191881.700000000011642 ], [ 542888.400000000023283, 191859.5 ], [ 542923.199999999953434, 191819.200000000011642 ], [ 542924.800000000046566, 191817.299999999988358 ], [ 542938.900000000023283, 191816.5 ], [ 542955.099999999976717, 191801.700000000011642 ], [ 542980.599999999976717, 191825.299999999988358 ], [ 543024.199999999953434, 191838.5 ], [ 543072.800000000046566, 191806.200000000011642 ], [ 543123.5, 191776.5 ], [ 543128.5, 191772.1 ], [ 543162.5, 191741.799999999988358 ], [ 543211.199999999953434, 191731.1 ], [ 543255.800000000046566, 191722.9 ], [ 543282.199999999953434, 191716.6 ], [ 543310.800000000046566, 191708.200000000011642 ], [ 543368.099999999976717, 191681.9 ], [ 543411.0, 191658.4 ], [ 543467.400000000023283, 191631.5 ], [ 543515.900000000023283, 191616.0 ], [ 543563.099999999976717, 191601.799999999988358 ], [ 543602.699999999953434, 191589.1 ], [ 543643.0, 191573.6 ], [ 543689.400000000023283, 191602.5 ], [ 543711.599999999976717, 191620.1 ], [ 543802.699999999953434, 191677.9 ], [ 543878.300000000046566, 191741.700000000011642 ], [ 543920.0, 191772.5 ], [ 543988.099999999976717, 191810.700000000011642 ], [ 544050.400000000023283, 191842.1 ], [ 544059.199999999953434, 191845.200000000011642 ], [ 544068.199999999953434, 191847.6 ], [ 544074.400000000023283, 191848.5 ], [ 544088.400000000023283, 191848.6 ], [ 544100.0, 191847.6 ], [ 544134.599999999976717, 191843.299999999988358 ], [ 544166.5, 191836.5 ], [ 544199.900000000023283, 191831.9 ], [ 544237.900000000023283, 191824.1 ], [ 544273.5, 191810.5 ], [ 544328.599999999976717, 191785.9 ], [ 544355.300000000046566, 191793.4 ], [ 544362.599999999976717, 191793.4 ], [ 544370.0, 191793.1 ], [ 544400.099999999976717, 191787.4 ], [ 544443.900000000023283, 191782.4 ], [ 544473.0, 191762.200000000011642 ], [ 544497.699999999953434, 191734.299999999988358 ], [ 544515.800000000046566, 191711.4 ], [ 544520.599999999976717, 191693.9 ], [ 544525.800000000046566, 191695.5 ], [ 544585.900000000023283, 191622.200000000011642 ], [ 544602.699999999953434, 191601.4 ], [ 544610.5, 191601.4 ], [ 544616.800000000046566, 191595.1 ], [ 544617.199999999953434, 191594.700000000011642 ], [ 544634.800000000046566, 191577.299999999988358 ], [ 544756.599999999976717, 191623.799999999988358 ], [ 544755.900000000023283, 191660.6 ], [ 544785.099999999976717, 191684.299999999988358 ], [ 544803.5, 191699.1 ], [ 544828.699999999953434, 191710.700000000011642 ], [ 544845.699999999953434, 191716.9 ], [ 544850.5, 191705.6 ], [ 544860.900000000023283, 191716.0 ], [ 544926.800000000046566, 191747.200000000011642 ], [ 544988.400000000023283, 191773.5 ], [ 545000.0, 191777.700000000011642 ], [ 545000.099999999976717, 191777.799999999988358 ], [ 545005.699999999953434, 191780.4 ], [ 545000.099999999976717, 191790.700000000011642 ], [ 544941.599999999976717, 191921.4 ], [ 544950.300000000046566, 192003.4 ], [ 545000.099999999976717, 192145.299999999988358 ], [ 545073.0, 192178.299999999988358 ], [ 545085.900000000023283, 192192.200000000011642 ], [ 545096.900000000023283, 192211.5 ], [ 545103.900000000023283, 192231.0 ], [ 545106.900000000023283, 192248.0 ], [ 545106.099999999976717, 192266.6 ], [ 545106.099999999976717, 192279.4 ], [ 545137.400000000023283, 192290.6 ], [ 545147.199999999953434, 192294.200000000011642 ], [ 545145.800000000046566, 192295.9 ], [ 545136.5, 192314.9 ], [ 545126.599999999976717, 192337.9 ], [ 545110.800000000046566, 192368.9 ], [ 545085.099999999976717, 192427.299999999988358 ], [ 545064.400000000023283, 192471.299999999988358 ], [ 545059.099999999976717, 192481.200000000011642 ], [ 545052.800000000046566, 192491.9 ], [ 545038.400000000023283, 192514.299999999988358 ], [ 545000.099999999976717, 192562.6 ], [ 544961.699999999953434, 192600.200000000011642 ], [ 545000.0, 192617.299999999988358 ], [ 545000.099999999976717, 192617.299999999988358 ], [ 545054.5, 192647.1 ], [ 545138.900000000023283, 192697.6 ], [ 545220.5, 192743.4 ], [ 545250.199999999953434, 192756.799999999988358 ], [ 545285.599999999976717, 192768.299999999988358 ], [ 545293.199999999953434, 192771.6 ], [ 545314.800000000046566, 192784.4 ], [ 545326.0, 192792.200000000011642 ], [ 545356.199999999953434, 192817.1 ], [ 545459.0, 192617.9 ], [ 545510.199999999953434, 192521.4 ], [ 545606.699999999953434, 192561.799999999988358 ], [ 545732.599999999976717, 192608.9 ], [ 545764.800000000046566, 192509.4 ], [ 545782.599999999976717, 192516.200000000011642 ], [ 545842.800000000046566, 192541.0 ], [ 545884.800000000046566, 192557.299999999988358 ], [ 545914.199999999953434, 192569.9 ], [ 545985.099999999976717, 192596.299999999988358 ], [ 546025.699999999953434, 192616.799999999988358 ], [ 546161.400000000023283, 192677.799999999988358 ], [ 546179.900000000023283, 192692.5 ], [ 546420.599999999976717, 192862.299999999988358 ], [ 546575.800000000046566, 192973.200000000011642 ], [ 546641.900000000023283, 193021.1 ], [ 546642.599999999976717, 193021.299999999988358 ], [ 546778.199999999953434, 192852.0 ], [ 546826.699999999953434, 192853.6 ], [ 546869.0, 192878.200000000011642 ], [ 546897.199999999953434, 192898.299999999988358 ], [ 546932.900000000023283, 192933.799999999988358 ], [ 546940.300000000046566, 192940.200000000011642 ], [ 546949.300000000046566, 192947.200000000011642 ], [ 546967.199999999953434, 192958.9 ], [ 547012.400000000023283, 192991.299999999988358 ], [ 547024.099999999976717, 192996.6 ], [ 547031.699999999953434, 193000.6 ], [ 547045.599999999976717, 193010.299999999988358 ], [ 547098.800000000046566, 193056.700000000011642 ], [ 547110.900000000023283, 193063.9 ], [ 547138.300000000046566, 193083.6 ], [ 547158.400000000023283, 193101.1 ], [ 547164.699999999953434, 193107.700000000011642 ], [ 547173.199999999953434, 193118.799999999988358 ], [ 547199.0, 193160.0 ], [ 547206.400000000023283, 193176.0 ], [ 547211.400000000023283, 193191.299999999988358 ], [ 547222.900000000023283, 193244.700000000011642 ], [ 547233.699999999953434, 193265.0 ], [ 547256.800000000046566, 193300.4 ], [ 547283.0, 193342.6 ], [ 547332.099999999976717, 193365.4 ], [ 547347.599999999976717, 193373.0 ], [ 547350.800000000046566, 193375.299999999988358 ], [ 547363.900000000023283, 193388.4 ], [ 547372.400000000023283, 193394.6 ], [ 547376.400000000023283, 193396.6 ], [ 547386.699999999953434, 193400.0 ], [ 547406.300000000046566, 193410.299999999988358 ], [ 547417.199999999953434, 193418.1 ], [ 547427.599999999976717, 193433.9 ], [ 547440.300000000046566, 193445.799999999988358 ], [ 547451.199999999953434, 193454.299999999988358 ], [ 547472.099999999976717, 193465.5 ], [ 547491.0, 193549.0 ], [ 547560.800000000046566, 193569.5 ], [ 547588.0, 193584.9 ], [ 547617.699999999953434, 193603.299999999988358 ], [ 547634.800000000046566, 193612.799999999988358 ], [ 547698.300000000046566, 193640.200000000011642 ], [ 547706.199999999953434, 193645.200000000011642 ], [ 547727.5, 193666.1 ], [ 547755.900000000023283, 193687.799999999988358 ], [ 547830.900000000023283, 193748.9 ], [ 547923.300000000046566, 193787.799999999988358 ], [ 547942.599999999976717, 193796.299999999988358 ], [ 547956.0, 193800.4 ], [ 547962.900000000023283, 193803.0 ], [ 547966.5, 193803.4 ], [ 547972.199999999953434, 193802.700000000011642 ], [ 548045.800000000046566, 193804.4 ], [ 548054.5, 193806.700000000011642 ], [ 548060.699999999953434, 193806.799999999988358 ], [ 548065.699999999953434, 193806.1 ], [ 548071.400000000023283, 193804.1 ], [ 548090.0, 193804.5 ], [ 548106.900000000023283, 193800.9 ], [ 548224.699999999953434, 193796.1 ], [ 548581.5, 193790.299999999988358 ], [ 548843.800000000046566, 193787.1 ], [ 548862.400000000023283, 193787.5 ], [ 548915.599999999976717, 193787.200000000011642 ], [ 549000.0, 193793.9 ], [ 549091.0, 193799.799999999988358 ], [ 549106.800000000046566, 193803.4 ], [ 549117.699999999953434, 193805.299999999988358 ], [ 549139.300000000046566, 193807.200000000011642 ], [ 549159.599999999976717, 193807.0 ], [ 549244.599999999976717, 193811.0 ], [ 549266.300000000046566, 193812.700000000011642 ], [ 549287.699999999953434, 193813.6 ], [ 549309.199999999953434, 193813.4 ], [ 549334.699999999953434, 193812.0 ], [ 549376.300000000046566, 193808.0 ], [ 549483.400000000023283, 193793.4 ], [ 549674.400000000023283, 193765.1 ], [ 549795.199999999953434, 193742.799999999988358 ], [ 549812.099999999976717, 193767.200000000011642 ], [ 549813.300000000046566, 193767.299999999988358 ], [ 549835.400000000023283, 193763.799999999988358 ], [ 549857.900000000023283, 193759.4 ], [ 549895.300000000046566, 193749.799999999988358 ], [ 549928.900000000023283, 193743.299999999988358 ], [ 549965.400000000023283, 193739.0 ], [ 550000.0, 193734.200000000011642 ], [ 550000.099999999976717, 193734.200000000011642 ], [ 550025.0, 193727.6 ], [ 550050.300000000046566, 193718.5 ], [ 550142.699999999953434, 193682.9 ], [ 550157.0, 193678.799999999988358 ], [ 550168.300000000046566, 193674.6 ], [ 550183.099999999976717, 193668.200000000011642 ], [ 550193.800000000046566, 193662.700000000011642 ], [ 550201.400000000023283, 193658.299999999988358 ], [ 550210.199999999953434, 193652.1 ], [ 550230.900000000023283, 193634.4 ], [ 550240.0, 193627.200000000011642 ], [ 550292.900000000023283, 193661.5 ], [ 550335.900000000023283, 193684.700000000011642 ], [ 550438.900000000023283, 193742.0 ], [ 550538.5, 193800.9 ], [ 550614.699999999953434, 193843.9 ], [ 550676.0, 193881.4 ], [ 550805.900000000023283, 193919.9 ], [ 550847.400000000023283, 193934.5 ], [ 550851.900000000023283, 193936.1 ], [ 550906.0, 193957.5 ], [ 550959.900000000023283, 193971.299999999988358 ], [ 550984.699999999953434, 193976.5 ], [ 550995.300000000046566, 193979.4 ], [ 551010.5, 193984.4 ], [ 551025.599999999976717, 193990.299999999988358 ], [ 551028.699999999953434, 194045.9 ], [ 551032.5, 194087.0 ], [ 551035.599999999976717, 194123.6 ], [ 551036.300000000046566, 194131.200000000011642 ], [ 551049.199999999953434, 194119.0 ], [ 551056.099999999976717, 194116.299999999988358 ], [ 551057.0, 194116.799999999988358 ], [ 551057.800000000046566, 194117.4 ], [ 551058.599999999976717, 194118.1 ], [ 551059.300000000046566, 194118.799999999988358 ], [ 551060.0, 194119.6 ], [ 551060.699999999953434, 194120.4 ], [ 551061.300000000046566, 194121.299999999988358 ], [ 551061.900000000023283, 194122.1 ], [ 551062.400000000023283, 194123.0 ], [ 551063.0, 194123.9 ], [ 551063.199999999953434, 194124.4 ], [ 551063.699999999953434, 194125.299999999988358 ], [ 551064.199999999953434, 194126.200000000011642 ], [ 551064.599999999976717, 194127.200000000011642 ], [ 551065.0, 194128.1 ], [ 551064.699999999953434, 194137.299999999988358 ], [ 551079.300000000046566, 194142.6 ], [ 551109.099999999976717, 194146.5 ], [ 551142.300000000046566, 194147.0 ], [ 551166.599999999976717, 194143.200000000011642 ], [ 551186.699999999953434, 194134.6 ], [ 551207.199999999953434, 194118.9 ], [ 551214.300000000046566, 194110.1 ], [ 551233.699999999953434, 194109.0 ], [ 551238.800000000046566, 194103.9 ], [ 551249.400000000023283, 194102.9 ], [ 551284.199999999953434, 194084.700000000011642 ], [ 551319.400000000023283, 194059.1 ], [ 551369.900000000023283, 194018.799999999988358 ], [ 551407.0, 193992.0 ], [ 551409.0, 193990.700000000011642 ], [ 551421.0, 194002.0 ], [ 551429.699999999953434, 194010.200000000011642 ], [ 551431.699999999953434, 194012.1 ], [ 551424.900000000023283, 194044.700000000011642 ], [ 551418.900000000023283, 194072.200000000011642 ], [ 551414.699999999953434, 194098.700000000011642 ], [ 551409.699999999953434, 194118.6 ], [ 551485.400000000023283, 194116.0 ], [ 551574.400000000023283, 194111.4 ], [ 551591.400000000023283, 194080.0 ], [ 551606.400000000023283, 194052.4 ], [ 551648.699999999953434, 194010.9 ], [ 551658.400000000023283, 194034.4 ], [ 551658.5, 194068.299999999988358 ], [ 551675.300000000046566, 194080.0 ], [ 551700.900000000023283, 194080.0 ], [ 551717.5, 194082.0 ], [ 551731.599999999976717, 194085.4 ], [ 551742.400000000023283, 194089.4 ], [ 551770.400000000023283, 194101.200000000011642 ], [ 551838.800000000046566, 194120.700000000011642 ], [ 551873.199999999953434, 194129.5 ], [ 551921.5, 194134.4 ], [ 551961.5, 194141.4 ], [ 552016.599999999976717, 194158.200000000011642 ], [ 552076.800000000046566, 194154.5 ], [ 552170.199999999953434, 194146.5 ], [ 552285.199999999953434, 194116.299999999988358 ], [ 552338.099999999976717, 194100.5 ], [ 552402.400000000023283, 194083.1 ], [ 552426.300000000046566, 194087.0 ], [ 552457.199999999953434, 194090.9 ], [ 552519.5, 194097.0 ], [ 552566.5, 194104.799999999988358 ], [ 552587.599999999976717, 194106.5 ], [ 552600.099999999976717, 194108.299999999988358 ], [ 552619.599999999976717, 194112.9 ], [ 552630.199999999953434, 194116.4 ], [ 552653.0, 194125.5 ], [ 552708.599999999976717, 194152.5 ], [ 552755.400000000023283, 194171.4 ], [ 552775.400000000023283, 194181.4 ], [ 552787.199999999953434, 194188.700000000011642 ], [ 552795.199999999953434, 194194.5 ], [ 552802.599999999976717, 194201.0 ], [ 552813.300000000046566, 194211.700000000011642 ], [ 552827.0, 194228.0 ], [ 552833.699999999953434, 194234.6 ], [ 552839.900000000023283, 194239.799999999988358 ], [ 552845.300000000046566, 194243.6 ], [ 552853.900000000023283, 194248.6 ], [ 552871.900000000023283, 194257.4 ], [ 552902.400000000023283, 194269.0 ], [ 552948.699999999953434, 194289.9 ], [ 552960.699999999953434, 194294.4 ], [ 552965.300000000046566, 194295.6 ], [ 552979.800000000046566, 194298.200000000011642 ], [ 553027.400000000023283, 194299.0 ], [ 553037.0, 194299.6 ], [ 553067.599999999976717, 194304.700000000011642 ], [ 553090.5, 194303.4 ], [ 553126.300000000046566, 194305.5 ], [ 553163.900000000023283, 194315.4 ], [ 553221.900000000023283, 194335.299999999988358 ], [ 553211.400000000023283, 194358.1 ], [ 553224.0, 194361.6 ], [ 553232.400000000023283, 194364.700000000011642 ], [ 553242.300000000046566, 194369.5 ], [ 553256.199999999953434, 194379.4 ], [ 553291.0, 194409.700000000011642 ], [ 553318.800000000046566, 194403.6 ], [ 553340.0, 194414.299999999988358 ], [ 553359.099999999976717, 194427.200000000011642 ], [ 553401.599999999976717, 194453.5 ], [ 553438.599999999976717, 194480.9 ], [ 553458.099999999976717, 194488.9 ], [ 553478.5, 194508.6 ], [ 553531.199999999953434, 194548.700000000011642 ], [ 553581.300000000046566, 194581.5 ], [ 553616.099999999976717, 194596.799999999988358 ], [ 553640.099999999976717, 194604.299999999988358 ], [ 553685.400000000023283, 194625.799999999988358 ], [ 553736.0, 194651.9 ], [ 553780.800000000046566, 194661.5 ], [ 553817.699999999953434, 194675.4 ], [ 553891.300000000046566, 194705.9 ], [ 553904.800000000046566, 194719.299999999988358 ], [ 553944.0, 194769.4 ], [ 553993.599999999976717, 194838.0 ], [ 554025.0, 194889.299999999988358 ], [ 554038.0, 194878.799999999988358 ], [ 554066.900000000023283, 194855.5 ], [ 554120.400000000023283, 194804.299999999988358 ], [ 554168.900000000023283, 194762.299999999988358 ], [ 554219.900000000023283, 194709.700000000011642 ], [ 554252.199999999953434, 194677.4 ], [ 554272.199999999953434, 194661.700000000011642 ], [ 554319.5, 194630.700000000011642 ], [ 554384.599999999976717, 194585.1 ], [ 554430.5, 194548.5 ], [ 554479.400000000023283, 194505.1 ], [ 554527.0, 194461.9 ], [ 554575.5, 194422.700000000011642 ], [ 554597.900000000023283, 194404.200000000011642 ], [ 554651.699999999953434, 194352.200000000011642 ], [ 554667.900000000023283, 194338.299999999988358 ], [ 554697.800000000046566, 194302.6 ], [ 554714.599999999976717, 194281.9 ], [ 554729.699999999953434, 194263.299999999988358 ], [ 554744.0, 194252.0 ], [ 554780.199999999953434, 194225.9 ], [ 554831.900000000023283, 194180.9 ], [ 554871.400000000023283, 194148.1 ], [ 554932.300000000046566, 194107.0 ], [ 554968.800000000046566, 194081.1 ], [ 554969.0, 194065.1 ], [ 554981.400000000023283, 194066.4 ], [ 554986.099999999976717, 194070.799999999988358 ], [ 554996.300000000046566, 194063.5 ], [ 555007.800000000046566, 194056.4 ], [ 555012.5, 194052.9 ], [ 555023.0, 194045.1 ], [ 555022.300000000046566, 194032.6 ], [ 555034.099999999976717, 194033.1 ], [ 555066.300000000046566, 194004.799999999988358 ], [ 555117.900000000023283, 193963.4 ], [ 555133.900000000023283, 193953.9 ], [ 555159.900000000023283, 193942.9 ], [ 555216.5, 193911.5 ], [ 555263.099999999976717, 193882.9 ], [ 555295.599999999976717, 193860.6 ], [ 555327.400000000023283, 193835.4 ], [ 555395.800000000046566, 193792.200000000011642 ], [ 555463.400000000023283, 193746.1 ], [ 555534.699999999953434, 193699.0 ], [ 555566.699999999953434, 193681.700000000011642 ], [ 555606.400000000023283, 193664.5 ], [ 555631.400000000023283, 193646.4 ], [ 555675.900000000023283, 193621.299999999988358 ], [ 555693.699999999953434, 193610.299999999988358 ], [ 555698.199999999953434, 193607.5 ], [ 555711.400000000023283, 193599.4 ], [ 555722.5, 193592.5 ], [ 555728.0, 193589.1 ], [ 555740.300000000046566, 193581.4 ], [ 555743.300000000046566, 193579.6 ], [ 555755.0, 193572.799999999988358 ], [ 555809.0, 193541.299999999988358 ], [ 555839.199999999953434, 193522.799999999988358 ], [ 555841.599999999976717, 193521.299999999988358 ], [ 555845.099999999976717, 193519.200000000011642 ], [ 555846.900000000023283, 193518.0 ], [ 555883.099999999976717, 193495.799999999988358 ], [ 555910.599999999976717, 193475.9 ], [ 555940.199999999953434, 193454.5 ], [ 555963.199999999953434, 193437.799999999988358 ], [ 555978.699999999953434, 193425.9 ], [ 556018.0, 193395.700000000011642 ], [ 556050.800000000046566, 193367.5 ], [ 556053.599999999976717, 193365.1 ], [ 556056.400000000023283, 193362.799999999988358 ], [ 556058.400000000023283, 193361.0 ], [ 556060.699999999953434, 193359.1 ], [ 556096.300000000046566, 193326.0 ], [ 556151.599999999976717, 193270.9 ], [ 556168.599999999976717, 193251.200000000011642 ], [ 556189.300000000046566, 193227.200000000011642 ], [ 556239.400000000023283, 193163.9 ], [ 556262.400000000023283, 193141.1 ], [ 556306.5, 193103.0 ], [ 556367.599999999976717, 193051.1 ], [ 556410.900000000023283, 193008.6 ], [ 556416.699999999953434, 192996.0 ], [ 556445.199999999953434, 192899.1 ], [ 556457.300000000046566, 192876.700000000011642 ], [ 556477.5, 192859.299999999988358 ], [ 556499.5, 192822.200000000011642 ], [ 556511.400000000023283, 192800.4 ], [ 556526.800000000046566, 192779.799999999988358 ], [ 556565.699999999953434, 192734.9 ], [ 556612.0, 192675.799999999988358 ], [ 556654.300000000046566, 192624.5 ], [ 556697.699999999953434, 192568.4 ], [ 556743.599999999976717, 192516.0 ], [ 556783.900000000023283, 192476.1 ], [ 556813.400000000023283, 192465.6 ], [ 556830.300000000046566, 192459.6 ], [ 556842.699999999953434, 192452.9 ], [ 556859.400000000023283, 192444.799999999988358 ], [ 556873.099999999976717, 192432.4 ], [ 556906.699999999953434, 192371.5 ], [ 556901.300000000046566, 192369.799999999988358 ], [ 556901.199999999953434, 192369.700000000011642 ], [ 556900.199999999953434, 192369.1 ], [ 556899.199999999953434, 192368.4 ], [ 556898.300000000046566, 192367.700000000011642 ], [ 556897.400000000023283, 192366.9 ], [ 556896.5, 192366.200000000011642 ], [ 556896.0, 192365.6 ], [ 556894.900000000023283, 192364.4 ], [ 556893.800000000046566, 192363.0 ], [ 556892.900000000023283, 192361.6 ], [ 556892.0, 192360.1 ], [ 556891.199999999953434, 192358.6 ], [ 556890.400000000023283, 192357.1 ], [ 556889.699999999953434, 192355.5 ], [ 556889.099999999976717, 192353.9 ], [ 556888.400000000023283, 192352.200000000011642 ], [ 556888.0, 192350.9 ], [ 556887.599999999976717, 192349.6 ], [ 556887.099999999976717, 192348.4 ], [ 556886.800000000046566, 192347.1 ], [ 556886.400000000023283, 192345.799999999988358 ], [ 556886.099999999976717, 192344.4 ], [ 556885.900000000023283, 192343.1 ], [ 556885.699999999953434, 192341.799999999988358 ], [ 556885.5, 192340.5 ], [ 556885.400000000023283, 192339.1 ], [ 556885.400000000023283, 192337.799999999988358 ], [ 556885.400000000023283, 192336.4 ], [ 556885.5, 192335.799999999988358 ], [ 556885.599999999976717, 192334.4 ], [ 556885.800000000046566, 192333.1 ], [ 556886.0, 192331.799999999988358 ], [ 556886.199999999953434, 192330.4 ], [ 556886.599999999976717, 192329.1 ], [ 556886.900000000023283, 192327.799999999988358 ], [ 556887.300000000046566, 192326.6 ], [ 556887.800000000046566, 192325.299999999988358 ], [ 556888.300000000046566, 192324.1 ], [ 556892.0, 192316.700000000011642 ], [ 556810.0, 192257.1 ], [ 556796.300000000046566, 192263.4 ], [ 556778.099999999976717, 192267.799999999988358 ], [ 556752.699999999953434, 192272.4 ], [ 556746.800000000046566, 192272.5 ], [ 556740.599999999976717, 192272.5 ], [ 556734.400000000023283, 192272.299999999988358 ], [ 556728.300000000046566, 192271.9 ], [ 556726.5, 192271.799999999988358 ], [ 556724.199999999953434, 192271.700000000011642 ], [ 556721.900000000023283, 192271.5 ], [ 556719.699999999953434, 192271.4 ], [ 556717.400000000023283, 192271.1 ], [ 556715.099999999976717, 192270.799999999988358 ], [ 556712.900000000023283, 192270.4 ], [ 556712.0, 192270.200000000011642 ], [ 556709.900000000023283, 192269.700000000011642 ], [ 556707.900000000023283, 192269.1 ], [ 556705.900000000023283, 192268.5 ], [ 556703.900000000023283, 192267.799999999988358 ], [ 556701.900000000023283, 192267.1 ], [ 556699.900000000023283, 192266.299999999988358 ], [ 556699.099999999976717, 192265.9 ], [ 556697.199999999953434, 192265.0 ], [ 556695.300000000046566, 192264.0 ], [ 556680.400000000023283, 192254.299999999988358 ], [ 556643.300000000046566, 192233.700000000011642 ], [ 556589.800000000046566, 192200.799999999988358 ], [ 556574.099999999976717, 192191.5 ], [ 556556.900000000023283, 192185.9 ], [ 556489.199999999953434, 192161.799999999988358 ], [ 556480.599999999976717, 192161.5 ], [ 556464.099999999976717, 192156.0 ], [ 556467.400000000023283, 192137.4 ], [ 556469.5, 192121.0 ], [ 556476.599999999976717, 192103.9 ], [ 556478.199999999953434, 192071.299999999988358 ], [ 556477.199999999953434, 192055.6 ], [ 556477.800000000046566, 192028.4 ], [ 556474.300000000046566, 192001.9 ], [ 556469.199999999953434, 191989.9 ], [ 556464.0, 191978.4 ], [ 556455.900000000023283, 191971.9 ], [ 556443.300000000046566, 191975.799999999988358 ], [ 556432.599999999976717, 191976.4 ], [ 556419.199999999953434, 191980.200000000011642 ], [ 556415.699999999953434, 191981.799999999988358 ], [ 556413.300000000046566, 191982.1 ], [ 556410.800000000046566, 191981.799999999988358 ], [ 556408.5, 191980.9 ], [ 556405.599999999976717, 191978.1 ], [ 556407.699999999953434, 191959.799999999988358 ], [ 556413.300000000046566, 191944.5 ], [ 556405.800000000046566, 191932.5 ], [ 556395.699999999953434, 191901.4 ], [ 556386.900000000023283, 191901.200000000011642 ], [ 556382.699999999953434, 191898.6 ], [ 556380.0, 191895.6 ], [ 556377.699999999953434, 191892.0 ], [ 556376.0, 191887.700000000011642 ], [ 556368.900000000023283, 191882.0 ], [ 556364.0, 191872.700000000011642 ], [ 556362.699999999953434, 191868.700000000011642 ], [ 556361.699999999953434, 191863.5 ], [ 556361.300000000046566, 191856.299999999988358 ], [ 556361.699999999953434, 191852.200000000011642 ], [ 556368.400000000023283, 191841.799999999988358 ], [ 556373.400000000023283, 191830.299999999988358 ], [ 556364.199999999953434, 191818.200000000011642 ], [ 556354.599999999976717, 191800.9 ], [ 556349.900000000023283, 191797.5 ], [ 556345.400000000023283, 191794.5 ], [ 556342.699999999953434, 191797.799999999988358 ], [ 556340.5, 191799.5 ], [ 556337.5, 191800.700000000011642 ], [ 556334.0, 191801.299999999988358 ], [ 556330.800000000046566, 191800.9 ], [ 556328.199999999953434, 191799.799999999988358 ], [ 556326.0, 191798.0 ], [ 556324.199999999953434, 191795.799999999988358 ], [ 556322.0, 191790.9 ], [ 556321.599999999976717, 191787.9 ], [ 556322.0, 191784.0 ], [ 556324.199999999953434, 191778.299999999988358 ], [ 556326.199999999953434, 191769.1 ], [ 556313.099999999976717, 191767.700000000011642 ], [ 556298.400000000023283, 191767.9 ], [ 556293.300000000046566, 191750.799999999988358 ], [ 556284.199999999953434, 191731.5 ], [ 556275.5, 191723.0 ], [ 556264.5, 191719.4 ], [ 556254.400000000023283, 191731.700000000011642 ], [ 556246.800000000046566, 191731.5 ], [ 556242.800000000046566, 191728.9 ], [ 556239.099999999976717, 191724.1 ], [ 556237.0, 191718.4 ], [ 556237.199999999953434, 191712.200000000011642 ], [ 556241.699999999953434, 191695.4 ], [ 556238.900000000023283, 191691.1 ], [ 556238.300000000046566, 191690.700000000011642 ], [ 556221.400000000023283, 191695.700000000011642 ], [ 556210.599999999976717, 191688.9 ], [ 556209.300000000046566, 191685.299999999988358 ], [ 556207.900000000023283, 191678.5 ], [ 556207.800000000046566, 191673.4 ], [ 556210.199999999953434, 191657.4 ], [ 556210.300000000046566, 191652.4 ], [ 556192.699999999953434, 191643.299999999988358 ], [ 556191.599999999976717, 191637.0 ], [ 556191.099999999976717, 191630.5 ], [ 556209.0, 191619.700000000011642 ], [ 556207.099999999976717, 191609.200000000011642 ], [ 556199.099999999976717, 191601.4 ], [ 556208.599999999976717, 191593.9 ], [ 556228.800000000046566, 191589.299999999988358 ], [ 556251.099999999976717, 191590.799999999988358 ], [ 556255.900000000023283, 191574.1 ], [ 556289.300000000046566, 191564.9 ], [ 556308.099999999976717, 191563.0 ], [ 556327.300000000046566, 191561.5 ], [ 556370.0, 191564.9 ], [ 556412.0, 191573.1 ], [ 556465.5, 191573.9 ], [ 556470.599999999976717, 191573.799999999988358 ], [ 556475.599999999976717, 191572.6 ], [ 556480.199999999953434, 191570.5 ], [ 556484.300000000046566, 191567.5 ], [ 556487.300000000046566, 191564.1 ], [ 556489.400000000023283, 191560.200000000011642 ], [ 556493.400000000023283, 191546.299999999988358 ], [ 556495.199999999953434, 191535.1 ], [ 556587.599999999976717, 191505.4 ], [ 556624.300000000046566, 191495.200000000011642 ], [ 556671.300000000046566, 191483.299999999988358 ], [ 556678.699999999953434, 191481.700000000011642 ], [ 556750.5, 191455.1 ], [ 556751.699999999953434, 191454.700000000011642 ], [ 556777.0, 191444.1 ], [ 556812.199999999953434, 191439.9 ], [ 556869.199999999953434, 191430.0 ], [ 556897.400000000023283, 191426.5 ], [ 556924.800000000046566, 191420.200000000011642 ], [ 556933.300000000046566, 191420.200000000011642 ], [ 556989.599999999976717, 191414.5 ], [ 557078.300000000046566, 191413.799999999988358 ], [ 557111.400000000023283, 191411.700000000011642 ], [ 557111.400000000023283, 191406.799999999988358 ], [ 557144.400000000023283, 191405.4 ], [ 557183.900000000023283, 191408.200000000011642 ], [ 557251.400000000023283, 191405.4 ], [ 557305.0, 191410.4 ], [ 557317.599999999976717, 191362.5 ], [ 557326.599999999976717, 191324.5 ], [ 557335.400000000023283, 191294.200000000011642 ], [ 557340.0, 191276.200000000011642 ], [ 557343.099999999976717, 191245.9 ], [ 557345.599999999976717, 191214.9 ], [ 557346.699999999953434, 191202.5 ], [ 557344.699999999953434, 191159.6 ], [ 557341.400000000023283, 191130.0 ], [ 557336.900000000023283, 191104.700000000011642 ], [ 557333.099999999976717, 191080.5 ], [ 557321.5, 191056.1 ], [ 557314.800000000046566, 191033.9 ], [ 557308.0, 191010.0 ], [ 557300.400000000023283, 190991.299999999988358 ], [ 557291.800000000046566, 190973.799999999988358 ], [ 557284.300000000046566, 190956.5 ], [ 557281.699999999953434, 190942.299999999988358 ], [ 557282.199999999953434, 190931.1 ], [ 557289.199999999953434, 190908.799999999988358 ], [ 557300.300000000046566, 190873.4 ], [ 557307.199999999953434, 190842.1 ], [ 557313.900000000023283, 190809.9 ], [ 557318.599999999976717, 190776.200000000011642 ], [ 557321.900000000023283, 190748.4 ], [ 557325.599999999976717, 190718.200000000011642 ], [ 557325.300000000046566, 190702.200000000011642 ], [ 557324.699999999953434, 190688.799999999988358 ], [ 557322.400000000023283, 190676.299999999988358 ], [ 557333.800000000046566, 190595.6 ], [ 557350.300000000046566, 190515.1 ], [ 557362.199999999953434, 190468.6 ], [ 557376.800000000046566, 190441.9 ], [ 557394.5, 190413.5 ], [ 557397.800000000046566, 190407.1 ], [ 557404.900000000023283, 190393.299999999988358 ], [ 557409.699999999953434, 190379.9 ], [ 557412.300000000046566, 190373.0 ], [ 557424.699999999953434, 190346.9 ], [ 557440.599999999976717, 190320.200000000011642 ], [ 557439.699999999953434, 190282.799999999988358 ], [ 557437.699999999953434, 190262.200000000011642 ], [ 557437.400000000023283, 190260.799999999988358 ], [ 557437.199999999953434, 190259.4 ], [ 557437.0, 190258.0 ], [ 557436.800000000046566, 190256.6 ], [ 557436.800000000046566, 190255.799999999988358 ], [ 557436.699999999953434, 190254.4 ], [ 557436.699999999953434, 190253.0 ], [ 557436.800000000046566, 190251.5 ], [ 557436.900000000023283, 190250.1 ], [ 557437.099999999976717, 190248.799999999988358 ], [ 557437.300000000046566, 190247.4 ], [ 557437.599999999976717, 190246.0 ], [ 557437.900000000023283, 190244.6 ], [ 557438.099999999976717, 190243.799999999988358 ], [ 557438.5, 190242.299999999988358 ], [ 557439.0, 190240.9 ], [ 557439.599999999976717, 190239.5 ], [ 557440.199999999953434, 190238.1 ], [ 557440.800000000046566, 190236.700000000011642 ], [ 557441.800000000046566, 190234.6 ], [ 557443.099999999976717, 190231.9 ], [ 557444.400000000023283, 190229.299999999988358 ], [ 557445.800000000046566, 190226.799999999988358 ], [ 557447.300000000046566, 190224.200000000011642 ], [ 557448.900000000023283, 190221.799999999988358 ], [ 557450.599999999976717, 190219.299999999988358 ], [ 557452.300000000046566, 190217.0 ], [ 557452.5, 190216.700000000011642 ], [ 557459.900000000023283, 190203.700000000011642 ], [ 557474.300000000046566, 190173.1 ], [ 557483.099999999976717, 190154.700000000011642 ], [ 557488.5, 190132.6 ], [ 557494.300000000046566, 190115.4 ], [ 557499.599999999976717, 190099.9 ], [ 557502.300000000046566, 190095.799999999988358 ], [ 557509.0, 190085.5 ], [ 557525.699999999953434, 190067.9 ], [ 557555.900000000023283, 190046.1 ], [ 557583.099999999976717, 190031.200000000011642 ], [ 557605.599999999976717, 190019.0 ], [ 557623.300000000046566, 190005.299999999988358 ], [ 557624.0, 190000.0 ], [ 557624.099999999976717, 190000.0 ], [ 557654.0, 189955.799999999988358 ], [ 557681.300000000046566, 189912.1 ], [ 557693.699999999953434, 189882.9 ], [ 557716.599999999976717, 189842.799999999988358 ], [ 557735.699999999953434, 189811.200000000011642 ], [ 557737.5, 189809.5 ], [ 557753.900000000023283, 189794.9 ], [ 557778.199999999953434, 189759.0 ], [ 557808.099999999976717, 189720.6 ], [ 557824.300000000046566, 189698.299999999988358 ], [ 557821.800000000046566, 189692.299999999988358 ], [ 557888.0, 189597.5 ], [ 557910.699999999953434, 189556.5 ], [ 557939.099999999976717, 189516.799999999988358 ], [ 557968.800000000046566, 189475.5 ], [ 558011.400000000023283, 189419.0 ], [ 558043.199999999953434, 189379.700000000011642 ], [ 558062.699999999953434, 189353.6 ], [ 558103.800000000046566, 189292.1 ], [ 558127.900000000023283, 189253.9 ], [ 558160.800000000046566, 189202.6 ], [ 558184.900000000023283, 189161.9 ], [ 558201.199999999953434, 189130.799999999988358 ], [ 558218.400000000023283, 189130.0 ], [ 558223.599999999976717, 189099.799999999988358 ], [ 558253.199999999953434, 189045.9 ], [ 558275.699999999953434, 188997.6 ], [ 558307.199999999953434, 188935.1 ], [ 558323.5, 188894.5 ], [ 558355.699999999953434, 188823.4 ], [ 558381.400000000023283, 188759.299999999988358 ], [ 558414.800000000046566, 188682.4 ], [ 558443.5, 188619.5 ], [ 558444.599999999976717, 188617.5 ], [ 558445.800000000046566, 188615.6 ], [ 558447.0, 188613.700000000011642 ], [ 558448.300000000046566, 188611.9 ], [ 558449.599999999976717, 188610.0 ], [ 558451.0, 188608.299999999988358 ], [ 558452.5, 188606.6 ], [ 558454.0, 188604.9 ], [ 558455.599999999976717, 188603.299999999988358 ], [ 558456.800000000046566, 188602.1 ], [ 558458.5, 188600.5 ], [ 558460.300000000046566, 188599.1 ], [ 558462.0, 188597.799999999988358 ], [ 558463.900000000023283, 188596.5 ], [ 558465.800000000046566, 188595.299999999988358 ], [ 558467.699999999953434, 188594.1 ], [ 558469.599999999976717, 188593.0 ], [ 558471.599999999976717, 188591.9 ], [ 558473.599999999976717, 188590.799999999988358 ], [ 558475.599999999976717, 188589.799999999988358 ], [ 558477.699999999953434, 188588.799999999988358 ], [ 558479.699999999953434, 188587.9 ], [ 558481.199999999953434, 188587.200000000011642 ], [ 558484.400000000023283, 188585.799999999988358 ], [ 558487.699999999953434, 188584.5 ], [ 558491.0, 188583.299999999988358 ], [ 558494.300000000046566, 188582.200000000011642 ], [ 558497.699999999953434, 188581.200000000011642 ], [ 558501.099999999976717, 188580.200000000011642 ], [ 558504.5, 188579.299999999988358 ], [ 558506.0, 188578.9 ], [ 558510.5, 188577.9 ], [ 558515.0, 188576.9 ], [ 558519.5, 188576.1 ], [ 558522.400000000023283, 188575.700000000011642 ], [ 558532.300000000046566, 188555.299999999988358 ], [ 558537.900000000023283, 188550.0 ], [ 558549.599999999976717, 188553.6 ], [ 558557.0, 188556.200000000011642 ], [ 558564.300000000046566, 188543.4 ], [ 558580.300000000046566, 188509.1 ], [ 558582.099999999976717, 188505.5 ], [ 558583.800000000046566, 188501.799999999988358 ], [ 558585.300000000046566, 188498.0 ], [ 558586.800000000046566, 188494.200000000011642 ], [ 558588.199999999953434, 188490.4 ], [ 558589.5, 188486.5 ], [ 558590.599999999976717, 188482.6 ], [ 558591.699999999953434, 188478.700000000011642 ], [ 558591.800000000046566, 188478.299999999988358 ], [ 558592.699999999953434, 188474.299999999988358 ], [ 558593.5, 188470.299999999988358 ], [ 558594.199999999953434, 188466.299999999988358 ], [ 558594.699999999953434, 188462.299999999988358 ], [ 558595.199999999953434, 188458.299999999988358 ], [ 558595.5, 188454.200000000011642 ], [ 558595.800000000046566, 188450.1 ], [ 558596.0, 188446.1 ], [ 558596.099999999976717, 188442.700000000011642 ], [ 558596.099999999976717, 188437.4 ], [ 558596.0, 188432.200000000011642 ], [ 558595.800000000046566, 188426.9 ], [ 558595.699999999953434, 188422.1 ], [ 558595.599999999976717, 188397.700000000011642 ], [ 558590.400000000023283, 188378.9 ], [ 558578.099999999976717, 188359.299999999988358 ], [ 558570.900000000023283, 188350.1 ], [ 558570.300000000046566, 188349.700000000011642 ], [ 558569.800000000046566, 188349.299999999988358 ], [ 558569.300000000046566, 188348.799999999988358 ], [ 558568.800000000046566, 188348.299999999988358 ], [ 558568.300000000046566, 188347.799999999988358 ], [ 558567.900000000023283, 188347.299999999988358 ], [ 558567.5, 188346.700000000011642 ], [ 558567.099999999976717, 188346.1 ], [ 558566.800000000046566, 188345.5 ], [ 558566.5, 188344.9 ], [ 558566.199999999953434, 188344.299999999988358 ], [ 558566.0, 188343.6 ], [ 558565.900000000023283, 188343.0 ], [ 558565.800000000046566, 188342.299999999988358 ], [ 558565.699999999953434, 188341.6 ], [ 558565.599999999976717, 188340.9 ], [ 558565.599999999976717, 188340.200000000011642 ], [ 558565.599999999976717, 188339.5 ], [ 558565.599999999976717, 188338.799999999988358 ], [ 558565.599999999976717, 188338.1 ], [ 558565.699999999953434, 188337.4 ], [ 558565.699999999953434, 188336.700000000011642 ], [ 558565.800000000046566, 188335.299999999988358 ], [ 558565.900000000023283, 188334.700000000011642 ], [ 558566.0, 188333.4 ], [ 558566.199999999953434, 188332.1 ], [ 558566.400000000023283, 188330.799999999988358 ], [ 558566.800000000046566, 188329.5 ], [ 558567.099999999976717, 188328.200000000011642 ], [ 558567.800000000046566, 188325.6 ], [ 558568.099999999976717, 188324.700000000011642 ], [ 558569.0, 188321.299999999988358 ], [ 558570.0, 188318.0 ], [ 558571.199999999953434, 188314.700000000011642 ], [ 558572.400000000023283, 188311.4 ], [ 558573.699999999953434, 188308.1 ], [ 558575.099999999976717, 188305.0 ], [ 558576.0, 188303.1 ], [ 558586.800000000046566, 188279.4 ], [ 558602.5, 188250.799999999988358 ], [ 558618.400000000023283, 188206.9 ], [ 558634.900000000023283, 188159.9 ], [ 558649.599999999976717, 188120.4 ], [ 558669.5, 188067.6 ], [ 558695.099999999976717, 188001.299999999988358 ], [ 558712.800000000046566, 187951.6 ], [ 558729.5, 187889.6 ], [ 558746.400000000023283, 187840.1 ], [ 558764.199999999953434, 187769.9 ], [ 558781.099999999976717, 187717.200000000011642 ], [ 558802.800000000046566, 187661.5 ], [ 558823.400000000023283, 187589.6 ], [ 558834.5, 187553.799999999988358 ], [ 558841.300000000046566, 187532.0 ], [ 558964.0, 187555.1 ], [ 559061.599999999976717, 187570.700000000011642 ], [ 559135.400000000023283, 187581.700000000011642 ], [ 559211.699999999953434, 187591.9 ], [ 559298.300000000046566, 187603.9 ], [ 559380.099999999976717, 187613.5 ], [ 559475.300000000046566, 187627.700000000011642 ], [ 559528.400000000023283, 187631.799999999988358 ], [ 559526.199999999953434, 187638.4 ], [ 559545.800000000046566, 187642.299999999988358 ], [ 559568.599999999976717, 187642.9 ], [ 559668.599999999976717, 187652.799999999988358 ], [ 559754.800000000046566, 187664.799999999988358 ], [ 559827.900000000023283, 187673.700000000011642 ], [ 559825.900000000023283, 187685.299999999988358 ], [ 559941.300000000046566, 187702.6 ], [ 559942.699999999953434, 187692.0 ], [ 560000.0, 187698.6 ], [ 560000.099999999976717, 187698.6 ], [ 560202.5, 187720.9 ], [ 560412.300000000046566, 187750.5 ], [ 560415.800000000046566, 187729.799999999988358 ], [ 560418.0, 187719.9 ], [ 560420.199999999953434, 187710.6 ], [ 560425.400000000023283, 187695.5 ], [ 560429.699999999953434, 187674.700000000011642 ], [ 560435.300000000046566, 187654.200000000011642 ], [ 560439.699999999953434, 187607.0 ], [ 560447.5, 187569.700000000011642 ], [ 560451.400000000023283, 187540.1 ], [ 560455.199999999953434, 187530.6 ], [ 560466.599999999976717, 187521.6 ], [ 560500.0, 187408.9 ], [ 560501.599999999976717, 187399.6 ], [ 560501.0, 187392.200000000011642 ], [ 560502.599999999976717, 187379.200000000011642 ], [ 560503.300000000046566, 187376.299999999988358 ], [ 560508.5, 187364.4 ], [ 560508.0, 187361.700000000011642 ], [ 560502.900000000023283, 187358.200000000011642 ], [ 560502.199999999953434, 187356.9 ], [ 560501.400000000023283, 187349.799999999988358 ], [ 560501.900000000023283, 187346.1 ], [ 560504.400000000023283, 187340.200000000011642 ], [ 560507.400000000023283, 187336.200000000011642 ], [ 560514.300000000046566, 187315.4 ], [ 560517.300000000046566, 187299.200000000011642 ], [ 560521.599999999976717, 187284.700000000011642 ], [ 560522.900000000023283, 187276.4 ], [ 560529.099999999976717, 187246.799999999988358 ], [ 560537.900000000023283, 187193.700000000011642 ], [ 560540.099999999976717, 187168.5 ], [ 560542.0, 187157.9 ], [ 560545.199999999953434, 187123.0 ], [ 560550.300000000046566, 187092.0 ], [ 560554.300000000046566, 187052.5 ], [ 560556.0, 187024.700000000011642 ], [ 560559.5, 187011.9 ], [ 560565.199999999953434, 187011.4 ], [ 560567.800000000046566, 187010.0 ], [ 560571.900000000023283, 187006.6 ], [ 560574.300000000046566, 187003.4 ], [ 560575.400000000023283, 187000.799999999988358 ], [ 560576.099999999976717, 186997.0 ], [ 560575.699999999953434, 186989.9 ], [ 560582.800000000046566, 186935.700000000011642 ], [ 560586.900000000023283, 186895.4 ], [ 560589.099999999976717, 186885.700000000011642 ], [ 560593.699999999953434, 186873.6 ], [ 560597.0, 186867.799999999988358 ], [ 560601.099999999976717, 186862.799999999988358 ], [ 560605.300000000046566, 186859.1 ], [ 560621.099999999976717, 186849.299999999988358 ], [ 560659.699999999953434, 186854.200000000011642 ], [ 560681.099999999976717, 186853.799999999988358 ], [ 560709.800000000046566, 186836.9 ], [ 560770.199999999953434, 186795.200000000011642 ], [ 560801.800000000046566, 186771.9 ], [ 560818.400000000023283, 186757.4 ], [ 560825.199999999953434, 186730.200000000011642 ], [ 560833.900000000023283, 186666.799999999988358 ], [ 560841.0, 186602.299999999988358 ], [ 560843.5, 186595.299999999988358 ], [ 560846.699999999953434, 186590.6 ], [ 560851.300000000046566, 186585.6 ], [ 560856.0, 186581.700000000011642 ], [ 560860.400000000023283, 186579.0 ], [ 560865.099999999976717, 186576.9 ], [ 560872.199999999953434, 186574.6 ], [ 560903.900000000023283, 186559.5 ], [ 560935.699999999953434, 186544.4 ], [ 560982.900000000023283, 186520.700000000011642 ], [ 561013.199999999953434, 186508.5 ], [ 561038.900000000023283, 186499.9 ], [ 561066.599999999976717, 186487.299999999988358 ], [ 561074.800000000046566, 186481.700000000011642 ], [ 561078.300000000046566, 186478.299999999988358 ], [ 561080.300000000046566, 186475.1 ], [ 561082.599999999976717, 186468.200000000011642 ], [ 561082.699999999953434, 186463.4 ], [ 561082.099999999976717, 186458.6 ], [ 561080.699999999953434, 186454.299999999988358 ], [ 561082.800000000046566, 186416.799999999988358 ], [ 561083.599999999976717, 186377.4 ], [ 561093.300000000046566, 186330.5 ], [ 561094.599999999976717, 186327.700000000011642 ], [ 561097.099999999976717, 186324.5 ], [ 561100.800000000046566, 186321.299999999988358 ], [ 561104.900000000023283, 186319.200000000011642 ], [ 561109.199999999953434, 186318.1 ], [ 561114.099999999976717, 186318.1 ], [ 561118.400000000023283, 186318.9 ], [ 561123.5, 186321.200000000011642 ], [ 561162.800000000046566, 186334.5 ], [ 561232.800000000046566, 186356.200000000011642 ], [ 561251.099999999976717, 186358.6 ], [ 561275.699999999953434, 186356.9 ], [ 561297.5, 186358.299999999988358 ], [ 561309.800000000046566, 186337.9 ], [ 561316.0, 186321.5 ], [ 561319.599999999976717, 186313.5 ], [ 561324.099999999976717, 186305.9 ], [ 561330.5, 186296.4 ], [ 561340.300000000046566, 186283.6 ], [ 561359.5, 186261.0 ], [ 561379.099999999976717, 186234.9 ], [ 561390.300000000046566, 186221.6 ], [ 561406.800000000046566, 186204.5 ], [ 561415.400000000023283, 186197.299999999988358 ], [ 561436.099999999976717, 186182.4 ], [ 561469.699999999953434, 186153.299999999988358 ], [ 561489.099999999976717, 186134.700000000011642 ], [ 561491.900000000023283, 186129.9 ], [ 561494.599999999976717, 186121.799999999988358 ], [ 561499.800000000046566, 186078.700000000011642 ], [ 561506.900000000023283, 185961.799999999988358 ], [ 561508.699999999953434, 185923.4 ], [ 561509.099999999976717, 185914.6 ], [ 561508.599999999976717, 185890.4 ], [ 561507.800000000046566, 185880.5 ], [ 561508.0, 185872.6 ], [ 561509.0, 185864.5 ], [ 561511.0, 185857.6 ], [ 561514.099999999976717, 185851.1 ], [ 561517.199999999953434, 185846.4 ], [ 561533.099999999976717, 185828.299999999988358 ], [ 561542.099999999976717, 185816.0 ], [ 561550.900000000023283, 185801.6 ], [ 561556.800000000046566, 185790.799999999988358 ], [ 561558.5, 185787.299999999988358 ], [ 561564.099999999976717, 185769.9 ], [ 561569.300000000046566, 185738.799999999988358 ], [ 561571.099999999976717, 185732.1 ], [ 561574.0, 185723.4 ], [ 561577.300000000046566, 185715.5 ], [ 561581.800000000046566, 185707.200000000011642 ], [ 561587.5, 185697.9 ], [ 561594.400000000023283, 185688.4 ], [ 561619.300000000046566, 185645.700000000011642 ], [ 561595.199999999953434, 185597.299999999988358 ], [ 561582.5, 185563.6 ], [ 561592.800000000046566, 185559.799999999988358 ], [ 561621.0, 185563.799999999988358 ], [ 561672.5, 185573.1 ], [ 561707.5, 185578.5 ], [ 561758.599999999976717, 185581.0 ], [ 561791.699999999953434, 185513.799999999988358 ], [ 561842.199999999953434, 185419.299999999988358 ], [ 561868.400000000023283, 185369.200000000011642 ], [ 561878.800000000046566, 185348.200000000011642 ], [ 561910.300000000046566, 185270.200000000011642 ], [ 561927.400000000023283, 185231.5 ], [ 561941.199999999953434, 185202.9 ], [ 561915.800000000046566, 185108.0 ], [ 561906.099999999976717, 185064.700000000011642 ], [ 561926.699999999953434, 185062.299999999988358 ], [ 561936.099999999976717, 185059.6 ], [ 561940.300000000046566, 185057.0 ], [ 561941.699999999953434, 185055.0 ], [ 561942.800000000046566, 185051.9 ], [ 561943.0, 185048.700000000011642 ], [ 561942.099999999976717, 185044.299999999988358 ], [ 561942.5, 185034.4 ], [ 561957.5, 185000.0 ], [ 561956.699999999953434, 184981.9 ], [ 561871.599999999976717, 184954.200000000011642 ], [ 561778.400000000023283, 184925.200000000011642 ], [ 561776.400000000023283, 184941.1 ], [ 561775.900000000023283, 184964.6 ], [ 561780.5, 184993.299999999988358 ], [ 561782.199999999953434, 185000.0 ], [ 561786.900000000023283, 185009.1 ], [ 561761.5, 185004.5 ], [ 561720.300000000046566, 185003.0 ], [ 561685.300000000046566, 185000.0 ], [ 561651.199999999953434, 184998.299999999988358 ], [ 561617.699999999953434, 184997.0 ], [ 561529.099999999976717, 184992.200000000011642 ], [ 561495.099999999976717, 184988.5 ], [ 561470.5, 184984.4 ], [ 561435.099999999976717, 184981.1 ], [ 561405.300000000046566, 184981.6 ], [ 561350.199999999953434, 184978.9 ], [ 561311.0, 184975.5 ], [ 561229.199999999953434, 184964.4 ], [ 561153.5, 184957.9 ], [ 561090.599999999976717, 184954.200000000011642 ], [ 561027.099999999976717, 184941.4 ], [ 560968.900000000023283, 184930.5 ], [ 560811.400000000023283, 184903.0 ], [ 560772.0, 184897.4 ], [ 560770.400000000023283, 184887.700000000011642 ], [ 560737.900000000023283, 184885.0 ], [ 560695.800000000046566, 184876.6 ], [ 560658.699999999953434, 184871.9 ], [ 560656.099999999976717, 184878.1 ], [ 560600.900000000023283, 184874.1 ], [ 560562.5, 184866.700000000011642 ], [ 560522.099999999976717, 184860.6 ], [ 560504.300000000046566, 184857.200000000011642 ], [ 560455.800000000046566, 184851.6 ], [ 560429.599999999976717, 184847.4 ], [ 560396.0, 184844.200000000011642 ], [ 560330.400000000023283, 184835.4 ], [ 560330.300000000046566, 184801.5 ], [ 560297.900000000023283, 184794.4 ], [ 560279.5, 184792.4 ], [ 560247.699999999953434, 184791.5 ], [ 560237.699999999953434, 184786.9 ], [ 560122.599999999976717, 184774.0 ], [ 560075.599999999976717, 184766.799999999988358 ], [ 560061.599999999976717, 184764.6 ], [ 560045.199999999953434, 184762.9 ], [ 560042.800000000046566, 184769.1 ], [ 560000.099999999976717, 184764.1 ], [ 560000.0, 184764.1 ], [ 559917.900000000023283, 184750.6 ], [ 559858.0, 184742.799999999988358 ], [ 559787.699999999953434, 184735.1 ], [ 559678.099999999976717, 184719.799999999988358 ], [ 559653.699999999953434, 184714.4 ], [ 559659.400000000023283, 184686.200000000011642 ], [ 559665.300000000046566, 184645.6 ], [ 559533.699999999953434, 184615.299999999988358 ], [ 559434.800000000046566, 184590.799999999988358 ], [ 559413.599999999976717, 184585.1 ], [ 559431.599999999976717, 184480.299999999988358 ], [ 559447.300000000046566, 184403.9 ], [ 559456.900000000023283, 184360.5 ], [ 559459.900000000023283, 184325.700000000011642 ], [ 559305.900000000023283, 184298.1 ], [ 559263.099999999976717, 184291.0 ], [ 559201.300000000046566, 184275.5 ], [ 559125.0, 184265.299999999988358 ], [ 559061.699999999953434, 184253.6 ], [ 559019.400000000023283, 184247.4 ], [ 558986.800000000046566, 184240.799999999988358 ], [ 558954.900000000023283, 184236.6 ], [ 558961.400000000023283, 184217.299999999988358 ], [ 558915.599999999976717, 184224.1 ], [ 558851.800000000046566, 184221.700000000011642 ], [ 558810.0, 184221.5 ], [ 558791.300000000046566, 184219.6 ], [ 558762.400000000023283, 184215.299999999988358 ], [ 558753.199999999953434, 184213.5 ], [ 558737.800000000046566, 184210.0 ], [ 558722.300000000046566, 184205.700000000011642 ], [ 558713.300000000046566, 184202.700000000011642 ], [ 558694.400000000023283, 184191.799999999988358 ], [ 558645.300000000046566, 184183.799999999988358 ], [ 558615.199999999953434, 184176.200000000011642 ], [ 558556.699999999953434, 184170.9 ], [ 558513.0, 184163.0 ], [ 558473.900000000023283, 184158.4 ], [ 558406.400000000023283, 184145.4 ], [ 558355.599999999976717, 184137.9 ], [ 558287.300000000046566, 184117.299999999988358 ], [ 558204.0, 184085.6 ], [ 558124.900000000023283, 184063.0 ], [ 558057.599999999976717, 184040.4 ], [ 557983.099999999976717, 184013.5 ], [ 557974.199999999953434, 184041.1 ], [ 557943.5, 184030.9 ], [ 557919.400000000023283, 184019.5 ], [ 557916.0, 184018.299999999988358 ], [ 557895.199999999953434, 184013.299999999988358 ], [ 557887.300000000046566, 184012.200000000011642 ], [ 557867.300000000046566, 184011.1 ], [ 557857.199999999953434, 184011.5 ], [ 557842.300000000046566, 184013.1 ], [ 557826.599999999976717, 184015.9 ], [ 557815.400000000023283, 184018.700000000011642 ], [ 557793.400000000023283, 184025.9 ], [ 557783.0, 184028.700000000011642 ], [ 557760.199999999953434, 184033.1 ], [ 557747.900000000023283, 184034.799999999988358 ], [ 557726.400000000023283, 184036.200000000011642 ], [ 557713.699999999953434, 184036.1 ], [ 557690.400000000023283, 184034.6 ], [ 557591.800000000046566, 184019.700000000011642 ], [ 557521.199999999953434, 184001.4 ], [ 557502.300000000046566, 183994.799999999988358 ], [ 557490.099999999976717, 183989.9 ], [ 557466.900000000023283, 183979.0 ], [ 557383.300000000046566, 183944.4 ], [ 557351.300000000046566, 183933.1 ], [ 557300.800000000046566, 183918.5 ], [ 557276.800000000046566, 183912.4 ], [ 557269.400000000023283, 183910.700000000011642 ], [ 557223.400000000023283, 183903.299999999988358 ], [ 557240.599999999976717, 183617.1 ], [ 557243.5, 183512.200000000011642 ], [ 557249.300000000046566, 183423.1 ], [ 557250.5, 183376.200000000011642 ], [ 557253.800000000046566, 183189.5 ], [ 557250.599999999976717, 183109.0 ], [ 557250.900000000023283, 183103.4 ], [ 557253.0, 183092.4 ], [ 557258.400000000023283, 183079.0 ], [ 557261.300000000046566, 183074.299999999988358 ], [ 557264.300000000046566, 183070.9 ], [ 557271.800000000046566, 183065.6 ], [ 557276.300000000046566, 183063.700000000011642 ], [ 557283.900000000023283, 183062.0 ], [ 557320.699999999953434, 183060.4 ], [ 557347.099999999976717, 183057.1 ], [ 557350.0, 182980.9 ], [ 557348.0, 182923.5 ], [ 557344.599999999976717, 182883.700000000011642 ], [ 557278.800000000046566, 182880.1 ], [ 557231.800000000046566, 182874.1 ], [ 557188.300000000046566, 182745.4 ], [ 557183.900000000023283, 182732.5 ], [ 557178.300000000046566, 182712.700000000011642 ], [ 557172.400000000023283, 182684.0 ], [ 557170.5, 182670.0 ], [ 557168.5, 182642.9 ], [ 557166.5, 182598.4 ], [ 557166.400000000023283, 182580.5 ], [ 557167.300000000046566, 182399.0 ], [ 557162.800000000046566, 182348.0 ], [ 557157.099999999976717, 182311.799999999988358 ], [ 557091.0, 182316.4 ], [ 557061.5, 182315.6 ], [ 557040.099999999976717, 182314.9 ], [ 557025.300000000046566, 182316.0 ], [ 557017.0, 182317.299999999988358 ], [ 557012.199999999953434, 182318.9 ], [ 557006.5, 182322.1 ], [ 556998.300000000046566, 182329.5 ], [ 556961.599999999976717, 182348.1 ], [ 556937.599999999976717, 182358.299999999988358 ], [ 556926.599999999976717, 182360.299999999988358 ], [ 556920.900000000023283, 182360.299999999988358 ], [ 556917.5, 182359.5 ], [ 556914.199999999953434, 182357.799999999988358 ], [ 556909.599999999976717, 182354.299999999988358 ], [ 556898.599999999976717, 182351.9 ], [ 556885.199999999953434, 182346.5 ], [ 556869.699999999953434, 182332.700000000011642 ], [ 556864.5, 182325.299999999988358 ], [ 556862.599999999976717, 182319.1 ], [ 556862.900000000023283, 182316.299999999988358 ], [ 556863.900000000023283, 182313.5 ], [ 556867.0, 182308.9 ], [ 556867.900000000023283, 182299.5 ], [ 556866.300000000046566, 182297.200000000011642 ], [ 556864.699999999953434, 182296.1 ], [ 556852.599999999976717, 182295.5 ], [ 556835.800000000046566, 182292.799999999988358 ], [ 556827.599999999976717, 182289.799999999988358 ], [ 556824.599999999976717, 182289.4 ], [ 556819.099999999976717, 182290.200000000011642 ], [ 556808.199999999953434, 182297.1 ], [ 556805.099999999976717, 182298.1 ], [ 556785.400000000023283, 182299.200000000011642 ], [ 556769.400000000023283, 182295.5 ], [ 556765.300000000046566, 182295.200000000011642 ], [ 556757.800000000046566, 182295.5 ], [ 556742.099999999976717, 182297.9 ], [ 556728.699999999953434, 182298.1 ], [ 556722.0, 182297.4 ], [ 556717.599999999976717, 182296.299999999988358 ], [ 556708.800000000046566, 182292.9 ], [ 556684.800000000046566, 182287.4 ], [ 556679.5, 182286.799999999988358 ], [ 556675.900000000023283, 182287.0 ], [ 556673.099999999976717, 182287.799999999988358 ], [ 556666.400000000023283, 182291.0 ], [ 556662.599999999976717, 182291.5 ], [ 556657.800000000046566, 182291.200000000011642 ], [ 556653.199999999953434, 182290.299999999988358 ], [ 556635.400000000023283, 182282.9 ], [ 556627.699999999953434, 182278.0 ], [ 556623.800000000046566, 182276.1 ], [ 556618.599999999976717, 182274.4 ], [ 556611.599999999976717, 182273.1 ], [ 556605.800000000046566, 182272.700000000011642 ], [ 556597.300000000046566, 182273.799999999988358 ], [ 556577.199999999953434, 182279.0 ], [ 556563.400000000023283, 182280.0 ], [ 556552.199999999953434, 182278.9 ], [ 556545.800000000046566, 182279.0 ], [ 556542.699999999953434, 182279.6 ], [ 556534.599999999976717, 182284.0 ], [ 556524.800000000046566, 182286.9 ], [ 556514.400000000023283, 182289.700000000011642 ], [ 556490.5, 182294.4 ], [ 556473.800000000046566, 182292.5 ], [ 556467.5, 182359.0 ], [ 556461.599999999976717, 182425.200000000011642 ], [ 556458.400000000023283, 182457.0 ], [ 556450.599999999976717, 182486.200000000011642 ], [ 556444.199999999953434, 182510.200000000011642 ], [ 556443.900000000023283, 182511.4 ], [ 556438.800000000046566, 182528.4 ], [ 556437.300000000046566, 182548.6 ], [ 556436.300000000046566, 182574.6 ], [ 556432.900000000023283, 182603.200000000011642 ], [ 556425.099999999976717, 182637.799999999988358 ], [ 556413.5, 182676.799999999988358 ], [ 556399.400000000023283, 182718.4 ], [ 556385.199999999953434, 182758.799999999988358 ], [ 556376.800000000046566, 182789.200000000011642 ], [ 556372.800000000046566, 182827.0 ], [ 556366.099999999976717, 182865.4 ], [ 556360.5, 182897.0 ], [ 556357.300000000046566, 182920.0 ], [ 556359.300000000046566, 182947.4 ], [ 556359.099999999976717, 182972.6 ], [ 556351.800000000046566, 183027.799999999988358 ], [ 556346.0, 183057.0 ], [ 556340.0, 183078.200000000011642 ], [ 556335.199999999953434, 183089.0 ], [ 556326.400000000023283, 183100.6 ], [ 556310.300000000046566, 183129.200000000011642 ], [ 556296.699999999953434, 183157.0 ], [ 556286.699999999953434, 183186.6 ], [ 556283.699999999953434, 183206.6 ], [ 556282.300000000046566, 183230.200000000011642 ], [ 556283.5, 183252.200000000011642 ], [ 556281.400000000023283, 183284.200000000011642 ], [ 556276.800000000046566, 183321.6 ], [ 556273.800000000046566, 183357.4 ], [ 556255.0, 183409.0 ], [ 556245.300000000046566, 183439.6 ], [ 556239.099999999976717, 183461.200000000011642 ], [ 556234.699999999953434, 183481.0 ], [ 556229.5, 183501.799999999988358 ], [ 556218.900000000023283, 183500.4 ], [ 556156.699999999953434, 183494.299999999988358 ], [ 556123.400000000023283, 183489.4 ], [ 556099.099999999976717, 183481.700000000011642 ], [ 556101.5, 183399.5 ], [ 556097.699999999953434, 183340.9 ], [ 556056.199999999953434, 183355.4 ], [ 555998.099999999976717, 183302.200000000011642 ], [ 555960.0, 183275.799999999988358 ], [ 555929.900000000023283, 183246.9 ], [ 555923.300000000046566, 183237.9 ], [ 555920.599999999976717, 183232.799999999988358 ], [ 555919.199999999953434, 183229.299999999988358 ], [ 555918.400000000023283, 183225.6 ], [ 555918.099999999976717, 183219.9 ], [ 555918.5, 183215.200000000011642 ], [ 555919.5, 183211.4 ], [ 555921.599999999976717, 183206.4 ], [ 555927.599999999976717, 183198.1 ], [ 555961.199999999953434, 183137.299999999988358 ], [ 555974.199999999953434, 183117.4 ], [ 555979.300000000046566, 183103.700000000011642 ], [ 555981.0, 183095.9 ], [ 555981.699999999953434, 183087.700000000011642 ], [ 555981.300000000046566, 183079.4 ], [ 555980.099999999976717, 183072.6 ], [ 555956.599999999976717, 182988.0 ], [ 555954.5, 182982.200000000011642 ], [ 555946.5, 182967.4 ], [ 555944.0, 182964.6 ], [ 555940.300000000046566, 182961.700000000011642 ], [ 555935.900000000023283, 182959.6 ], [ 555933.400000000023283, 182959.0 ], [ 555925.300000000046566, 182958.299999999988358 ], [ 555911.199999999953434, 182921.9 ], [ 555899.800000000046566, 182901.5 ], [ 555824.599999999976717, 182935.299999999988358 ], [ 555690.0, 182992.6 ], [ 555687.800000000046566, 182970.700000000011642 ], [ 555685.400000000023283, 182959.799999999988358 ], [ 555683.0, 182953.0 ], [ 555657.5, 182901.5 ], [ 555634.800000000046566, 182866.4 ], [ 555602.599999999976717, 182827.200000000011642 ], [ 555585.199999999953434, 182808.0 ], [ 555578.400000000023283, 182802.700000000011642 ], [ 555574.0, 182797.700000000011642 ], [ 555570.0, 182790.1 ], [ 555563.5, 182761.799999999988358 ], [ 555556.800000000046566, 182738.200000000011642 ], [ 555554.900000000023283, 182733.299999999988358 ], [ 555550.300000000046566, 182723.5 ], [ 555548.400000000023283, 182717.1 ], [ 555546.199999999953434, 182703.299999999988358 ], [ 555546.0, 182696.1 ], [ 555548.699999999953434, 182657.4 ], [ 555553.0, 182633.9 ], [ 555584.699999999953434, 182629.299999999988358 ], [ 555626.099999999976717, 182615.1 ], [ 555655.900000000023283, 182606.4 ], [ 555675.0, 182602.6 ], [ 555696.599999999976717, 182600.6 ], [ 555708.0, 182598.799999999988358 ], [ 555719.300000000046566, 182596.5 ], [ 555732.900000000023283, 182593.1 ], [ 555746.900000000023283, 182589.0 ], [ 555757.5, 182585.299999999988358 ], [ 555773.400000000023283, 182578.5 ], [ 555803.5, 182559.700000000011642 ], [ 555813.800000000046566, 182548.6 ], [ 555819.599999999976717, 182541.200000000011642 ], [ 555830.0, 182524.700000000011642 ], [ 555814.800000000046566, 182508.6 ], [ 555801.0, 182480.4 ], [ 555822.900000000023283, 182454.0 ], [ 555853.800000000046566, 182400.4 ], [ 555856.300000000046566, 182392.700000000011642 ], [ 555856.800000000046566, 182384.700000000011642 ], [ 555855.400000000023283, 182378.1 ], [ 555853.699999999953434, 182374.200000000011642 ], [ 555851.400000000023283, 182370.6 ], [ 555848.0, 182366.799999999988358 ], [ 555844.300000000046566, 182363.799999999988358 ], [ 555805.099999999976717, 182332.700000000011642 ], [ 555785.599999999976717, 182321.6 ], [ 555735.199999999953434, 182335.799999999988358 ], [ 555583.599999999976717, 182398.9 ], [ 555542.0, 182420.1 ], [ 555533.5, 182423.299999999988358 ], [ 555522.599999999976717, 182426.4 ], [ 555502.699999999953434, 182429.6 ], [ 555364.0, 182423.799999999988358 ], [ 555313.199999999953434, 182418.1 ], [ 555387.0, 182248.799999999988358 ], [ 555415.5, 182188.200000000011642 ], [ 555478.199999999953434, 182054.700000000011642 ], [ 555489.5, 182017.700000000011642 ], [ 555532.300000000046566, 181933.0 ], [ 555555.199999999953434, 181904.9 ], [ 555570.5, 181872.799999999988358 ], [ 555595.800000000046566, 181829.5 ], [ 555607.400000000023283, 181804.799999999988358 ], [ 555592.599999999976717, 181788.799999999988358 ], [ 555586.599999999976717, 181770.0 ], [ 555560.5, 181763.1 ], [ 555550.800000000046566, 181759.5 ], [ 555541.800000000046566, 181755.799999999988358 ], [ 555529.400000000023283, 181746.9 ], [ 555528.699999999953434, 181725.6 ], [ 555533.800000000046566, 181701.9 ], [ 555541.5, 181679.799999999988358 ], [ 555543.900000000023283, 181670.700000000011642 ], [ 555550.300000000046566, 181638.799999999988358 ], [ 555552.699999999953434, 181622.0 ], [ 555554.699999999953434, 181596.0 ], [ 555557.099999999976717, 181542.1 ], [ 555562.699999999953434, 181517.5 ], [ 555563.5, 181491.4 ], [ 555559.599999999976717, 181470.799999999988358 ], [ 555571.0, 181472.4 ], [ 555571.300000000046566, 181467.200000000011642 ], [ 555571.300000000046566, 181466.299999999988358 ], [ 555571.300000000046566, 181464.6 ], [ 555571.400000000023283, 181463.0 ], [ 555571.5, 181461.299999999988358 ], [ 555571.699999999953434, 181459.6 ], [ 555571.900000000023283, 181458.0 ], [ 555572.199999999953434, 181456.1 ], [ 555572.400000000023283, 181455.299999999988358 ], [ 555572.599999999976717, 181454.4 ], [ 555572.800000000046566, 181453.5 ], [ 555573.0, 181452.6 ], [ 555573.300000000046566, 181451.799999999988358 ], [ 555573.599999999976717, 181451.0 ], [ 555573.900000000023283, 181450.200000000011642 ], [ 555574.599999999976717, 181448.9 ], [ 555574.800000000046566, 181448.5 ], [ 555575.0, 181448.0 ], [ 555575.199999999953434, 181447.6 ], [ 555575.5, 181447.200000000011642 ], [ 555575.699999999953434, 181446.799999999988358 ], [ 555576.0, 181446.4 ], [ 555576.300000000046566, 181446.0 ], [ 555576.599999999976717, 181445.700000000011642 ], [ 555577.0, 181445.4 ], [ 555577.300000000046566, 181445.0 ], [ 555577.699999999953434, 181444.799999999988358 ], [ 555578.099999999976717, 181444.6 ], [ 555578.599999999976717, 181444.4 ], [ 555579.099999999976717, 181444.200000000011642 ], [ 555579.5, 181444.1 ], [ 555580.0, 181444.0 ], [ 555580.5, 181443.9 ], [ 555580.900000000023283, 181443.799999999988358 ], [ 555581.400000000023283, 181443.799999999988358 ], [ 555581.900000000023283, 181443.799999999988358 ], [ 555582.400000000023283, 181443.9 ], [ 555582.900000000023283, 181444.0 ], [ 555583.300000000046566, 181444.1 ], [ 555583.800000000046566, 181444.200000000011642 ], [ 555584.300000000046566, 181444.4 ], [ 555584.699999999953434, 181444.5 ], [ 555585.099999999976717, 181444.799999999988358 ], [ 555585.599999999976717, 181445.0 ], [ 555585.900000000023283, 181445.299999999988358 ], [ 555586.300000000046566, 181445.6 ], [ 555602.699999999953434, 181447.1 ], [ 555623.099999999976717, 181448.9 ], [ 555643.0, 181458.4 ], [ 555639.5, 181435.799999999988358 ], [ 555655.699999999953434, 181394.299999999988358 ], [ 555670.400000000023283, 181342.9 ], [ 555677.5, 181292.200000000011642 ], [ 555687.300000000046566, 181235.9 ], [ 555687.300000000046566, 181209.9 ], [ 555687.300000000046566, 181180.299999999988358 ], [ 555687.0, 181180.4 ], [ 555676.099999999976717, 181181.700000000011642 ], [ 555677.599999999976717, 181176.1 ], [ 555681.0, 181163.4 ], [ 555672.5, 181159.299999999988358 ], [ 555647.900000000023283, 181153.9 ], [ 555625.300000000046566, 181147.799999999988358 ], [ 555601.099999999976717, 181142.299999999988358 ], [ 555585.300000000046566, 181138.799999999988358 ], [ 555548.599999999976717, 181131.200000000011642 ], [ 555546.599999999976717, 181119.1 ], [ 555552.199999999953434, 181113.4 ], [ 555548.0, 181109.200000000011642 ], [ 555550.099999999976717, 181096.5 ], [ 555542.800000000046566, 181087.4 ], [ 555539.5, 181083.200000000011642 ], [ 555487.400000000023283, 181077.5 ], [ 555361.099999999976717, 181057.200000000011642 ], [ 555267.099999999976717, 181041.9 ], [ 555235.599999999976717, 181036.799999999988358 ], [ 555212.199999999953434, 181034.0 ], [ 555204.400000000023283, 181034.200000000011642 ], [ 555194.599999999976717, 181036.4 ], [ 555178.699999999953434, 181034.799999999988358 ], [ 555158.699999999953434, 181027.6 ], [ 555140.800000000046566, 181022.4 ], [ 555119.400000000023283, 181012.6 ], [ 555097.099999999976717, 181002.0 ], [ 555080.0, 180999.799999999988358 ], [ 555032.400000000023283, 180994.9 ], [ 555011.699999999953434, 180994.5 ], [ 555000.099999999976717, 180996.1 ], [ 555000.0, 180996.1 ], [ 554988.0, 181000.299999999988358 ], [ 554970.0, 181001.1 ], [ 554932.599999999976717, 181000.4 ], [ 554913.099999999976717, 181001.0 ], [ 554888.599999999976717, 181006.1 ], [ 554857.199999999953434, 181008.9 ], [ 554822.199999999953434, 181008.6 ], [ 554785.400000000023283, 181007.4 ], [ 554751.800000000046566, 181002.700000000011642 ], [ 554672.199999999953434, 180990.1 ], [ 554671.800000000046566, 180990.1 ], [ 554668.199999999953434, 180989.9 ], [ 554664.699999999953434, 180989.6 ], [ 554661.099999999976717, 180989.200000000011642 ], [ 554657.5, 180988.700000000011642 ], [ 554654.0, 180988.0 ], [ 554650.5, 180987.299999999988358 ], [ 554647.0, 180986.5 ], [ 554643.599999999976717, 180985.6 ], [ 554640.099999999976717, 180984.5 ], [ 554636.699999999953434, 180983.4 ], [ 554633.300000000046566, 180982.200000000011642 ], [ 554633.0, 180982.1 ], [ 554632.199999999953434, 180981.799999999988358 ], [ 554630.599999999976717, 180981.299999999988358 ], [ 554629.800000000046566, 180981.0 ], [ 554629.099999999976717, 180980.700000000011642 ], [ 554628.300000000046566, 180980.4 ], [ 554627.599999999976717, 180980.0 ], [ 554626.800000000046566, 180979.700000000011642 ], [ 554626.099999999976717, 180979.200000000011642 ], [ 554625.800000000046566, 180979.0 ], [ 554624.900000000023283, 180978.200000000011642 ], [ 554624.099999999976717, 180977.4 ], [ 554623.300000000046566, 180976.5 ], [ 554622.5, 180975.6 ], [ 554621.800000000046566, 180974.6 ], [ 554621.099999999976717, 180973.6 ], [ 554620.699999999953434, 180972.9 ], [ 554620.099999999976717, 180971.9 ], [ 554619.5, 180970.9 ], [ 554618.900000000023283, 180969.799999999988358 ], [ 554610.699999999953434, 180904.6 ], [ 554584.800000000046566, 180898.4 ], [ 554588.400000000023283, 180890.200000000011642 ], [ 554588.0, 180889.299999999988358 ], [ 554586.0, 180884.4 ], [ 554599.800000000046566, 180849.4 ], [ 554613.0, 180826.6 ], [ 554622.300000000046566, 180800.6 ], [ 554628.900000000023283, 180773.4 ], [ 554630.699999999953434, 180745.0 ], [ 554640.699999999953434, 180722.700000000011642 ], [ 554663.800000000046566, 180680.299999999988358 ], [ 554691.199999999953434, 180628.5 ], [ 554693.699999999953434, 180622.200000000011642 ], [ 554699.900000000023283, 180606.799999999988358 ], [ 554706.099999999976717, 180585.0 ], [ 554710.099999999976717, 180558.6 ], [ 554720.5, 180524.4 ], [ 554740.199999999953434, 180474.799999999988358 ], [ 554762.900000000023283, 180423.1 ], [ 554789.300000000046566, 180362.299999999988358 ], [ 554821.599999999976717, 180302.0 ], [ 554851.599999999976717, 180244.4 ], [ 554880.599999999976717, 180182.4 ], [ 554865.699999999953434, 180175.799999999988358 ], [ 554845.199999999953434, 180171.5 ], [ 554810.599999999976717, 180160.700000000011642 ], [ 554790.099999999976717, 180151.1 ], [ 554765.0, 180135.9 ], [ 554739.5, 180121.799999999988358 ], [ 554736.599999999976717, 180118.0 ], [ 554729.400000000023283, 180106.0 ], [ 554722.800000000046566, 180107.5 ], [ 554718.800000000046566, 180105.5 ], [ 554699.400000000023283, 180085.0 ], [ 554672.800000000046566, 180058.6 ], [ 554634.699999999953434, 180023.0 ], [ 554604.300000000046566, 180000.0 ], [ 554604.199999999953434, 180000.0 ], [ 554592.0, 179990.200000000011642 ], [ 554569.300000000046566, 179974.1 ], [ 554544.599999999976717, 179963.299999999988358 ], [ 554515.199999999953434, 179952.9 ], [ 554498.5, 179943.700000000011642 ], [ 554494.199999999953434, 179942.200000000011642 ], [ 554493.599999999976717, 179942.299999999988358 ], [ 554474.599999999976717, 179966.799999999988358 ], [ 554458.400000000023283, 179981.700000000011642 ], [ 554446.0, 179998.6 ], [ 554445.599999999976717, 180000.0 ], [ 554444.199999999953434, 180006.700000000011642 ], [ 554436.599999999976717, 180000.0 ], [ 554436.400000000023283, 180000.0 ], [ 554426.400000000023283, 179997.299999999988358 ], [ 554400.699999999953434, 179992.5 ], [ 554376.699999999953434, 179991.0 ], [ 554355.099999999976717, 179988.6 ], [ 554329.099999999976717, 179992.700000000011642 ], [ 554318.099999999976717, 179993.0 ], [ 554309.0, 179991.9 ], [ 554295.599999999976717, 179988.200000000011642 ], [ 554269.5, 179982.0 ], [ 554203.199999999953434, 179957.6 ], [ 554172.400000000023283, 179947.799999999988358 ], [ 554170.300000000046566, 179943.1 ], [ 554169.800000000046566, 179933.299999999988358 ], [ 554168.0, 179931.700000000011642 ], [ 554163.800000000046566, 179929.200000000011642 ], [ 554159.300000000046566, 179927.4 ], [ 554116.099999999976717, 179917.4 ], [ 554084.199999999953434, 179905.700000000011642 ], [ 554072.099999999976717, 179897.4 ], [ 554055.0, 179884.6 ], [ 554044.900000000023283, 179878.700000000011642 ], [ 554033.0, 179873.299999999988358 ], [ 554027.300000000046566, 179870.1 ], [ 554012.400000000023283, 179860.5 ], [ 554002.099999999976717, 179851.5 ], [ 553998.800000000046566, 179849.200000000011642 ], [ 553991.900000000023283, 179845.700000000011642 ], [ 553941.400000000023283, 179837.799999999988358 ], [ 553918.0, 179829.799999999988358 ], [ 553902.300000000046566, 179839.200000000011642 ], [ 553893.300000000046566, 179847.4 ], [ 553890.599999999976717, 179847.5 ], [ 553885.0, 179846.5 ], [ 553879.800000000046566, 179844.299999999988358 ], [ 553873.5, 179839.6 ], [ 553873.199999999953434, 179839.6 ], [ 553860.900000000023283, 179835.299999999988358 ], [ 553853.199999999953434, 179830.4 ], [ 553849.0, 179827.0 ], [ 553835.300000000046566, 179812.4 ], [ 553812.900000000023283, 179790.1 ], [ 553807.300000000046566, 179782.700000000011642 ], [ 553802.800000000046566, 179783.299999999988358 ], [ 553794.599999999976717, 179779.200000000011642 ], [ 553785.099999999976717, 179754.5 ], [ 553776.0, 179723.0 ], [ 553765.400000000023283, 179698.299999999988358 ], [ 553755.5, 179663.799999999988358 ], [ 553747.099999999976717, 179662.4 ], [ 553741.800000000046566, 179662.6 ], [ 553731.900000000023283, 179664.299999999988358 ], [ 553722.900000000023283, 179663.799999999988358 ], [ 553712.699999999953434, 179605.6 ], [ 553710.0, 179596.9 ], [ 553709.5, 179592.1 ], [ 553709.800000000046566, 179588.1 ], [ 553710.800000000046566, 179583.799999999988358 ], [ 553712.900000000023283, 179578.200000000011642 ], [ 553714.599999999976717, 179561.9 ], [ 553712.400000000023283, 179554.200000000011642 ], [ 553711.0, 179544.700000000011642 ], [ 553710.900000000023283, 179539.6 ], [ 553712.099999999976717, 179529.4 ], [ 553712.699999999953434, 179475.6 ], [ 553712.300000000046566, 179471.700000000011642 ], [ 553710.900000000023283, 179462.799999999988358 ], [ 553707.599999999976717, 179450.700000000011642 ], [ 553688.699999999953434, 179425.9 ], [ 553686.099999999976717, 179421.5 ], [ 553684.0, 179417.0 ], [ 553681.800000000046566, 179409.5 ], [ 553681.0, 179397.299999999988358 ], [ 553679.400000000023283, 179390.1 ], [ 553676.099999999976717, 179383.0 ], [ 553667.699999999953434, 179371.799999999988358 ], [ 553664.0, 179344.4 ], [ 553663.400000000023283, 179290.0 ], [ 553661.800000000046566, 179257.4 ], [ 553660.300000000046566, 179243.299999999988358 ], [ 553657.0, 179219.1 ], [ 553656.0, 179217.200000000011642 ], [ 553653.5, 179214.4 ], [ 553650.300000000046566, 179212.799999999988358 ], [ 553633.699999999953434, 179206.6 ], [ 553627.699999999953434, 179203.700000000011642 ], [ 553623.300000000046566, 179202.299999999988358 ], [ 553623.5, 179178.0 ], [ 553620.400000000023283, 179163.1 ], [ 553617.300000000046566, 179154.4 ], [ 553608.300000000046566, 179147.4 ], [ 553593.0, 179137.9 ], [ 553564.0, 179127.1 ], [ 553561.099999999976717, 179127.1 ], [ 553557.400000000023283, 179124.5 ], [ 553555.199999999953434, 179121.0 ], [ 553553.300000000046566, 179113.1 ], [ 553548.900000000023283, 179106.700000000011642 ], [ 553545.599999999976717, 179103.5 ], [ 553542.199999999953434, 179101.4 ], [ 553540.300000000046566, 179100.700000000011642 ], [ 553534.699999999953434, 179101.5 ], [ 553531.199999999953434, 179100.700000000011642 ], [ 553530.199999999953434, 179099.9 ], [ 553527.5, 179090.9 ], [ 553521.699999999953434, 179085.1 ], [ 553515.800000000046566, 179079.4 ], [ 553510.099999999976717, 179078.4 ], [ 553499.900000000023283, 179070.5 ], [ 553495.400000000023283, 179074.299999999988358 ], [ 553491.599999999976717, 179076.6 ], [ 553489.0, 179082.200000000011642 ], [ 553477.5, 179079.4 ], [ 553474.400000000023283, 179079.299999999988358 ], [ 553471.5, 179079.6 ], [ 553462.199999999953434, 179082.200000000011642 ], [ 553456.0, 179082.799999999988358 ], [ 553448.300000000046566, 179082.299999999988358 ], [ 553446.699999999953434, 179093.0 ], [ 553445.800000000046566, 179094.5 ], [ 553443.199999999953434, 179096.5 ], [ 553439.699999999953434, 179096.6 ], [ 553439.0, 179096.200000000011642 ], [ 553430.099999999976717, 179083.4 ], [ 553427.099999999976717, 179080.200000000011642 ], [ 553425.199999999953434, 179072.6 ], [ 553418.099999999976717, 179059.6 ], [ 553416.800000000046566, 179058.299999999988358 ], [ 553413.099999999976717, 179057.0 ], [ 553408.800000000046566, 179057.5 ], [ 553369.800000000046566, 179058.6 ], [ 553364.699999999953434, 179058.1 ], [ 553357.699999999953434, 179056.4 ], [ 553350.5, 179053.4 ], [ 553345.699999999953434, 179050.299999999988358 ], [ 553342.699999999953434, 179047.799999999988358 ], [ 553336.699999999953434, 179040.799999999988358 ], [ 553300.199999999953434, 179036.5 ], [ 553295.300000000046566, 179038.5 ], [ 553283.900000000023283, 179044.299999999988358 ], [ 553276.800000000046566, 179034.5 ], [ 553270.900000000023283, 179037.200000000011642 ], [ 553262.800000000046566, 179039.700000000011642 ], [ 553256.800000000046566, 179041.200000000011642 ], [ 553252.199999999953434, 179041.4 ], [ 553236.800000000046566, 179040.9 ], [ 553208.599999999976717, 179037.4 ], [ 553180.5, 179032.6 ], [ 553147.400000000023283, 179025.200000000011642 ], [ 553125.599999999976717, 179019.700000000011642 ], [ 553094.300000000046566, 179010.299999999988358 ], [ 553044.900000000023283, 178997.299999999988358 ], [ 553037.099999999976717, 178996.200000000011642 ], [ 553029.199999999953434, 178995.700000000011642 ], [ 553019.400000000023283, 178996.299999999988358 ], [ 553001.599999999976717, 178995.200000000011642 ], [ 552994.5, 178997.0 ], [ 552985.0, 178997.4 ], [ 552934.5, 178988.4 ], [ 552919.099999999976717, 178987.299999999988358 ], [ 552912.099999999976717, 178986.200000000011642 ], [ 552905.900000000023283, 178984.6 ], [ 552848.800000000046566, 178963.0 ], [ 552822.800000000046566, 178954.799999999988358 ], [ 552754.099999999976717, 178939.799999999988358 ], [ 552710.400000000023283, 178912.4 ], [ 552673.0, 178900.700000000011642 ], [ 552656.800000000046566, 178894.9 ], [ 552647.699999999953434, 178892.6 ], [ 552596.400000000023283, 178883.6 ], [ 552591.0, 178880.5 ], [ 552588.099999999976717, 178878.0 ], [ 552584.599999999976717, 178873.799999999988358 ], [ 552585.0, 178863.1 ], [ 552504.300000000046566, 178847.299999999988358 ], [ 552501.900000000023283, 178855.200000000011642 ], [ 552485.300000000046566, 178864.200000000011642 ], [ 552483.099999999976717, 178863.6 ], [ 552471.0, 178857.9 ], [ 552467.300000000046566, 178856.700000000011642 ], [ 552430.599999999976717, 178850.0 ], [ 552405.400000000023283, 178847.799999999988358 ], [ 552356.699999999953434, 178846.5 ], [ 552348.599999999976717, 178841.6 ], [ 552333.800000000046566, 178835.799999999988358 ], [ 552307.099999999976717, 178845.700000000011642 ], [ 552299.599999999976717, 178849.0 ], [ 552295.199999999953434, 178849.799999999988358 ], [ 552286.900000000023283, 178849.799999999988358 ], [ 552274.599999999976717, 178850.9 ], [ 552265.900000000023283, 178850.4 ], [ 552257.599999999976717, 178849.299999999988358 ], [ 552244.900000000023283, 178846.1 ], [ 552232.599999999976717, 178841.299999999988358 ], [ 552204.5, 178831.6 ], [ 552190.599999999976717, 178824.799999999988358 ], [ 552191.699999999953434, 178819.700000000011642 ], [ 552143.599999999976717, 178807.200000000011642 ], [ 552107.900000000023283, 178800.6 ], [ 552088.5, 178798.5 ], [ 552050.300000000046566, 178799.6 ], [ 552040.099999999976717, 178800.5 ], [ 552024.400000000023283, 178802.799999999988358 ], [ 552010.300000000046566, 178805.299999999988358 ], [ 552001.0, 178808.0 ], [ 551984.400000000023283, 178814.299999999988358 ], [ 551978.099999999976717, 178818.9 ], [ 551977.5, 178820.299999999988358 ], [ 551977.300000000046566, 178828.1 ], [ 551977.800000000046566, 178830.4 ], [ 551980.5, 178836.9 ], [ 551981.099999999976717, 178843.0 ], [ 551977.5, 178858.9 ], [ 551976.800000000046566, 178865.9 ], [ 551975.800000000046566, 178869.9 ], [ 551972.699999999953434, 178877.5 ], [ 551965.699999999953434, 178888.700000000011642 ], [ 551965.0, 178894.0 ], [ 551963.300000000046566, 178896.700000000011642 ], [ 551960.900000000023283, 178898.4 ], [ 551959.099999999976717, 178898.9 ], [ 551947.0, 178899.299999999988358 ], [ 551942.0, 178900.700000000011642 ], [ 551942.300000000046566, 178906.1 ], [ 551940.800000000046566, 178907.700000000011642 ], [ 551934.300000000046566, 178912.200000000011642 ], [ 551932.699999999953434, 178914.0 ], [ 551931.400000000023283, 178916.1 ], [ 551929.599999999976717, 178921.4 ], [ 551919.400000000023283, 178930.9 ], [ 551911.199999999953434, 178937.0 ], [ 551909.800000000046566, 178939.200000000011642 ], [ 551898.5, 178965.6 ], [ 551878.199999999953434, 178989.1 ], [ 551869.0, 179007.299999999988358 ], [ 551864.699999999953434, 179014.1 ], [ 551860.199999999953434, 179020.9 ], [ 551837.300000000046566, 179051.6 ], [ 551826.099999999976717, 179065.6 ], [ 551806.099999999976717, 179088.0 ], [ 551773.800000000046566, 179118.799999999988358 ], [ 551771.300000000046566, 179122.200000000011642 ], [ 551767.800000000046566, 179129.200000000011642 ], [ 551758.699999999953434, 179163.299999999988358 ], [ 551733.0, 179242.6 ], [ 551722.199999999953434, 179268.799999999988358 ], [ 551716.599999999976717, 179276.9 ], [ 551705.300000000046566, 179288.6 ], [ 551699.099999999976717, 179305.6 ], [ 551675.800000000046566, 179423.6 ], [ 551676.199999999953434, 179428.4 ], [ 551680.300000000046566, 179439.0 ], [ 551680.800000000046566, 179441.799999999988358 ], [ 551682.199999999953434, 179458.0 ], [ 551682.099999999976717, 179477.4 ], [ 551679.0, 179503.200000000011642 ], [ 551675.400000000023283, 179520.700000000011642 ], [ 551673.800000000046566, 179539.200000000011642 ], [ 551668.699999999953434, 179554.299999999988358 ], [ 551666.0, 179569.1 ], [ 551662.800000000046566, 179603.200000000011642 ], [ 551649.900000000023283, 179655.9 ], [ 551643.800000000046566, 179670.6 ], [ 551641.900000000023283, 179673.799999999988358 ], [ 551639.800000000046566, 179676.299999999988358 ], [ 551632.599999999976717, 179681.4 ], [ 551626.300000000046566, 179684.299999999988358 ], [ 551607.300000000046566, 179693.299999999988358 ], [ 551603.0, 179695.799999999988358 ], [ 551597.199999999953434, 179757.1 ], [ 551594.300000000046566, 179762.0 ], [ 551593.599999999976717, 179764.4 ], [ 551593.599999999976717, 179769.5 ], [ 551594.300000000046566, 179772.1 ], [ 551596.300000000046566, 179775.5 ], [ 551621.0, 179791.5 ], [ 551627.300000000046566, 179796.6 ], [ 551637.300000000046566, 179807.1 ], [ 551648.099999999976717, 179815.6 ], [ 551653.800000000046566, 179818.9 ], [ 551667.0, 179824.9 ], [ 551666.300000000046566, 179828.200000000011642 ], [ 551643.699999999953434, 179826.299999999988358 ], [ 551640.800000000046566, 179828.0 ], [ 551629.900000000023283, 179839.799999999988358 ], [ 551634.699999999953434, 179847.200000000011642 ], [ 551635.199999999953434, 179849.299999999988358 ], [ 551635.0, 179851.9 ], [ 551634.0, 179854.5 ], [ 551633.0, 179855.799999999988358 ], [ 551627.300000000046566, 179860.6 ], [ 551629.300000000046566, 179869.1 ], [ 551628.5, 179878.4 ], [ 551628.800000000046566, 179881.1 ], [ 551629.800000000046566, 179884.200000000011642 ], [ 551632.0, 179887.799999999988358 ], [ 551633.699999999953434, 179889.700000000011642 ], [ 551646.0, 179895.4 ], [ 551648.400000000023283, 179899.4 ], [ 551648.699999999953434, 179903.9 ], [ 551647.800000000046566, 179906.1 ], [ 551646.400000000023283, 179908.0 ], [ 551642.900000000023283, 179910.299999999988358 ], [ 551641.800000000046566, 179910.5 ], [ 551628.400000000023283, 179907.700000000011642 ], [ 551623.599999999976717, 179908.6 ], [ 551620.699999999953434, 179910.200000000011642 ], [ 551618.300000000046566, 179912.5 ], [ 551615.800000000046566, 179917.5 ], [ 551615.5, 179919.0 ], [ 551617.900000000023283, 179967.6 ], [ 551617.699999999953434, 180000.0 ], [ 551613.0, 180008.5 ], [ 551605.099999999976717, 180006.0 ], [ 551586.099999999976717, 180020.200000000011642 ], [ 551580.5, 180025.0 ], [ 551576.300000000046566, 180029.9 ], [ 551574.400000000023283, 180033.0 ], [ 551573.699999999953434, 180037.4 ], [ 551574.800000000046566, 180041.9 ], [ 551576.199999999953434, 180043.9 ], [ 551579.800000000046566, 180046.200000000011642 ], [ 551580.900000000023283, 180047.9 ], [ 551581.099999999976717, 180050.0 ], [ 551580.400000000023283, 180052.1 ], [ 551578.800000000046566, 180053.799999999988358 ], [ 551576.599999999976717, 180054.4 ], [ 551572.300000000046566, 180054.0 ], [ 551569.599999999976717, 180055.5 ], [ 551568.199999999953434, 180057.1 ], [ 551566.800000000046566, 180060.6 ], [ 551567.199999999953434, 180062.200000000011642 ], [ 551568.5, 180063.700000000011642 ], [ 551570.0, 180064.6 ], [ 551575.699999999953434, 180065.6 ], [ 551579.0, 180067.9 ], [ 551581.699999999953434, 180070.799999999988358 ], [ 551583.400000000023283, 180074.799999999988358 ], [ 551584.300000000046566, 180080.299999999988358 ], [ 551584.099999999976717, 180085.299999999988358 ], [ 551581.199999999953434, 180092.4 ], [ 551561.800000000046566, 180112.200000000011642 ], [ 551539.699999999953434, 180137.9 ], [ 551533.5, 180144.0 ], [ 551527.199999999953434, 180149.799999999988358 ], [ 551504.800000000046566, 180166.6 ], [ 551495.5, 180174.4 ], [ 551487.800000000046566, 180182.1 ], [ 551482.099999999976717, 180189.1 ], [ 551474.400000000023283, 180200.799999999988358 ], [ 551448.599999999976717, 180250.9 ], [ 551445.400000000023283, 180256.1 ], [ 551423.400000000023283, 180292.299999999988358 ], [ 551420.099999999976717, 180301.0 ], [ 551418.900000000023283, 180306.0 ], [ 551417.199999999953434, 180308.9 ], [ 551416.800000000046566, 180310.799999999988358 ], [ 551416.800000000046566, 180318.299999999988358 ], [ 551417.599999999976717, 180325.9 ], [ 551423.099999999976717, 180335.9 ], [ 551427.699999999953434, 180346.4 ], [ 551428.099999999976717, 180355.200000000011642 ], [ 551426.800000000046566, 180368.6 ], [ 551424.300000000046566, 180382.9 ], [ 551421.400000000023283, 180395.0 ], [ 551418.400000000023283, 180397.5 ], [ 551413.0, 180401.700000000011642 ], [ 551397.900000000023283, 180430.200000000011642 ], [ 551388.199999999953434, 180455.799999999988358 ], [ 551358.0, 180535.0 ], [ 551337.5, 180587.799999999988358 ], [ 551325.300000000046566, 180614.200000000011642 ], [ 551315.900000000023283, 180632.1 ], [ 551304.5, 180659.4 ], [ 551299.900000000023283, 180686.6 ], [ 551296.099999999976717, 180713.9 ], [ 551294.599999999976717, 180732.9 ], [ 551285.699999999953434, 180738.799999999988358 ], [ 551259.900000000023283, 180757.5 ], [ 551250.199999999953434, 180765.0 ], [ 551230.599999999976717, 180780.200000000011642 ], [ 551218.400000000023283, 180789.0 ], [ 551211.300000000046566, 180802.4 ], [ 551202.099999999976717, 180814.5 ], [ 551188.699999999953434, 180830.5 ], [ 551168.5, 180853.1 ], [ 551168.400000000023283, 180853.5 ], [ 551130.199999999953434, 180896.200000000011642 ], [ 551103.5, 180921.700000000011642 ], [ 551049.400000000023283, 180968.700000000011642 ], [ 550996.900000000023283, 181008.6 ], [ 550955.900000000023283, 181043.4 ], [ 550952.300000000046566, 181046.0 ], [ 550948.300000000046566, 181048.0 ], [ 550943.800000000046566, 181049.4 ], [ 550938.0, 181050.299999999988358 ], [ 550929.699999999953434, 181050.9 ], [ 550914.199999999953434, 181050.0 ], [ 550874.900000000023283, 181052.6 ], [ 550865.800000000046566, 181053.799999999988358 ], [ 550856.800000000046566, 181055.9 ], [ 550846.599999999976717, 181059.1 ], [ 550836.699999999953434, 181063.1 ], [ 550820.199999999953434, 181071.5 ], [ 550796.099999999976717, 181087.1 ], [ 550787.099999999976717, 181093.799999999988358 ], [ 550771.699999999953434, 181106.5 ], [ 550744.400000000023283, 181126.0 ], [ 550723.5, 181141.9 ], [ 550625.900000000023283, 181193.0 ], [ 550534.699999999953434, 181242.1 ], [ 550421.400000000023283, 181306.0 ], [ 550410.5, 181319.1 ], [ 550407.699999999953434, 181321.4 ], [ 550394.400000000023283, 181329.700000000011642 ], [ 550387.5, 181332.9 ], [ 550377.300000000046566, 181336.5 ], [ 550354.199999999953434, 181351.200000000011642 ], [ 550350.699999999953434, 181354.4 ], [ 550347.599999999976717, 181358.0 ], [ 550344.900000000023283, 181362.200000000011642 ], [ 550343.199999999953434, 181366.0 ], [ 550342.199999999953434, 181370.0 ], [ 550341.800000000046566, 181374.4 ], [ 550342.099999999976717, 181378.6 ], [ 550343.0, 181382.700000000011642 ], [ 550345.800000000046566, 181389.9 ], [ 550346.300000000046566, 181393.200000000011642 ], [ 550345.900000000023283, 181396.5 ], [ 550344.0, 181401.1 ], [ 550340.800000000046566, 181406.0 ], [ 550336.900000000023283, 181409.700000000011642 ], [ 550330.099999999976717, 181413.9 ], [ 550322.800000000046566, 181417.700000000011642 ], [ 550318.800000000046566, 181419.299999999988358 ], [ 550311.099999999976717, 181421.200000000011642 ], [ 550308.300000000046566, 181421.4 ], [ 550306.5, 181421.0 ], [ 550303.0, 181419.0 ], [ 550302.0, 181417.5 ], [ 550302.300000000046566, 181412.4 ], [ 550285.599999999976717, 181408.5 ], [ 550268.5, 181410.6 ], [ 550248.0, 181410.6 ], [ 550245.900000000023283, 181428.4 ], [ 550243.5, 181434.5 ], [ 550241.300000000046566, 181436.9 ], [ 550238.599999999976717, 181438.6 ], [ 550235.199999999953434, 181439.5 ], [ 550231.599999999976717, 181439.5 ], [ 550228.400000000023283, 181439.0 ], [ 550225.599999999976717, 181437.9 ], [ 550223.0, 181435.9 ], [ 550220.800000000046566, 181432.799999999988358 ], [ 550219.699999999953434, 181430.1 ], [ 550219.099999999976717, 181425.4 ], [ 550217.099999999976717, 181418.5 ], [ 550215.400000000023283, 181416.5 ], [ 550213.800000000046566, 181415.5 ], [ 550210.599999999976717, 181415.4 ], [ 550209.599999999976717, 181416.0 ], [ 550207.699999999953434, 181420.6 ], [ 550207.300000000046566, 181427.299999999988358 ], [ 550192.699999999953434, 181428.700000000011642 ], [ 550181.400000000023283, 181428.4 ], [ 550172.0, 181425.9 ], [ 550169.900000000023283, 181424.6 ], [ 550167.699999999953434, 181422.5 ], [ 550166.300000000046566, 181420.299999999988358 ], [ 550163.699999999953434, 181409.5 ], [ 550161.599999999976717, 181406.799999999988358 ], [ 550157.800000000046566, 181405.299999999988358 ], [ 550153.599999999976717, 181405.299999999988358 ], [ 550150.099999999976717, 181407.0 ], [ 550148.699999999953434, 181409.0 ], [ 550147.199999999953434, 181413.700000000011642 ], [ 550146.099999999976717, 181420.4 ], [ 550144.800000000046566, 181422.6 ], [ 550143.0, 181424.1 ], [ 550140.300000000046566, 181424.700000000011642 ], [ 550107.599999999976717, 181420.1 ], [ 550075.099999999976717, 181412.6 ], [ 550063.699999999953434, 181411.9 ], [ 550061.300000000046566, 181413.200000000011642 ], [ 550056.699999999953434, 181414.0 ], [ 550052.599999999976717, 181412.299999999988358 ], [ 550039.800000000046566, 181409.200000000011642 ], [ 550037.900000000023283, 181409.5 ], [ 550036.5, 181410.200000000011642 ], [ 550032.900000000023283, 181413.1 ], [ 550019.300000000046566, 181416.200000000011642 ], [ 550000.099999999976717, 181418.0 ], [ 550000.0, 181418.0 ], [ 549990.400000000023283, 181416.0 ], [ 549978.900000000023283, 181415.1 ], [ 549965.300000000046566, 181427.1 ], [ 549945.599999999976717, 181433.6 ], [ 549951.800000000046566, 181478.1 ], [ 549923.400000000023283, 181482.200000000011642 ], [ 549915.5, 181476.6 ], [ 549895.0, 181460.6 ], [ 549893.900000000023283, 181459.799999999988358 ], [ 549886.300000000046566, 181454.299999999988358 ], [ 549885.199999999953434, 181442.1 ], [ 549868.5, 181443.200000000011642 ], [ 549864.800000000046566, 181434.1 ], [ 549786.900000000023283, 181451.200000000011642 ], [ 549719.0, 181457.9 ], [ 549704.099999999976717, 181455.9 ], [ 549699.800000000046566, 181465.4 ], [ 549683.0, 181470.6 ], [ 549675.5, 181461.6 ], [ 549655.099999999976717, 181465.1 ], [ 549628.699999999953434, 181462.5 ], [ 549607.599999999976717, 181468.1 ], [ 549581.800000000046566, 181476.700000000011642 ], [ 549548.5, 181478.9 ], [ 549538.900000000023283, 181480.0 ], [ 549522.800000000046566, 181484.9 ], [ 549494.099999999976717, 181486.6 ], [ 549475.5, 181494.1 ], [ 549459.599999999976717, 181493.1 ], [ 549447.400000000023283, 181499.1 ], [ 549428.599999999976717, 181502.299999999988358 ], [ 549383.599999999976717, 181514.4 ], [ 549315.400000000023283, 181544.299999999988358 ], [ 549242.0, 181567.6 ], [ 549234.599999999976717, 181570.0 ], [ 549196.5, 181587.299999999988358 ], [ 549147.300000000046566, 181604.299999999988358 ], [ 549109.699999999953434, 181621.0 ], [ 549066.699999999953434, 181641.6 ], [ 549054.599999999976717, 181650.799999999988358 ], [ 549043.099999999976717, 181660.0 ], [ 549039.699999999953434, 181674.9 ], [ 549002.400000000023283, 181667.6 ], [ 548945.900000000023283, 181700.4 ], [ 548952.599999999976717, 181717.1 ], [ 548990.800000000046566, 181698.700000000011642 ], [ 548991.300000000046566, 181699.9 ], [ 548994.300000000046566, 181717.1 ], [ 548990.599999999976717, 181736.9 ], [ 548969.400000000023283, 181763.0 ], [ 548948.5, 181765.1 ], [ 548929.5, 181770.5 ], [ 548886.400000000023283, 181793.9 ], [ 548874.0, 181770.4 ], [ 548861.599999999976717, 181753.700000000011642 ], [ 548874.199999999953434, 181738.200000000011642 ], [ 548857.699999999953434, 181723.6 ], [ 548834.400000000023283, 181756.299999999988358 ], [ 548807.199999999953434, 181777.1 ], [ 548773.5, 181803.5 ], [ 548725.199999999953434, 181836.5 ], [ 548593.300000000046566, 181939.4 ], [ 548603.699999999953434, 181954.9 ], [ 548544.599999999976717, 182004.700000000011642 ], [ 548519.699999999953434, 182020.700000000011642 ], [ 548499.400000000023283, 182030.200000000011642 ], [ 548412.800000000046566, 182073.9 ], [ 548403.300000000046566, 182078.700000000011642 ], [ 548345.5, 182101.700000000011642 ], [ 548321.0, 182112.5 ], [ 548295.300000000046566, 182120.799999999988358 ], [ 548197.800000000046566, 182137.299999999988358 ], [ 548153.800000000046566, 182143.799999999988358 ], [ 548140.099999999976717, 182149.299999999988358 ], [ 548127.300000000046566, 182155.6 ], [ 548107.599999999976717, 182167.299999999988358 ], [ 548102.400000000023283, 182169.200000000011642 ], [ 548098.199999999953434, 182170.200000000011642 ], [ 548090.699999999953434, 182170.4 ], [ 548084.300000000046566, 182168.5 ], [ 548078.800000000046566, 182164.6 ], [ 548075.900000000023283, 182161.0 ], [ 548073.699999999953434, 182157.1 ], [ 548071.800000000046566, 182151.299999999988358 ], [ 548069.900000000023283, 182148.6 ], [ 548066.699999999953434, 182145.299999999988358 ], [ 548062.800000000046566, 182142.799999999988358 ], [ 548056.800000000046566, 182140.6 ], [ 548049.800000000046566, 182139.1 ], [ 548043.300000000046566, 182138.799999999988358 ], [ 548035.800000000046566, 182139.700000000011642 ], [ 548028.400000000023283, 182141.6 ], [ 548022.5, 182144.200000000011642 ], [ 548014.099999999976717, 182149.700000000011642 ], [ 547951.300000000046566, 182166.700000000011642 ], [ 547893.0, 182177.5 ], [ 547864.199999999953434, 182181.6 ], [ 547824.400000000023283, 182186.5 ], [ 547784.400000000023283, 182193.5 ], [ 547681.599999999976717, 182202.700000000011642 ], [ 547644.800000000046566, 182200.5 ], [ 547624.099999999976717, 182201.299999999988358 ], [ 547606.599999999976717, 182190.299999999988358 ], [ 547585.199999999953434, 182186.1 ], [ 547555.699999999953434, 182178.700000000011642 ], [ 547469.099999999976717, 182162.4 ], [ 547433.900000000023283, 182153.1 ], [ 547422.099999999976717, 182150.9 ], [ 547410.199999999953434, 182148.799999999988358 ], [ 547376.800000000046566, 182146.200000000011642 ], [ 547356.699999999953434, 182142.799999999988358 ], [ 547334.0, 182128.1 ], [ 547274.800000000046566, 182096.6 ], [ 547230.400000000023283, 182075.0 ], [ 547205.300000000046566, 182066.0 ], [ 547159.5, 182049.5 ], [ 547131.800000000046566, 182042.4 ], [ 547119.400000000023283, 182034.700000000011642 ], [ 547101.300000000046566, 182018.6 ], [ 547087.5, 182004.5 ], [ 547058.099999999976717, 181979.9 ], [ 547056.400000000023283, 181971.6 ], [ 547051.599999999976717, 181964.1 ], [ 547040.300000000046566, 181955.4 ], [ 547018.699999999953434, 181942.200000000011642 ], [ 546987.699999999953434, 181914.6 ], [ 546968.300000000046566, 181917.1 ], [ 546946.599999999976717, 181897.1 ], [ 546932.5, 181886.700000000011642 ], [ 546917.900000000023283, 181876.299999999988358 ], [ 546886.199999999953434, 181856.6 ], [ 546873.5, 181845.700000000011642 ], [ 546867.099999999976717, 181841.299999999988358 ], [ 546848.599999999976717, 181828.6 ], [ 546804.300000000046566, 181795.9 ], [ 546804.0, 181782.799999999988358 ], [ 546810.099999999976717, 181770.799999999988358 ], [ 546812.699999999953434, 181760.200000000011642 ], [ 546751.599999999976717, 181730.0 ], [ 546744.699999999953434, 181737.200000000011642 ], [ 546442.599999999976717, 181588.799999999988358 ], [ 546427.699999999953434, 181587.0 ], [ 546396.400000000023283, 181577.299999999988358 ], [ 546386.400000000023283, 181575.1 ], [ 546364.800000000046566, 181570.4 ], [ 546358.0, 181574.4 ], [ 546347.400000000023283, 181569.1 ], [ 546323.5, 181559.299999999988358 ], [ 546279.400000000023283, 181549.299999999988358 ], [ 546235.800000000046566, 181553.0 ], [ 546210.699999999953434, 181557.200000000011642 ], [ 546187.0, 181556.4 ], [ 546129.199999999953434, 181561.700000000011642 ], [ 546122.099999999976717, 181570.700000000011642 ], [ 546008.5, 181587.6 ], [ 546005.300000000046566, 181595.200000000011642 ], [ 545961.900000000023283, 181601.200000000011642 ], [ 545947.699999999953434, 181608.5 ], [ 545931.300000000046566, 181608.4 ], [ 545921.0, 181598.4 ], [ 545907.400000000023283, 181590.1 ], [ 545847.300000000046566, 181607.200000000011642 ], [ 545767.699999999953434, 181631.799999999988358 ], [ 545764.599999999976717, 181645.5 ], [ 545733.400000000023283, 181666.299999999988358 ], [ 545714.199999999953434, 181682.299999999988358 ], [ 545645.199999999953434, 181739.700000000011642 ], [ 545623.800000000046566, 181759.9 ], [ 545594.199999999953434, 181785.0 ], [ 545579.800000000046566, 181793.5 ], [ 545570.199999999953434, 181800.6 ], [ 545561.900000000023283, 181802.200000000011642 ], [ 545562.0, 181809.1 ], [ 545553.300000000046566, 181808.799999999988358 ], [ 545551.199999999953434, 181814.700000000011642 ], [ 545545.199999999953434, 181819.299999999988358 ], [ 545537.699999999953434, 181830.0 ], [ 545532.300000000046566, 181834.6 ], [ 545528.599999999976717, 181841.9 ], [ 545520.0, 181849.6 ], [ 545509.5, 181849.700000000011642 ], [ 545504.099999999976717, 181857.5 ], [ 545498.699999999953434, 181865.9 ], [ 545489.099999999976717, 181890.700000000011642 ], [ 545480.900000000023283, 181917.4 ], [ 545478.599999999976717, 181926.5 ], [ 545483.900000000023283, 181934.6 ], [ 545486.599999999976717, 181943.799999999988358 ], [ 545483.599999999976717, 181952.299999999988358 ], [ 545475.699999999953434, 181961.1 ], [ 545475.300000000046566, 181965.700000000011642 ], [ 545475.300000000046566, 181980.9 ], [ 545476.800000000046566, 182021.5 ], [ 545474.0, 182041.5 ], [ 545471.0, 182075.700000000011642 ], [ 545480.199999999953434, 182079.299999999988358 ], [ 545481.900000000023283, 182081.9 ], [ 545483.400000000023283, 182084.9 ], [ 545486.699999999953434, 182102.5 ], [ 545484.0, 182116.299999999988358 ], [ 545479.0, 182119.299999999988358 ], [ 545476.300000000046566, 182123.299999999988358 ], [ 545477.400000000023283, 182152.700000000011642 ], [ 545478.5, 182162.9 ], [ 545485.800000000046566, 182186.1 ], [ 545504.199999999953434, 182212.6 ], [ 545496.900000000023283, 182211.9 ], [ 545491.199999999953434, 182237.700000000011642 ], [ 545495.800000000046566, 182239.5 ], [ 545494.300000000046566, 182264.700000000011642 ], [ 545477.800000000046566, 182262.5 ], [ 545476.800000000046566, 182263.5 ], [ 545471.0, 182271.700000000011642 ], [ 545440.5, 182309.1 ], [ 545407.5, 182345.6 ], [ 545364.300000000046566, 182396.4 ], [ 545334.699999999953434, 182433.299999999988358 ], [ 545289.0, 182488.200000000011642 ], [ 545286.800000000046566, 182494.700000000011642 ], [ 545283.900000000023283, 182507.200000000011642 ], [ 545283.300000000046566, 182513.200000000011642 ], [ 545283.699999999953434, 182519.0 ], [ 545286.300000000046566, 182543.1 ], [ 545289.800000000046566, 182567.5 ], [ 545292.300000000046566, 182597.299999999988358 ], [ 545298.0, 182632.0 ], [ 545301.099999999976717, 182662.5 ], [ 545308.300000000046566, 182713.0 ], [ 545305.599999999976717, 182720.1 ], [ 545301.400000000023283, 182736.700000000011642 ], [ 545300.900000000023283, 182764.9 ], [ 545294.699999999953434, 182792.4 ], [ 545281.900000000023283, 182838.1 ], [ 545277.300000000046566, 182852.4 ], [ 545271.599999999976717, 182864.5 ], [ 545265.599999999976717, 182876.4 ], [ 545257.099999999976717, 182887.700000000011642 ], [ 545227.699999999953434, 182924.6 ], [ 545222.5, 182935.4 ], [ 545203.400000000023283, 182942.5 ], [ 545197.599999999976717, 182925.4 ], [ 545188.5, 182892.6 ], [ 545182.400000000023283, 182885.700000000011642 ], [ 545170.0, 182879.4 ], [ 545141.099999999976717, 182869.799999999988358 ], [ 545116.900000000023283, 182868.4 ], [ 545108.0, 182876.799999999988358 ], [ 545080.400000000023283, 182908.6 ], [ 545059.5, 182929.9 ], [ 545027.800000000046566, 182940.200000000011642 ], [ 545000.099999999976717, 182950.4 ], [ 545000.0, 182950.4 ], [ 544958.599999999976717, 182934.200000000011642 ], [ 544893.5, 182903.0 ], [ 544881.099999999976717, 182897.6 ], [ 544870.5, 182892.0 ], [ 544860.400000000023283, 182885.5 ], [ 544853.300000000046566, 182880.299999999988358 ], [ 544840.800000000046566, 182869.299999999988358 ], [ 544829.400000000023283, 182873.5 ], [ 544821.0, 182872.1 ], [ 544814.599999999976717, 182866.700000000011642 ], [ 544811.199999999953434, 182856.9 ], [ 544795.0, 182854.6 ], [ 544780.800000000046566, 182857.6 ], [ 544777.199999999953434, 182860.0 ], [ 544766.699999999953434, 182868.700000000011642 ], [ 544762.800000000046566, 182870.9 ], [ 544758.900000000023283, 182872.4 ], [ 544750.099999999976717, 182874.299999999988358 ], [ 544747.400000000023283, 182878.799999999988358 ], [ 544735.199999999953434, 182883.200000000011642 ], [ 544724.199999999953434, 182888.0 ], [ 544713.699999999953434, 182893.6 ], [ 544703.599999999976717, 182900.200000000011642 ], [ 544696.400000000023283, 182905.6 ], [ 544663.900000000023283, 182935.5 ], [ 544661.800000000046566, 182942.5 ], [ 544641.400000000023283, 182957.1 ], [ 544600.0, 182980.5 ], [ 544582.099999999976717, 182987.799999999988358 ], [ 544473.900000000023283, 183029.1 ], [ 544448.300000000046566, 183040.200000000011642 ], [ 544428.0, 183048.0 ], [ 544413.800000000046566, 183061.6 ], [ 544357.599999999976717, 183118.1 ], [ 544359.199999999953434, 183121.299999999988358 ], [ 544343.0, 183134.6 ], [ 544331.699999999953434, 183146.9 ], [ 544298.599999999976717, 183194.4 ], [ 544269.900000000023283, 183224.6 ], [ 544245.900000000023283, 183246.6 ], [ 544200.099999999976717, 183246.4 ], [ 544185.099999999976717, 183247.6 ], [ 544176.400000000023283, 183258.1 ], [ 544158.300000000046566, 183249.6 ], [ 544138.099999999976717, 183254.5 ], [ 544132.800000000046566, 183257.5 ], [ 544123.800000000046566, 183266.6 ], [ 544113.5, 183293.6 ], [ 544102.199999999953434, 183338.9 ], [ 544085.900000000023283, 183426.5 ], [ 544073.699999999953434, 183455.700000000011642 ], [ 544056.0, 183494.799999999988358 ], [ 544030.300000000046566, 183541.1 ], [ 544024.800000000046566, 183538.799999999988358 ], [ 543995.199999999953434, 183574.4 ], [ 543947.0, 183634.6 ], [ 543955.400000000023283, 183674.6 ], [ 543975.5, 183695.6 ], [ 543975.099999999976717, 183696.9 ], [ 543968.400000000023283, 183708.5 ], [ 543946.0, 183737.700000000011642 ], [ 543925.0, 183724.200000000011642 ], [ 543919.400000000023283, 183726.299999999988358 ], [ 543916.199999999953434, 183729.799999999988358 ], [ 543910.5, 183737.700000000011642 ], [ 543908.099999999976717, 183742.0 ], [ 543904.0, 183752.1 ], [ 543901.099999999976717, 183769.5 ], [ 543895.099999999976717, 183771.299999999988358 ], [ 543893.699999999953434, 183784.700000000011642 ], [ 543900.0, 183787.200000000011642 ], [ 543885.699999999953434, 183810.5 ], [ 543871.0, 183828.799999999988358 ], [ 543846.300000000046566, 183866.700000000011642 ], [ 543815.0, 183937.799999999988358 ], [ 543801.199999999953434, 183973.799999999988358 ], [ 543786.0, 184009.1 ], [ 543763.300000000046566, 184056.5 ], [ 543754.400000000023283, 184071.5 ], [ 543749.800000000046566, 184079.700000000011642 ], [ 543741.199999999953434, 184101.9 ], [ 543735.300000000046566, 184147.5 ], [ 543727.900000000023283, 184173.0 ], [ 543716.699999999953434, 184202.5 ], [ 543703.5, 184229.5 ], [ 543692.5, 184248.0 ], [ 543688.800000000046566, 184267.4 ], [ 543684.800000000046566, 184277.4 ], [ 543681.199999999953434, 184267.4 ], [ 543678.099999999976717, 184252.799999999988358 ], [ 543668.300000000046566, 184251.200000000011642 ], [ 543647.5, 184245.799999999988358 ], [ 543630.400000000023283, 184238.799999999988358 ], [ 543621.099999999976717, 184248.1 ], [ 543620.0, 184265.0 ], [ 543623.900000000023283, 184276.5 ], [ 543616.900000000023283, 184306.6 ], [ 543616.099999999976717, 184319.299999999988358 ], [ 543619.199999999953434, 184343.799999999988358 ], [ 543627.300000000046566, 184391.1 ], [ 543634.099999999976717, 184406.4 ], [ 543637.199999999953434, 184415.299999999988358 ], [ 543639.599999999976717, 184424.5 ], [ 543641.5, 184435.299999999988358 ], [ 543642.199999999953434, 184441.0 ], [ 543643.0, 184476.0 ], [ 543593.099999999976717, 184559.299999999988358 ], [ 543583.900000000023283, 184575.799999999988358 ], [ 543575.099999999976717, 184591.700000000011642 ], [ 543572.5, 184603.0 ], [ 543575.199999999953434, 184618.4 ], [ 543589.0, 184635.1 ], [ 543602.199999999953434, 184656.299999999988358 ], [ 543605.5, 184708.1 ], [ 543596.400000000023283, 184734.4 ], [ 543595.300000000046566, 184769.299999999988358 ], [ 543604.300000000046566, 184787.700000000011642 ], [ 543619.0, 184820.4 ], [ 543619.800000000046566, 184826.1 ], [ 543620.800000000046566, 184832.9 ], [ 543620.900000000023283, 184842.9 ], [ 543619.300000000046566, 184854.799999999988358 ], [ 543616.300000000046566, 184870.799999999988358 ], [ 543613.0, 184886.700000000011642 ], [ 543605.300000000046566, 184916.9 ], [ 543604.099999999976717, 184927.200000000011642 ], [ 543603.0, 184937.6 ], [ 543602.300000000046566, 184961.0 ], [ 543601.599999999976717, 184984.4 ], [ 543600.300000000046566, 185000.0 ], [ 543599.099999999976717, 185012.700000000011642 ], [ 543600.099999999976717, 185022.799999999988358 ], [ 543601.300000000046566, 185032.9 ], [ 543606.0, 185060.299999999988358 ], [ 543606.900000000023283, 185070.4 ], [ 543606.800000000046566, 185080.700000000011642 ], [ 543605.599999999976717, 185089.0 ], [ 543603.300000000046566, 185095.9 ], [ 543582.400000000023283, 185134.0 ], [ 543577.300000000046566, 185148.700000000011642 ], [ 543575.800000000046566, 185156.9 ], [ 543575.599999999976717, 185163.1 ], [ 543575.900000000023283, 185168.0 ], [ 543578.0, 185177.5 ], [ 543581.699999999953434, 185186.700000000011642 ], [ 543582.800000000046566, 185191.1 ], [ 543584.099999999976717, 185200.1 ], [ 543584.0, 185209.700000000011642 ], [ 543582.599999999976717, 185221.0 ], [ 543581.0, 185230.299999999988358 ], [ 543578.400000000023283, 185240.4 ], [ 543571.699999999953434, 185260.4 ], [ 543568.300000000046566, 185272.4 ], [ 543562.099999999976717, 185295.299999999988358 ], [ 543556.900000000023283, 185318.6 ], [ 543554.199999999953434, 185331.4 ], [ 543550.0, 185376.1 ], [ 543550.699999999953434, 185393.799999999988358 ], [ 543552.099999999976717, 185402.1 ], [ 543558.300000000046566, 185424.4 ], [ 543569.300000000046566, 185456.799999999988358 ], [ 543574.599999999976717, 185480.0 ], [ 543577.099999999976717, 185490.9 ], [ 543579.300000000046566, 185507.0 ], [ 543579.800000000046566, 185522.799999999988358 ], [ 543579.400000000023283, 185525.200000000011642 ], [ 543576.0, 185537.200000000011642 ], [ 543573.599999999976717, 185543.1 ], [ 543566.900000000023283, 185554.1 ], [ 543563.099999999976717, 185558.799999999988358 ], [ 543547.800000000046566, 185573.700000000011642 ], [ 543541.900000000023283, 185580.700000000011642 ], [ 543533.5, 185593.799999999988358 ], [ 543518.099999999976717, 185633.700000000011642 ], [ 543516.800000000046566, 185638.1 ], [ 543513.5, 185651.9 ], [ 543510.0, 185671.1 ], [ 543508.300000000046566, 185685.6 ], [ 543508.199999999953434, 185704.4 ], [ 543506.800000000046566, 185722.0 ], [ 543504.0, 185735.5 ], [ 543500.099999999976717, 185747.299999999988358 ], [ 543497.099999999976717, 185767.200000000011642 ], [ 543499.400000000023283, 185799.299999999988358 ], [ 543499.400000000023283, 185805.1 ], [ 543497.900000000023283, 185815.799999999988358 ], [ 543490.699999999953434, 185854.799999999988358 ], [ 543476.599999999976717, 185908.1 ], [ 543464.300000000046566, 185958.9 ], [ 543449.800000000046566, 186009.4 ], [ 543430.599999999976717, 186056.0 ], [ 543417.300000000046566, 186086.4 ], [ 543406.900000000023283, 186108.5 ], [ 543394.400000000023283, 186132.700000000011642 ], [ 543356.699999999953434, 186190.9 ], [ 543339.800000000046566, 186221.299999999988358 ], [ 543332.5, 186207.700000000011642 ], [ 543344.0, 186193.299999999988358 ], [ 543350.5, 186176.9 ], [ 543356.800000000046566, 186165.700000000011642 ], [ 543371.5, 186141.4 ], [ 543389.0, 186117.299999999988358 ], [ 543401.400000000023283, 186090.6 ], [ 543423.800000000046566, 186033.1 ], [ 543430.400000000023283, 186014.9 ], [ 543436.599999999976717, 185996.0 ], [ 543454.199999999953434, 185937.5 ], [ 543470.099999999976717, 185862.6 ], [ 543486.800000000046566, 185803.9 ], [ 543489.0, 185791.200000000011642 ], [ 543489.599999999976717, 185778.299999999988358 ], [ 543488.599999999976717, 185768.799999999988358 ], [ 543487.099999999976717, 185753.6 ], [ 543487.599999999976717, 185744.200000000011642 ], [ 543493.800000000046566, 185690.200000000011642 ], [ 543499.400000000023283, 185646.799999999988358 ], [ 543500.900000000023283, 185639.5 ], [ 543503.900000000023283, 185628.799999999988358 ], [ 543508.300000000046566, 185616.299999999988358 ], [ 543516.800000000046566, 185594.9 ], [ 543534.0, 185565.200000000011642 ], [ 543540.300000000046566, 185554.5 ], [ 543559.099999999976717, 185535.799999999988358 ], [ 543562.800000000046566, 185528.799999999988358 ], [ 543564.599999999976717, 185523.799999999988358 ], [ 543565.900000000023283, 185514.700000000011642 ], [ 543565.199999999953434, 185499.9 ], [ 543563.900000000023283, 185493.5 ], [ 543561.400000000023283, 185485.700000000011642 ], [ 543559.0, 185480.0 ], [ 543556.699999999953434, 185474.799999999988358 ], [ 543545.300000000046566, 185443.700000000011642 ], [ 543540.199999999953434, 185423.799999999988358 ], [ 543538.099999999976717, 185404.5 ], [ 543536.599999999976717, 185387.1 ], [ 543535.800000000046566, 185371.0 ], [ 543535.599999999976717, 185349.299999999988358 ], [ 543538.099999999976717, 185323.5 ], [ 543547.900000000023283, 185271.6 ], [ 543550.300000000046566, 185262.299999999988358 ], [ 543558.699999999953434, 185234.5 ], [ 543564.300000000046566, 185218.1 ], [ 543569.099999999976717, 185195.299999999988358 ], [ 543568.699999999953434, 185189.5 ], [ 543567.400000000023283, 185186.1 ], [ 543563.199999999953434, 185179.4 ], [ 543561.800000000046566, 185175.700000000011642 ], [ 543561.300000000046566, 185170.9 ], [ 543561.599999999976717, 185149.799999999988358 ], [ 543564.5, 185136.0 ], [ 543567.599999999976717, 185122.200000000011642 ], [ 543576.800000000046566, 185105.6 ], [ 543584.300000000046566, 185089.9 ], [ 543587.300000000046566, 185085.700000000011642 ], [ 543589.300000000046566, 185081.9 ], [ 543591.300000000046566, 185073.200000000011642 ], [ 543591.300000000046566, 185069.799999999988358 ], [ 543585.199999999953434, 185034.0 ], [ 543582.800000000046566, 185000.0 ], [ 543584.099999999976717, 184994.799999999988358 ], [ 543584.0, 184967.1 ], [ 543582.699999999953434, 184937.6 ], [ 543590.800000000046566, 184903.6 ], [ 543600.0, 184871.1 ], [ 543600.800000000046566, 184857.5 ], [ 543601.199999999953434, 184844.4 ], [ 543597.300000000046566, 184835.9 ], [ 543595.5, 184832.799999999988358 ], [ 543590.5, 184824.4 ], [ 543583.599999999976717, 184805.0 ], [ 543579.400000000023283, 184791.200000000011642 ], [ 543571.699999999953434, 184776.299999999988358 ], [ 543571.800000000046566, 184760.9 ], [ 543569.300000000046566, 184741.4 ], [ 543568.699999999953434, 184724.4 ], [ 543576.0, 184695.5 ], [ 543577.699999999953434, 184686.799999999988358 ], [ 543575.199999999953434, 184670.799999999988358 ], [ 543573.199999999953434, 184663.1 ], [ 543564.800000000046566, 184643.200000000011642 ], [ 543555.800000000046566, 184628.9 ], [ 543548.099999999976717, 184609.299999999988358 ], [ 543553.099999999976717, 184576.799999999988358 ], [ 543585.300000000046566, 184526.200000000011642 ], [ 543570.5, 184507.299999999988358 ], [ 543551.900000000023283, 184487.700000000011642 ], [ 543545.699999999953434, 184474.200000000011642 ], [ 543550.900000000023283, 184454.5 ], [ 543569.099999999976717, 184443.5 ], [ 543593.0, 184435.799999999988358 ], [ 543600.900000000023283, 184427.799999999988358 ], [ 543606.300000000046566, 184414.5 ], [ 543610.900000000023283, 184407.0 ], [ 543605.300000000046566, 184386.5 ], [ 543599.699999999953434, 184342.799999999988358 ], [ 543589.699999999953434, 184303.5 ], [ 543588.800000000046566, 184284.0 ], [ 543589.0, 184273.0 ], [ 543589.699999999953434, 184261.9 ], [ 543592.300000000046566, 184251.4 ], [ 543595.5, 184241.0 ], [ 543611.400000000023283, 184224.1 ], [ 543640.300000000046566, 184224.1 ], [ 543648.400000000023283, 184227.200000000011642 ], [ 543654.900000000023283, 184228.4 ], [ 543660.800000000046566, 184228.4 ], [ 543666.5, 184227.299999999988358 ], [ 543672.699999999953434, 184225.0 ], [ 543677.0, 184222.5 ], [ 543680.199999999953434, 184219.9 ], [ 543684.599999999976717, 184215.1 ], [ 543688.300000000046566, 184210.299999999988358 ], [ 543690.599999999976717, 184206.299999999988358 ], [ 543705.5, 184170.799999999988358 ], [ 543706.599999999976717, 184156.1 ], [ 543706.800000000046566, 184137.4 ], [ 543710.300000000046566, 184118.5 ], [ 543720.900000000023283, 184089.5 ], [ 543732.699999999953434, 184060.299999999988358 ], [ 543739.599999999976717, 184045.6 ], [ 543757.5, 184012.9 ], [ 543764.900000000023283, 184005.299999999988358 ], [ 543781.800000000046566, 183949.0 ], [ 543797.5, 183909.700000000011642 ], [ 543815.800000000046566, 183868.4 ], [ 543831.199999999953434, 183840.299999999988358 ], [ 543860.199999999953434, 183800.0 ], [ 543857.800000000046566, 183795.299999999988358 ], [ 543872.099999999976717, 183771.9 ], [ 543867.699999999953434, 183740.9 ], [ 543856.400000000023283, 183724.799999999988358 ], [ 543855.800000000046566, 183719.1 ], [ 543881.599999999976717, 183679.5 ], [ 543873.0, 183658.700000000011642 ], [ 543919.099999999976717, 183612.9 ], [ 543928.900000000023283, 183602.5 ], [ 543948.699999999953434, 183579.0 ], [ 543969.300000000046566, 183552.0 ], [ 543977.099999999976717, 183539.700000000011642 ], [ 544031.099999999976717, 183448.799999999988358 ], [ 544036.900000000023283, 183448.1 ], [ 544048.300000000046566, 183418.1 ], [ 544051.699999999953434, 183403.9 ], [ 544065.699999999953434, 183306.9 ], [ 544064.099999999976717, 183279.5 ], [ 544071.699999999953434, 183266.700000000011642 ], [ 544076.800000000046566, 183254.6 ], [ 544079.599999999976717, 183249.0 ], [ 544078.5, 183240.700000000011642 ], [ 544068.800000000046566, 183243.4 ], [ 544067.699999999953434, 183247.9 ], [ 544065.0, 183254.1 ], [ 544062.900000000023283, 183259.0 ], [ 544049.5, 183266.9 ], [ 544011.0, 183244.700000000011642 ], [ 543998.699999999953434, 183246.1 ], [ 543979.400000000023283, 183235.5 ], [ 543911.400000000023283, 183204.6 ], [ 543904.900000000023283, 183200.1 ], [ 543905.400000000023283, 183199.1 ], [ 543909.800000000046566, 183188.799999999988358 ], [ 543932.099999999976717, 183186.9 ], [ 543960.900000000023283, 183191.6 ], [ 543982.599999999976717, 183205.5 ], [ 544010.099999999976717, 183210.799999999988358 ], [ 544045.0, 183220.1 ], [ 544055.199999999953434, 183216.5 ], [ 544063.900000000023283, 183205.9 ], [ 544121.099999999976717, 183196.700000000011642 ], [ 544130.699999999953434, 183189.5 ], [ 544148.5, 183188.799999999988358 ], [ 544194.400000000023283, 183193.1 ], [ 544216.099999999976717, 183186.200000000011642 ], [ 544250.300000000046566, 183169.9 ], [ 544275.099999999976717, 183149.5 ], [ 544263.5, 183141.1 ], [ 544252.900000000023283, 183128.9 ], [ 544244.300000000046566, 183126.299999999988358 ], [ 544210.800000000046566, 183151.799999999988358 ], [ 544217.900000000023283, 183142.299999999988358 ], [ 544239.599999999976717, 183115.6 ], [ 544242.900000000023283, 183108.9 ], [ 544278.599999999976717, 183104.1 ], [ 544301.0, 183106.200000000011642 ], [ 544322.900000000023283, 183083.200000000011642 ], [ 544347.599999999976717, 183060.9 ], [ 544360.900000000023283, 183039.200000000011642 ], [ 544393.0, 183007.700000000011642 ], [ 544394.900000000023283, 183005.799999999988358 ], [ 544407.099999999976717, 182998.6 ], [ 544424.5, 182995.200000000011642 ], [ 544453.099999999976717, 182982.299999999988358 ], [ 544482.0, 182976.200000000011642 ], [ 544507.900000000023283, 182962.6 ], [ 544534.699999999953434, 182937.799999999988358 ], [ 544541.099999999976717, 182941.5 ], [ 544573.099999999976717, 182926.5 ], [ 544613.300000000046566, 182905.200000000011642 ], [ 544670.5, 182863.0 ], [ 544705.400000000023283, 182833.700000000011642 ], [ 544751.800000000046566, 182805.0 ], [ 544808.199999999953434, 182802.299999999988358 ], [ 544832.900000000023283, 182807.0 ], [ 544862.400000000023283, 182816.9 ], [ 544874.699999999953434, 182829.299999999988358 ], [ 544887.900000000023283, 182840.6 ], [ 544905.300000000046566, 182838.4 ], [ 544915.099999999976717, 182835.4 ], [ 544924.300000000046566, 182836.1 ], [ 544918.0, 182839.700000000011642 ], [ 544915.5, 182848.4 ], [ 544922.900000000023283, 182854.6 ], [ 544938.599999999976717, 182860.1 ], [ 544951.0, 182868.0 ], [ 544963.300000000046566, 182872.0 ], [ 544972.0, 182877.5 ], [ 544984.599999999976717, 182878.299999999988358 ], [ 545000.0, 182883.200000000011642 ], [ 545000.099999999976717, 182883.200000000011642 ], [ 545012.099999999976717, 182878.9 ], [ 545019.199999999953434, 182879.200000000011642 ], [ 545023.599999999976717, 182878.299999999988358 ], [ 545027.900000000023283, 182876.4 ], [ 545032.300000000046566, 182872.799999999988358 ], [ 545036.800000000046566, 182867.700000000011642 ], [ 545040.800000000046566, 182861.799999999988358 ], [ 545045.5, 182851.5 ], [ 545056.800000000046566, 182832.4 ], [ 545069.699999999953434, 182815.5 ], [ 545084.0, 182808.6 ], [ 545121.800000000046566, 182804.200000000011642 ], [ 545129.599999999976717, 182807.5 ], [ 545148.400000000023283, 182812.9 ], [ 545164.5, 182819.1 ], [ 545171.199999999953434, 182819.1 ], [ 545191.300000000046566, 182817.9 ], [ 545210.099999999976717, 182820.799999999988358 ], [ 545215.5, 182822.299999999988358 ], [ 545219.5, 182822.299999999988358 ], [ 545222.800000000046566, 182821.700000000011642 ], [ 545227.099999999976717, 182819.1 ], [ 545232.400000000023283, 182812.4 ], [ 545234.900000000023283, 182808.0 ], [ 545236.199999999953434, 182804.4 ], [ 545240.400000000023283, 182782.700000000011642 ], [ 545241.5, 182762.0 ], [ 545244.699999999953434, 182739.700000000011642 ], [ 545245.199999999953434, 182728.1 ], [ 545245.300000000046566, 182702.0 ], [ 545244.300000000046566, 182662.5 ], [ 545241.699999999953434, 182651.0 ], [ 545236.099999999976717, 182638.1 ], [ 545226.599999999976717, 182634.200000000011642 ], [ 545211.699999999953434, 182637.0 ], [ 545200.400000000023283, 182630.6 ], [ 545166.099999999976717, 182639.5 ], [ 545149.0, 182637.200000000011642 ], [ 545144.300000000046566, 182635.6 ], [ 545150.0, 182626.799999999988358 ], [ 545166.400000000023283, 182624.700000000011642 ], [ 545173.599999999976717, 182624.5 ], [ 545178.800000000046566, 182623.200000000011642 ], [ 545184.099999999976717, 182620.9 ], [ 545188.300000000046566, 182618.200000000011642 ], [ 545191.5, 182615.200000000011642 ], [ 545194.099999999976717, 182611.5 ], [ 545197.0, 182604.9 ], [ 545206.099999999976717, 182595.1 ], [ 545211.0, 182591.4 ], [ 545214.099999999976717, 182588.1 ], [ 545217.099999999976717, 182583.799999999988358 ], [ 545218.800000000046566, 182580.1 ], [ 545225.5, 182553.299999999988358 ], [ 545224.599999999976717, 182515.0 ], [ 545214.599999999976717, 182490.6 ], [ 545214.800000000046566, 182485.700000000011642 ], [ 545216.199999999953434, 182483.200000000011642 ], [ 545218.199999999953434, 182481.5 ], [ 545220.599999999976717, 182480.6 ], [ 545224.300000000046566, 182480.299999999988358 ], [ 545307.800000000046566, 182368.799999999988358 ], [ 545311.0, 182351.9 ], [ 545318.400000000023283, 182341.4 ], [ 545333.400000000023283, 182311.200000000011642 ], [ 545354.599999999976717, 182296.5 ], [ 545367.400000000023283, 182279.799999999988358 ], [ 545373.800000000046566, 182272.5 ], [ 545380.599999999976717, 182265.6 ], [ 545399.0, 182250.799999999988358 ], [ 545402.5, 182246.799999999988358 ], [ 545405.599999999976717, 182241.5 ], [ 545407.699999999953434, 182235.799999999988358 ], [ 545408.5, 182230.6 ], [ 545405.699999999953434, 182203.1 ], [ 545392.300000000046566, 182135.1 ], [ 545389.099999999976717, 182123.700000000011642 ], [ 545385.699999999953434, 182105.799999999988358 ], [ 545385.099999999976717, 182097.200000000011642 ], [ 545385.0, 182085.700000000011642 ], [ 545385.900000000023283, 182074.200000000011642 ], [ 545389.199999999953434, 182055.700000000011642 ], [ 545386.400000000023283, 182004.299999999988358 ], [ 545393.300000000046566, 181980.700000000011642 ], [ 545389.800000000046566, 181967.6 ], [ 545395.900000000023283, 181940.1 ], [ 545409.199999999953434, 181901.299999999988358 ], [ 545438.300000000046566, 181824.200000000011642 ], [ 545446.900000000023283, 181792.5 ], [ 545455.400000000023283, 181790.700000000011642 ], [ 545465.800000000046566, 181767.6 ], [ 545478.099999999976717, 181756.5 ], [ 545479.800000000046566, 181754.4 ], [ 545482.5, 181750.5 ], [ 545485.199999999953434, 181745.299999999988358 ], [ 545487.5, 181739.9 ], [ 545489.900000000023283, 181730.6 ], [ 545501.0, 181716.9 ], [ 545514.800000000046566, 181710.0 ], [ 545521.400000000023283, 181713.4 ], [ 545542.099999999976717, 181704.700000000011642 ], [ 545552.900000000023283, 181699.0 ], [ 545568.599999999976717, 181686.1 ], [ 545582.400000000023283, 181673.0 ], [ 545587.400000000023283, 181664.5 ], [ 545584.599999999976717, 181653.700000000011642 ], [ 545573.800000000046566, 181657.6 ], [ 545558.699999999953434, 181666.799999999988358 ], [ 545551.599999999976717, 181672.200000000011642 ], [ 545529.599999999976717, 181691.1 ], [ 545526.300000000046566, 181693.1 ], [ 545522.099999999976717, 181694.6 ], [ 545517.599999999976717, 181695.5 ], [ 545513.699999999953434, 181695.6 ], [ 545509.400000000023283, 181694.799999999988358 ], [ 545504.5, 181692.9 ], [ 545498.900000000023283, 181690.1 ], [ 545490.5, 181684.799999999988358 ], [ 545469.199999999953434, 181662.4 ], [ 545461.0, 181657.0 ], [ 545452.599999999976717, 181652.5 ], [ 545445.300000000046566, 181649.299999999988358 ], [ 545437.900000000023283, 181646.700000000011642 ], [ 545428.699999999953434, 181644.200000000011642 ], [ 545416.400000000023283, 181642.0 ], [ 545395.5, 181636.6 ], [ 545315.199999999953434, 181622.9 ], [ 545230.900000000023283, 181605.700000000011642 ], [ 545178.599999999976717, 181599.799999999988358 ], [ 545170.199999999953434, 181599.5 ], [ 545161.800000000046566, 181599.5 ], [ 545140.5, 181603.4 ], [ 545159.099999999976717, 181563.4 ], [ 545158.0, 181558.299999999988358 ], [ 545155.800000000046566, 181555.5 ], [ 545115.099999999976717, 181538.799999999988358 ], [ 545016.199999999953434, 181495.0 ], [ 545000.099999999976717, 181487.799999999988358 ], [ 545000.0, 181487.799999999988358 ], [ 544969.900000000023283, 181468.0 ], [ 544923.400000000023283, 181440.299999999988358 ], [ 544884.900000000023283, 181416.0 ], [ 544819.0, 181369.200000000011642 ], [ 544801.699999999953434, 181355.799999999988358 ], [ 544761.5, 181323.0 ], [ 544749.599999999976717, 181313.299999999988358 ], [ 544696.800000000046566, 181264.6 ], [ 544669.599999999976717, 181237.0 ], [ 544672.800000000046566, 181204.299999999988358 ], [ 544668.0, 181197.1 ], [ 544684.400000000023283, 181179.9 ], [ 544695.5, 181175.6 ], [ 544656.699999999953434, 181115.5 ], [ 544619.400000000023283, 181055.5 ], [ 544580.800000000046566, 180996.0 ], [ 544519.900000000023283, 180905.6 ], [ 544500.400000000023283, 180891.5 ], [ 544470.0, 180883.1 ], [ 544469.0, 180881.799999999988358 ], [ 544462.900000000023283, 180870.799999999988358 ], [ 544430.800000000046566, 180805.5 ], [ 544400.400000000023283, 180738.299999999988358 ], [ 544379.0, 180679.4 ], [ 544371.800000000046566, 180662.6 ], [ 544360.699999999953434, 180626.200000000011642 ], [ 544320.900000000023283, 180517.1 ], [ 544298.900000000023283, 180513.1 ], [ 544294.900000000023283, 180499.1 ], [ 544281.599999999976717, 180497.700000000011642 ], [ 544253.900000000023283, 180500.6 ], [ 544250.0, 180490.0 ], [ 544251.099999999976717, 180486.700000000011642 ], [ 544253.599999999976717, 180478.9 ], [ 544271.400000000023283, 180474.5 ], [ 544279.5, 180470.200000000011642 ], [ 544299.0, 180457.799999999988358 ], [ 544303.800000000046566, 180449.6 ], [ 544298.400000000023283, 180440.6 ], [ 544274.699999999953434, 180407.799999999988358 ], [ 544245.699999999953434, 180364.1 ], [ 544228.800000000046566, 180369.0 ], [ 544214.699999999953434, 180374.299999999988358 ], [ 544202.400000000023283, 180363.6 ], [ 544207.0, 180353.0 ], [ 544220.900000000023283, 180344.5 ], [ 544235.599999999976717, 180332.0 ], [ 544218.900000000023283, 180317.6 ], [ 544207.900000000023283, 180310.4 ], [ 544200.199999999953434, 180307.1 ], [ 544195.300000000046566, 180297.5 ], [ 544189.699999999953434, 180290.700000000011642 ], [ 544183.099999999976717, 180280.9 ], [ 544176.0, 180262.5 ], [ 544158.199999999953434, 180227.6 ], [ 544152.099999999976717, 180211.1 ], [ 544141.800000000046566, 180189.1 ], [ 544115.699999999953434, 180181.6 ], [ 544090.199999999953434, 180177.6 ], [ 544075.099999999976717, 180176.9 ], [ 544056.099999999976717, 180180.4 ], [ 544048.400000000023283, 180169.9 ], [ 544050.800000000046566, 180155.1 ], [ 544066.099999999976717, 180150.9 ], [ 544077.300000000046566, 180143.4 ], [ 544095.900000000023283, 180120.9 ], [ 544101.5, 180112.200000000011642 ], [ 544095.699999999953434, 180096.6 ], [ 544088.900000000023283, 180089.6 ], [ 544071.099999999976717, 180042.700000000011642 ], [ 544047.099999999976717, 180000.0 ], [ 544047.0, 180000.0 ], [ 544035.599999999976717, 179982.5 ], [ 544034.099999999976717, 179980.6 ], [ 544029.099999999976717, 179976.200000000011642 ], [ 543966.599999999976717, 179947.6 ], [ 543858.400000000023283, 179888.200000000011642 ], [ 543851.199999999953434, 179883.0 ], [ 543841.199999999953434, 179877.6 ], [ 543839.099999999976717, 179873.1 ], [ 543833.5, 179871.4 ], [ 543820.5, 179895.799999999988358 ], [ 543810.400000000023283, 179891.4 ], [ 543809.5, 179890.700000000011642 ], [ 543821.300000000046566, 179867.0 ], [ 543792.800000000046566, 179860.0 ], [ 543788.199999999953434, 179873.299999999988358 ], [ 543775.800000000046566, 179870.299999999988358 ], [ 543774.599999999976717, 179869.700000000011642 ], [ 543779.199999999953434, 179847.200000000011642 ], [ 543707.800000000046566, 179828.200000000011642 ], [ 543706.099999999976717, 179831.1 ], [ 543697.400000000023283, 179853.200000000011642 ], [ 543681.900000000023283, 179849.799999999988358 ], [ 543686.300000000046566, 179822.6 ], [ 543538.199999999953434, 179797.6 ], [ 543431.699999999953434, 179781.799999999988358 ], [ 543344.400000000023283, 179767.1 ], [ 543333.699999999953434, 179769.299999999988358 ], [ 543328.0, 179771.299999999988358 ], [ 543179.699999999953434, 179745.1 ], [ 543139.800000000046566, 179733.9 ], [ 543127.599999999976717, 179729.9 ], [ 543111.900000000023283, 179726.9 ], [ 543095.900000000023283, 179726.5 ], [ 543082.599999999976717, 179728.0 ], [ 543059.199999999953434, 179728.6 ], [ 543009.699999999953434, 179725.4 ], [ 542992.199999999953434, 179726.200000000011642 ], [ 542969.300000000046566, 179728.0 ], [ 542933.699999999953434, 179732.5 ], [ 542696.800000000046566, 179781.5 ], [ 542619.699999999953434, 179796.9 ], [ 542504.699999999953434, 179819.200000000011642 ], [ 542441.900000000023283, 179829.4 ], [ 542437.0, 179830.0 ], [ 542354.300000000046566, 179840.9 ], [ 542279.300000000046566, 179846.0 ], [ 542176.300000000046566, 179856.0 ], [ 542138.900000000023283, 179859.1 ], [ 542102.099999999976717, 179862.0 ], [ 542033.400000000023283, 179865.700000000011642 ], [ 541978.900000000023283, 179869.200000000011642 ], [ 541928.400000000023283, 179870.9 ], [ 541831.300000000046566, 179865.1 ], [ 541632.599999999976717, 179855.6 ], [ 541569.300000000046566, 179851.700000000011642 ], [ 541539.5, 179847.799999999988358 ], [ 541519.599999999976717, 179844.200000000011642 ], [ 541488.699999999953434, 179836.5 ], [ 541475.599999999976717, 179830.700000000011642 ], [ 541469.0, 179828.799999999988358 ], [ 541462.300000000046566, 179827.4 ], [ 541455.5, 179826.6 ], [ 541441.599999999976717, 179826.799999999988358 ], [ 541409.5, 179823.0 ], [ 541386.800000000046566, 179819.299999999988358 ], [ 541353.300000000046566, 179812.4 ], [ 541350.0, 179823.6 ], [ 541300.800000000046566, 179811.200000000011642 ], [ 541301.300000000046566, 179801.4 ], [ 541243.0, 179790.1 ], [ 541164.800000000046566, 179773.6 ], [ 541114.300000000046566, 179761.6 ], [ 541115.599999999976717, 179748.200000000011642 ], [ 541110.300000000046566, 179746.799999999988358 ], [ 541104.800000000046566, 179745.799999999988358 ], [ 541101.5, 179758.6 ], [ 541008.699999999953434, 179731.200000000011642 ], [ 540967.900000000023283, 179720.700000000011642 ], [ 540916.5, 179709.5 ], [ 540862.599999999976717, 179701.200000000011642 ], [ 540753.300000000046566, 179689.799999999988358 ], [ 540655.900000000023283, 179691.0 ], [ 540627.900000000023283, 179695.200000000011642 ], [ 540619.599999999976717, 179650.1 ], [ 540567.099999999976717, 179658.4 ], [ 540572.099999999976717, 179692.1 ], [ 540558.099999999976717, 179694.299999999988358 ], [ 540563.300000000046566, 179723.9 ], [ 540480.800000000046566, 179742.9 ], [ 540472.5, 179717.5 ], [ 540462.699999999953434, 179719.5 ], [ 540452.5, 179722.0 ], [ 540395.699999999953434, 179738.5 ], [ 540352.099999999976717, 179754.9 ], [ 540329.599999999976717, 179765.1 ], [ 540314.699999999953434, 179773.299999999988358 ], [ 540300.099999999976717, 179782.0 ], [ 540295.199999999953434, 179785.4 ], [ 540301.0, 179797.200000000011642 ], [ 540298.400000000023283, 179799.5 ], [ 540295.599999999976717, 179801.299999999988358 ], [ 540286.5, 179790.4 ], [ 540232.599999999976717, 179824.6 ], [ 540218.0, 179835.700000000011642 ], [ 540189.800000000046566, 179858.299999999988358 ], [ 540164.599999999976717, 179879.6 ], [ 540152.900000000023283, 179889.700000000011642 ], [ 540105.699999999953434, 179935.6 ], [ 540059.699999999953434, 179985.299999999988358 ], [ 540046.800000000046566, 180000.0 ], [ 540026.900000000023283, 180023.299999999988358 ], [ 540010.0, 180049.200000000011642 ], [ 540002.599999999976717, 180070.6 ], [ 540000.099999999976717, 180096.0 ], [ 540000.0, 180096.0 ], [ 539987.800000000046566, 180110.4 ], [ 539965.900000000023283, 180097.700000000011642 ], [ 539924.099999999976717, 180154.799999999988358 ], [ 539945.800000000046566, 180170.4 ], [ 539942.300000000046566, 180178.1 ], [ 539941.699999999953434, 180178.6 ], [ 539917.900000000023283, 180164.5 ], [ 539916.699999999953434, 180165.5 ], [ 539906.900000000023283, 180177.6 ], [ 539868.099999999976717, 180229.5 ], [ 539855.400000000023283, 180249.5 ], [ 539816.099999999976717, 180308.0 ], [ 539827.400000000023283, 180345.0 ], [ 539835.800000000046566, 180350.1 ], [ 539835.699999999953434, 180362.6 ], [ 539835.099999999976717, 180363.1 ], [ 539827.5, 180370.0 ], [ 539818.699999999953434, 180365.799999999988358 ], [ 539752.699999999953434, 180390.5 ], [ 539739.699999999953434, 180397.6 ], [ 539658.699999999953434, 180475.9 ], [ 539629.0, 180505.299999999988358 ], [ 539594.099999999976717, 180539.799999999988358 ], [ 539598.0, 180549.0 ], [ 539586.0, 180566.5 ], [ 539577.099999999976717, 180557.4 ], [ 539574.800000000046566, 180560.0 ], [ 539571.0, 180566.200000000011642 ], [ 539569.300000000046566, 180569.799999999988358 ], [ 539564.699999999953434, 180589.799999999988358 ], [ 539565.900000000023283, 180595.9 ], [ 539578.199999999953434, 180639.799999999988358 ], [ 539593.0, 180687.1 ], [ 539599.699999999953434, 180705.5 ], [ 539604.199999999953434, 180717.700000000011642 ], [ 539623.699999999953434, 180764.200000000011642 ], [ 539611.300000000046566, 180771.5 ], [ 539601.099999999976717, 180792.799999999988358 ], [ 539589.199999999953434, 180814.6 ], [ 539580.0, 180826.799999999988358 ], [ 539567.099999999976717, 180841.299999999988358 ], [ 539562.800000000046566, 180838.0 ], [ 539551.900000000023283, 180848.5 ], [ 539547.5, 180851.9 ], [ 539543.0, 180855.1 ], [ 539530.0, 180861.700000000011642 ], [ 539444.099999999976717, 180884.9 ], [ 539385.099999999976717, 180898.200000000011642 ], [ 539380.199999999953434, 180899.700000000011642 ], [ 539356.5, 180908.200000000011642 ], [ 539354.099999999976717, 180909.4 ], [ 539346.900000000023283, 180914.200000000011642 ], [ 539345.099999999976717, 180916.299999999988358 ], [ 539343.5, 180919.1 ], [ 539342.300000000046566, 180923.0 ], [ 539341.699999999953434, 180927.9 ], [ 539342.0, 180932.700000000011642 ], [ 539343.099999999976717, 180936.700000000011642 ], [ 539359.0, 180974.700000000011642 ], [ 539386.699999999953434, 181029.1 ], [ 539398.0, 181048.299999999988358 ], [ 539402.699999999953434, 181057.6 ], [ 539407.099999999976717, 181067.1 ], [ 539419.300000000046566, 181097.0 ], [ 539427.400000000023283, 181121.4 ], [ 539437.300000000046566, 181134.6 ], [ 539440.0, 181144.1 ], [ 539444.900000000023283, 181169.1 ], [ 539450.5, 181208.1 ], [ 539451.699999999953434, 181232.299999999988358 ], [ 539450.699999999953434, 181249.9 ], [ 539448.699999999953434, 181263.299999999988358 ], [ 539445.300000000046566, 181279.4 ], [ 539438.099999999976717, 181298.6 ], [ 539416.400000000023283, 181346.299999999988358 ], [ 539395.599999999976717, 181379.200000000011642 ], [ 539386.800000000046566, 181390.4 ], [ 539379.5, 181397.799999999988358 ], [ 539371.800000000046566, 181404.4 ], [ 539365.099999999976717, 181409.200000000011642 ], [ 539358.0, 181413.4 ], [ 539342.599999999976717, 181420.6 ], [ 539336.0, 181423.200000000011642 ], [ 539329.699999999953434, 181424.700000000011642 ], [ 539323.099999999976717, 181425.200000000011642 ], [ 539316.599999999976717, 181424.799999999988358 ], [ 539294.0, 181419.299999999988358 ], [ 539286.099999999976717, 181416.0 ], [ 539277.900000000023283, 181411.6 ], [ 539269.5, 181405.5 ], [ 539257.900000000023283, 181396.0 ], [ 539239.0, 181377.700000000011642 ], [ 539203.199999999953434, 181331.299999999988358 ], [ 539193.800000000046566, 181318.299999999988358 ], [ 539177.900000000023283, 181288.0 ], [ 539174.599999999976717, 181275.200000000011642 ], [ 539170.800000000046566, 181270.200000000011642 ], [ 539168.5, 181229.200000000011642 ], [ 539168.199999999953434, 181138.799999999988358 ], [ 539166.800000000046566, 181103.6 ], [ 539164.199999999953434, 181086.6 ], [ 539157.199999999953434, 181054.0 ], [ 539145.0, 181024.0 ], [ 539139.599999999976717, 181018.5 ], [ 539134.900000000023283, 181015.299999999988358 ], [ 539126.5, 181011.299999999988358 ], [ 539082.199999999953434, 181000.5 ], [ 539072.599999999976717, 181005.200000000011642 ], [ 539066.900000000023283, 181018.799999999988358 ], [ 539064.300000000046566, 181042.799999999988358 ], [ 539065.5, 181051.200000000011642 ], [ 539069.099999999976717, 181068.799999999988358 ], [ 539071.5, 181078.0 ], [ 539078.900000000023283, 181092.6 ], [ 539087.900000000023283, 181119.799999999988358 ], [ 539127.800000000046566, 181212.299999999988358 ], [ 539133.599999999976717, 181230.5 ], [ 539139.400000000023283, 181248.700000000011642 ], [ 539152.0, 181301.1 ], [ 539148.400000000023283, 181304.5 ], [ 539160.599999999976717, 181348.1 ], [ 539166.0, 181364.0 ], [ 539169.5, 181365.799999999988358 ], [ 539184.800000000046566, 181413.9 ], [ 539186.800000000046566, 181421.6 ], [ 539185.300000000046566, 181435.5 ], [ 539182.400000000023283, 181449.6 ], [ 539176.400000000023283, 181465.6 ], [ 539147.900000000023283, 181504.299999999988358 ], [ 539137.599999999976717, 181516.299999999988358 ], [ 539121.0, 181532.200000000011642 ], [ 539074.699999999953434, 181569.1 ], [ 538973.900000000023283, 181634.1 ], [ 538878.599999999976717, 181691.200000000011642 ], [ 538834.099999999976717, 181721.0 ], [ 538788.199999999953434, 181755.9 ], [ 538747.400000000023283, 181783.200000000011642 ], [ 538696.900000000023283, 181832.5 ], [ 538682.699999999953434, 181849.1 ], [ 538680.099999999976717, 181850.700000000011642 ], [ 538677.400000000023283, 181850.1 ], [ 538675.5, 181847.299999999988358 ], [ 538674.599999999976717, 181843.200000000011642 ], [ 538675.599999999976717, 181839.299999999988358 ], [ 538687.599999999976717, 181826.799999999988358 ], [ 538691.599999999976717, 181823.1 ], [ 538695.300000000046566, 181820.5 ], [ 538696.800000000046566, 181818.4 ], [ 538697.5, 181816.0 ], [ 538697.400000000023283, 181813.700000000011642 ], [ 538696.599999999976717, 181811.5 ], [ 538694.800000000046566, 181809.6 ], [ 538692.300000000046566, 181808.5 ], [ 538690.099999999976717, 181808.299999999988358 ], [ 538687.099999999976717, 181809.0 ], [ 538668.300000000046566, 181808.200000000011642 ], [ 538660.5, 181809.5 ], [ 538654.699999999953434, 181809.299999999988358 ], [ 538649.0, 181808.200000000011642 ], [ 538642.0, 181805.4 ], [ 538629.800000000046566, 181802.1 ], [ 538596.699999999953434, 181790.700000000011642 ], [ 538590.699999999953434, 181787.299999999988358 ], [ 538586.0, 181783.799999999988358 ], [ 538582.300000000046566, 181780.0 ], [ 538573.5, 181767.700000000011642 ], [ 538569.900000000023283, 181762.4 ], [ 538563.599999999976717, 181751.1 ], [ 538559.300000000046566, 181741.0 ], [ 538548.800000000046566, 181707.5 ], [ 538542.300000000046566, 181690.1 ], [ 538530.0, 181667.9 ], [ 538526.0, 181664.0 ], [ 538524.0, 181663.200000000011642 ], [ 538515.099999999976717, 181662.799999999988358 ], [ 538510.199999999953434, 181664.299999999988358 ], [ 538502.599999999976717, 181670.200000000011642 ], [ 538498.099999999976717, 181676.1 ], [ 538491.800000000046566, 181729.299999999988358 ], [ 538488.5, 181741.799999999988358 ], [ 538484.199999999953434, 181753.5 ], [ 538474.699999999953434, 181773.9 ], [ 538460.599999999976717, 181798.799999999988358 ], [ 538448.699999999953434, 181821.799999999988358 ], [ 538440.599999999976717, 181835.1 ], [ 538417.400000000023283, 181870.0 ], [ 538402.800000000046566, 181886.4 ], [ 538380.099999999976717, 181909.4 ], [ 538357.199999999953434, 181928.299999999988358 ], [ 538321.0, 181954.200000000011642 ], [ 538293.699999999953434, 181975.6 ], [ 538272.0, 181995.4 ], [ 538268.300000000046566, 182000.9 ], [ 538265.0, 182006.200000000011642 ], [ 538262.300000000046566, 182015.6 ], [ 538260.0, 182051.6 ], [ 538256.5, 182084.4 ], [ 538257.5, 182091.700000000011642 ], [ 538260.599999999976717, 182106.1 ], [ 538262.599999999976717, 182113.200000000011642 ], [ 538268.400000000023283, 182124.5 ], [ 538279.800000000046566, 182142.5 ], [ 538303.0, 182185.799999999988358 ], [ 538324.699999999953434, 182234.1 ], [ 538332.800000000046566, 182260.1 ], [ 538350.400000000023283, 182322.6 ], [ 538354.300000000046566, 182344.0 ], [ 538353.5, 182375.4 ], [ 538354.0, 182416.799999999988358 ], [ 538353.300000000046566, 182439.6 ], [ 538352.199999999953434, 182455.1 ], [ 538353.099999999976717, 182495.799999999988358 ], [ 538357.699999999953434, 182506.5 ], [ 538359.699999999953434, 182512.5 ], [ 538365.0, 182528.799999999988358 ], [ 538375.400000000023283, 182564.299999999988358 ], [ 538385.5, 182600.0 ], [ 538392.900000000023283, 182635.1 ], [ 538397.5, 182649.4 ], [ 538400.0, 182661.799999999988358 ], [ 538529.0, 182713.9 ], [ 538543.699999999953434, 182724.200000000011642 ], [ 538553.199999999953434, 182732.5 ], [ 538567.0, 182741.5 ], [ 538643.099999999976717, 182772.6 ], [ 538678.0, 182785.6 ], [ 538693.0, 182793.4 ], [ 538706.300000000046566, 182802.200000000011642 ], [ 538713.400000000023283, 182809.1 ], [ 538720.599999999976717, 182818.9 ], [ 538732.400000000023283, 182840.200000000011642 ], [ 538745.099999999976717, 182848.5 ], [ 538770.400000000023283, 182859.4 ], [ 538790.599999999976717, 182872.299999999988358 ], [ 538847.199999999953434, 182908.700000000011642 ], [ 538861.300000000046566, 182918.299999999988358 ], [ 538880.400000000023283, 182938.299999999988358 ], [ 538880.599999999976717, 182945.299999999988358 ], [ 538878.400000000023283, 182987.700000000011642 ], [ 538880.699999999953434, 183002.0 ], [ 538885.800000000046566, 183018.700000000011642 ], [ 538891.099999999976717, 183041.700000000011642 ], [ 538897.0, 183057.6 ], [ 538902.599999999976717, 183067.200000000011642 ], [ 538922.800000000046566, 183098.799999999988358 ], [ 538925.900000000023283, 183105.6 ], [ 538928.800000000046566, 183112.5 ], [ 538937.800000000046566, 183139.0 ], [ 538944.0, 183160.6 ], [ 538951.800000000046566, 183167.700000000011642 ], [ 538947.900000000023283, 183173.9 ], [ 538929.5, 183181.0 ], [ 538927.199999999953434, 183185.5 ], [ 538918.5, 183208.299999999988358 ], [ 538914.300000000046566, 183224.0 ], [ 538911.300000000046566, 183244.6 ], [ 538902.699999999953434, 183246.4 ], [ 538901.5, 183232.5 ], [ 538899.5, 183228.9 ], [ 538897.199999999953434, 183225.6 ], [ 538885.900000000023283, 183223.299999999988358 ], [ 538881.599999999976717, 183213.4 ], [ 538877.300000000046566, 183202.9 ], [ 538864.099999999976717, 183163.6 ], [ 538850.699999999953434, 183120.799999999988358 ], [ 538832.800000000046566, 183069.700000000011642 ], [ 538826.900000000023283, 183060.9 ], [ 538819.099999999976717, 183053.200000000011642 ], [ 538820.599999999976717, 183042.4 ], [ 538812.099999999976717, 183013.9 ], [ 538804.400000000023283, 182999.1 ], [ 538799.300000000046566, 182983.299999999988358 ], [ 538794.099999999976717, 182967.5 ], [ 538787.699999999953434, 182942.1 ], [ 538783.300000000046566, 182927.0 ], [ 538781.0, 182920.700000000011642 ], [ 538774.900000000023283, 182909.700000000011642 ], [ 538774.5, 182909.1 ], [ 538770.599999999976717, 182904.9 ], [ 538768.0, 182903.299999999988358 ], [ 538764.800000000046566, 182902.0 ], [ 538760.900000000023283, 182901.4 ], [ 538755.699999999953434, 182901.5 ], [ 538741.0, 182895.799999999988358 ], [ 538737.0, 182893.700000000011642 ], [ 538709.800000000046566, 182859.4 ], [ 538698.699999999953434, 182839.9 ], [ 538689.699999999953434, 182821.4 ], [ 538676.099999999976717, 182807.4 ], [ 538638.199999999953434, 182790.5 ], [ 538626.800000000046566, 182786.5 ], [ 538618.0, 182784.0 ], [ 538597.699999999953434, 182779.700000000011642 ], [ 538592.0, 182778.1 ], [ 538587.300000000046566, 182775.700000000011642 ], [ 538583.800000000046566, 182775.200000000011642 ], [ 538581.0, 182775.700000000011642 ], [ 538578.5, 182777.1 ], [ 538576.199999999953434, 182779.4 ], [ 538574.900000000023283, 182781.5 ], [ 538571.900000000023283, 182799.0 ], [ 538555.699999999953434, 182798.200000000011642 ], [ 538552.199999999953434, 182776.5 ], [ 538546.599999999976717, 182762.700000000011642 ], [ 538539.599999999976717, 182750.5 ], [ 538523.599999999976717, 182735.4 ], [ 538517.199999999953434, 182730.6 ], [ 538503.699999999953434, 182723.1 ], [ 538486.300000000046566, 182716.299999999988358 ], [ 538468.900000000023283, 182709.6 ], [ 538440.599999999976717, 182701.700000000011642 ], [ 538431.800000000046566, 182698.799999999988358 ], [ 538427.0, 182698.1 ], [ 538422.199999999953434, 182698.1 ], [ 538416.800000000046566, 182698.9 ], [ 538407.300000000046566, 182702.1 ], [ 538393.0, 182706.0 ], [ 538382.699999999953434, 182710.200000000011642 ], [ 538380.5, 182715.6 ], [ 538374.099999999976717, 182735.200000000011642 ], [ 538367.699999999953434, 182749.799999999988358 ], [ 538354.400000000023283, 182792.799999999988358 ], [ 538325.400000000023283, 182786.5 ], [ 538319.0, 182804.0 ], [ 538303.599999999976717, 182806.799999999988358 ], [ 538285.599999999976717, 182803.299999999988358 ], [ 538295.900000000023283, 182785.799999999988358 ], [ 538307.800000000046566, 182763.700000000011642 ], [ 538312.300000000046566, 182756.700000000011642 ], [ 538317.300000000046566, 182750.0 ], [ 538329.099999999976717, 182737.299999999988358 ], [ 538333.800000000046566, 182722.9 ], [ 538336.199999999953434, 182717.0 ], [ 538359.199999999953434, 182682.5 ], [ 538362.900000000023283, 182673.9 ], [ 538363.800000000046566, 182670.1 ], [ 538364.199999999953434, 182664.6 ], [ 538364.199999999953434, 182660.6 ], [ 538363.099999999976717, 182655.200000000011642 ], [ 538357.900000000023283, 182638.200000000011642 ], [ 538349.400000000023283, 182617.9 ], [ 538342.400000000023283, 182599.299999999988358 ], [ 538325.0, 182540.4 ], [ 538315.599999999976717, 182512.1 ], [ 538313.900000000023283, 182505.5 ], [ 538313.400000000023283, 182490.200000000011642 ], [ 538316.699999999953434, 182427.4 ], [ 538316.099999999976717, 182405.0 ], [ 538317.900000000023283, 182364.4 ], [ 538315.0, 182364.4 ], [ 538309.5, 182369.4 ], [ 538304.699999999953434, 182365.6 ], [ 538304.199999999953434, 182354.6 ], [ 538304.900000000023283, 182346.200000000011642 ], [ 538304.900000000023283, 182335.6 ], [ 538304.900000000023283, 182321.4 ], [ 538302.300000000046566, 182312.4 ], [ 538290.800000000046566, 182310.299999999988358 ], [ 538272.099999999976717, 182309.299999999988358 ], [ 538269.0, 182279.1 ], [ 538263.400000000023283, 182240.9 ], [ 538262.099999999976717, 182222.6 ], [ 538258.0, 182199.6 ], [ 538207.300000000046566, 182198.1 ], [ 538211.5, 182171.0 ], [ 538219.0, 182161.4 ], [ 538223.900000000023283, 182153.0 ], [ 538228.099999999976717, 182131.5 ], [ 538223.300000000046566, 182101.799999999988358 ], [ 538221.900000000023283, 182090.1 ], [ 538220.400000000023283, 182045.6 ], [ 538223.5, 182006.6 ], [ 538223.900000000023283, 181990.6 ], [ 538221.5, 181982.700000000011642 ], [ 538227.300000000046566, 181968.5 ], [ 538232.599999999976717, 181959.700000000011642 ], [ 538261.099999999976717, 181940.299999999988358 ], [ 538308.300000000046566, 181905.700000000011642 ], [ 538338.5, 181882.299999999988358 ], [ 538351.400000000023283, 181870.299999999988358 ], [ 538374.300000000046566, 181844.0 ], [ 538381.400000000023283, 181835.0 ], [ 538402.0, 181806.200000000011642 ], [ 538410.199999999953434, 181791.5 ], [ 538415.099999999976717, 181781.700000000011642 ], [ 538420.400000000023283, 181769.5 ], [ 538428.800000000046566, 181746.299999999988358 ], [ 538430.900000000023283, 181730.0 ], [ 538431.199999999953434, 181719.799999999988358 ], [ 538430.099999999976717, 181701.4 ], [ 538431.0, 181676.1 ], [ 538433.800000000046566, 181654.700000000011642 ], [ 538437.0, 181641.299999999988358 ], [ 538441.300000000046566, 181628.799999999988358 ], [ 538444.099999999976717, 181622.799999999988358 ], [ 538451.5, 181610.5 ], [ 538462.5, 181599.700000000011642 ], [ 538465.099999999976717, 181597.700000000011642 ], [ 538471.400000000023283, 181593.6 ], [ 538478.0, 181590.200000000011642 ], [ 538489.599999999976717, 181586.299999999988358 ], [ 538501.599999999976717, 181584.799999999988358 ], [ 538513.800000000046566, 181586.700000000011642 ], [ 538533.900000000023283, 181593.1 ], [ 538570.599999999976717, 181608.200000000011642 ], [ 538587.699999999953434, 181646.1 ], [ 538625.699999999953434, 181734.5 ], [ 538628.099999999976717, 181738.6 ], [ 538631.699999999953434, 181743.5 ], [ 538636.699999999953434, 181748.799999999988358 ], [ 538641.900000000023283, 181753.200000000011642 ], [ 538647.599999999976717, 181756.700000000011642 ], [ 538655.5, 181759.799999999988358 ], [ 538665.099999999976717, 181762.4 ], [ 538673.300000000046566, 181763.6 ], [ 538680.099999999976717, 181763.1 ], [ 538686.099999999976717, 181761.6 ], [ 538714.199999999953434, 181747.9 ], [ 538712.400000000023283, 181744.0 ], [ 538795.400000000023283, 181678.4 ], [ 538823.0, 181656.9 ], [ 538827.5, 181658.1 ], [ 538860.599999999976717, 181632.1 ], [ 538874.0, 181623.4 ], [ 538887.5, 181614.9 ], [ 538925.800000000046566, 181593.0 ], [ 539000.599999999976717, 181556.799999999988358 ], [ 539044.300000000046566, 181530.200000000011642 ], [ 539063.199999999953434, 181517.700000000011642 ], [ 539100.900000000023283, 181479.799999999988358 ], [ 539103.400000000023283, 181476.1 ], [ 539109.800000000046566, 181465.5 ], [ 539117.199999999953434, 181451.299999999988358 ], [ 539123.300000000046566, 181436.799999999988358 ], [ 539126.099999999976717, 181429.0 ], [ 539127.300000000046566, 181415.4 ], [ 539125.400000000023283, 181400.200000000011642 ], [ 539116.099999999976717, 181364.200000000011642 ], [ 539108.599999999976717, 181340.700000000011642 ], [ 539105.699999999953434, 181339.5 ], [ 539099.599999999976717, 181316.799999999988358 ], [ 539097.599999999976717, 181311.5 ], [ 539069.099999999976717, 181295.200000000011642 ], [ 539066.699999999953434, 181292.0 ], [ 539062.900000000023283, 181285.299999999988358 ], [ 539060.5, 181278.6 ], [ 539057.199999999953434, 181257.700000000011642 ], [ 539057.599999999976717, 181233.299999999988358 ], [ 539064.699999999953434, 181227.6 ], [ 539013.900000000023283, 181099.5 ], [ 539008.300000000046566, 181063.700000000011642 ], [ 539007.5, 181041.5 ], [ 539006.099999999976717, 181035.299999999988358 ], [ 538999.5, 181030.700000000011642 ], [ 538983.0, 181030.5 ], [ 538982.5, 181017.1 ], [ 539003.599999999976717, 181014.1 ], [ 539008.699999999953434, 181001.4 ], [ 539017.699999999953434, 180985.1 ], [ 539032.199999999953434, 180968.299999999988358 ], [ 539038.800000000046566, 180963.6 ], [ 539040.800000000046566, 180962.700000000011642 ], [ 539060.800000000046566, 180957.1 ], [ 539095.900000000023283, 180950.6 ], [ 539138.300000000046566, 180951.0 ], [ 539143.599999999976717, 180951.799999999988358 ], [ 539148.699999999953434, 180953.200000000011642 ], [ 539154.0, 180955.700000000011642 ], [ 539173.099999999976717, 180965.5 ], [ 539186.599999999976717, 180974.5 ], [ 539192.599999999976717, 180981.1 ], [ 539195.5, 180985.5 ], [ 539200.699999999953434, 180996.700000000011642 ], [ 539206.0, 181004.6 ], [ 539211.400000000023283, 181016.0 ], [ 539217.599999999976717, 181051.200000000011642 ], [ 539218.900000000023283, 181056.1 ], [ 539226.199999999953434, 181073.9 ], [ 539228.300000000046566, 181081.1 ], [ 539233.300000000046566, 181102.0 ], [ 539239.099999999976717, 181131.1 ], [ 539239.199999999953434, 181151.5 ], [ 539245.900000000023283, 181233.5 ], [ 539247.900000000023283, 181248.700000000011642 ], [ 539250.199999999953434, 181263.799999999988358 ], [ 539253.199999999953434, 181277.299999999988358 ], [ 539257.199999999953434, 181293.4 ], [ 539260.300000000046566, 181302.0 ], [ 539265.599999999976717, 181314.200000000011642 ], [ 539270.300000000046566, 181323.4 ], [ 539274.099999999976717, 181329.0 ], [ 539281.300000000046566, 181336.700000000011642 ], [ 539293.199999999953434, 181345.799999999988358 ], [ 539297.199999999953434, 181348.0 ], [ 539305.400000000023283, 181351.1 ], [ 539312.099999999976717, 181351.9 ], [ 539322.5, 181352.5 ], [ 539337.5, 181349.4 ], [ 539345.300000000046566, 181345.0 ], [ 539350.400000000023283, 181341.1 ], [ 539355.199999999953434, 181336.6 ], [ 539360.5, 181330.299999999988358 ], [ 539366.199999999953434, 181322.4 ], [ 539371.300000000046566, 181313.700000000011642 ], [ 539379.900000000023283, 181290.5 ], [ 539390.199999999953434, 181239.299999999988358 ], [ 539391.199999999953434, 181232.4 ], [ 539391.900000000023283, 181213.0 ], [ 539381.300000000046566, 181161.799999999988358 ], [ 539355.800000000046566, 181100.700000000011642 ], [ 539339.900000000023283, 181052.1 ], [ 539310.800000000046566, 181010.799999999988358 ], [ 539293.599999999976717, 180980.799999999988358 ], [ 539283.800000000046566, 180966.0 ], [ 539279.900000000023283, 180958.200000000011642 ], [ 539275.5, 180944.299999999988358 ], [ 539273.5, 180933.200000000011642 ], [ 539273.400000000023283, 180929.799999999988358 ], [ 539275.199999999953434, 180916.299999999988358 ], [ 539278.300000000046566, 180904.6 ], [ 539286.199999999953434, 180885.299999999988358 ], [ 539313.699999999953434, 180862.299999999988358 ], [ 539334.099999999976717, 180856.6 ], [ 539334.199999999953434, 180844.299999999988358 ], [ 539391.800000000046566, 180828.700000000011642 ], [ 539394.5, 180837.5 ], [ 539456.800000000046566, 180821.1 ], [ 539498.5, 180804.6 ], [ 539505.300000000046566, 180800.0 ], [ 539509.5, 180796.4 ], [ 539512.699999999953434, 180792.9 ], [ 539519.699999999953434, 180782.700000000011642 ], [ 539523.0, 180775.799999999988358 ], [ 539526.0, 180768.200000000011642 ], [ 539531.5, 180751.4 ], [ 539532.699999999953434, 180745.700000000011642 ], [ 539533.300000000046566, 180739.1 ], [ 539533.199999999953434, 180733.700000000011642 ], [ 539532.300000000046566, 180727.9 ], [ 539530.400000000023283, 180721.1 ], [ 539525.900000000023283, 180711.1 ], [ 539523.199999999953434, 180701.9 ], [ 539519.699999999953434, 180689.4 ], [ 539523.400000000023283, 180679.0 ], [ 539525.199999999953434, 180670.200000000011642 ], [ 539505.300000000046566, 180622.1 ], [ 539499.900000000023283, 180620.9 ], [ 539465.800000000046566, 180635.9 ], [ 539385.900000000023283, 180667.1 ], [ 539377.800000000046566, 180671.299999999988358 ], [ 539368.900000000023283, 180670.299999999988358 ], [ 539323.800000000046566, 180692.700000000011642 ], [ 539321.400000000023283, 180693.9 ], [ 539323.800000000046566, 180706.700000000011642 ], [ 539299.800000000046566, 180714.6 ], [ 539294.900000000023283, 180698.700000000011642 ], [ 539291.800000000046566, 180697.5 ], [ 539285.0, 180698.0 ], [ 539166.400000000023283, 180724.0 ], [ 539166.599999999976717, 180729.4 ], [ 539151.199999999953434, 180729.5 ], [ 539149.699999999953434, 180729.299999999988358 ], [ 539137.5, 180689.6 ], [ 539136.599999999976717, 180688.200000000011642 ], [ 539133.599999999976717, 180685.9 ], [ 539131.5, 180685.4 ], [ 539128.900000000023283, 180685.6 ], [ 539122.099999999976717, 180688.799999999988358 ], [ 539119.900000000023283, 180691.700000000011642 ], [ 539119.300000000046566, 180693.700000000011642 ], [ 539119.300000000046566, 180695.700000000011642 ], [ 539120.400000000023283, 180702.0 ], [ 539119.900000000023283, 180705.6 ], [ 539118.400000000023283, 180708.9 ], [ 539116.5, 180711.0 ], [ 539114.300000000046566, 180712.1 ], [ 539110.099999999976717, 180712.4 ], [ 539107.199999999953434, 180711.9 ], [ 539102.5, 180708.1 ], [ 539100.300000000046566, 180700.200000000011642 ], [ 539093.5, 180696.700000000011642 ], [ 539085.699999999953434, 180694.799999999988358 ], [ 538993.599999999976717, 180682.799999999988358 ], [ 538974.5, 180676.4 ], [ 538804.400000000023283, 180620.0 ], [ 538778.400000000023283, 180613.799999999988358 ], [ 538776.300000000046566, 180616.0 ], [ 538753.699999999953434, 180604.299999999988358 ], [ 538754.800000000046566, 180598.0 ], [ 538750.099999999976717, 180594.0 ], [ 538742.0, 180585.9 ], [ 538736.199999999953434, 180581.5 ], [ 538730.300000000046566, 180577.200000000011642 ], [ 538725.800000000046566, 180580.700000000011642 ], [ 538718.199999999953434, 180579.4 ], [ 538704.599999999976717, 180567.6 ], [ 538702.199999999953434, 180564.799999999988358 ], [ 538704.0, 180552.9 ], [ 538702.800000000046566, 180550.200000000011642 ], [ 538677.900000000023283, 180526.799999999988358 ], [ 538664.099999999976717, 180520.4 ], [ 538665.599999999976717, 180510.1 ], [ 538643.400000000023283, 180485.1 ], [ 538615.199999999953434, 180447.799999999988358 ], [ 538569.599999999976717, 180391.5 ], [ 538540.599999999976717, 180351.799999999988358 ], [ 538532.699999999953434, 180341.6 ], [ 538519.699999999953434, 180351.5 ], [ 538511.400000000023283, 180356.5 ], [ 538505.400000000023283, 180347.799999999988358 ], [ 538513.599999999976717, 180340.0 ], [ 538509.800000000046566, 180330.6 ], [ 538522.099999999976717, 180318.5 ], [ 538500.900000000023283, 180284.200000000011642 ], [ 538489.5, 180267.799999999988358 ], [ 538478.099999999976717, 180251.799999999988358 ], [ 538463.199999999953434, 180234.799999999988358 ], [ 538455.0, 180222.799999999988358 ], [ 538452.199999999953434, 180219.9 ], [ 538444.599999999976717, 180212.200000000011642 ], [ 538442.699999999953434, 180207.799999999988358 ], [ 538441.400000000023283, 180203.5 ], [ 538442.0, 180196.299999999988358 ], [ 538444.800000000046566, 180190.200000000011642 ], [ 538449.800000000046566, 180182.299999999988358 ], [ 538451.800000000046566, 180179.299999999988358 ], [ 538449.599999999976717, 180177.9 ], [ 538428.900000000023283, 180164.5 ], [ 538423.300000000046566, 180146.799999999988358 ], [ 538414.199999999953434, 180129.200000000011642 ], [ 538402.199999999953434, 180084.4 ], [ 538400.400000000023283, 180076.4 ], [ 538398.5, 180054.1 ], [ 538394.400000000023283, 180023.700000000011642 ], [ 538392.0, 180000.0 ], [ 538384.699999999953434, 179957.5 ], [ 538382.199999999953434, 179942.9 ], [ 538327.099999999976717, 179924.9 ], [ 538299.199999999953434, 179925.700000000011642 ], [ 538292.300000000046566, 179918.200000000011642 ], [ 538292.599999999976717, 179911.700000000011642 ], [ 538295.699999999953434, 179904.700000000011642 ], [ 538298.400000000023283, 179900.0 ], [ 538327.599999999976717, 179899.299999999988358 ], [ 538376.0, 179866.200000000011642 ], [ 538376.800000000046566, 179846.9 ], [ 538380.5, 179831.1 ], [ 538374.900000000023283, 179828.4 ], [ 538380.199999999953434, 179791.0 ], [ 538387.900000000023283, 179787.9 ], [ 538388.5, 179784.700000000011642 ], [ 538388.5, 179781.5 ], [ 538378.800000000046566, 179778.1 ], [ 538376.5, 179773.700000000011642 ], [ 538376.300000000046566, 179771.5 ], [ 538377.0, 179768.6 ], [ 538378.400000000023283, 179765.9 ], [ 538381.099999999976717, 179763.799999999988358 ], [ 538389.599999999976717, 179765.700000000011642 ], [ 538393.300000000046566, 179736.299999999988358 ], [ 538408.400000000023283, 179635.0 ], [ 538413.099999999976717, 179609.799999999988358 ], [ 538415.400000000023283, 179600.5 ], [ 538418.900000000023283, 179586.9 ], [ 538438.800000000046566, 179590.299999999988358 ], [ 538445.099999999976717, 179557.200000000011642 ], [ 538483.0, 179444.0 ], [ 538490.199999999953434, 179435.6 ], [ 538539.800000000046566, 179320.200000000011642 ], [ 538504.800000000046566, 179304.5 ], [ 538505.800000000046566, 179297.0 ], [ 538501.699999999953434, 179293.5 ], [ 538504.800000000046566, 179287.200000000011642 ], [ 538517.099999999976717, 179291.0 ], [ 538525.599999999976717, 179271.4 ], [ 538537.699999999953434, 179246.799999999988358 ], [ 538545.5, 179228.700000000011642 ], [ 538561.599999999976717, 179188.200000000011642 ], [ 538577.300000000046566, 179191.9 ], [ 538588.900000000023283, 179170.6 ], [ 538605.199999999953434, 179175.700000000011642 ], [ 538645.5, 179091.700000000011642 ], [ 538684.699999999953434, 178992.1 ], [ 538716.699999999953434, 178912.700000000011642 ], [ 538719.0, 178891.799999999988358 ], [ 538724.699999999953434, 178869.799999999988358 ], [ 538729.900000000023283, 178838.700000000011642 ], [ 538735.800000000046566, 178775.0 ], [ 538735.800000000046566, 178763.799999999988358 ], [ 538736.800000000046566, 178749.799999999988358 ], [ 538731.5, 178693.6 ], [ 538728.0, 178669.700000000011642 ], [ 538724.900000000023283, 178654.799999999988358 ], [ 538718.099999999976717, 178629.4 ], [ 538701.800000000046566, 178581.6 ], [ 538697.099999999976717, 178556.700000000011642 ], [ 538688.900000000023283, 178548.6 ], [ 538685.599999999976717, 178543.6 ], [ 538671.5, 178516.700000000011642 ], [ 538656.0, 178493.200000000011642 ], [ 538646.800000000046566, 178481.5 ], [ 538642.699999999953434, 178477.1 ], [ 538594.900000000023283, 178509.0 ], [ 538594.0, 178508.299999999988358 ], [ 538585.300000000046566, 178497.200000000011642 ], [ 538631.900000000023283, 178460.0 ], [ 538608.0, 178431.200000000011642 ], [ 538593.099999999976717, 178416.0 ], [ 538582.699999999953434, 178406.9 ], [ 538571.800000000046566, 178398.299999999988358 ], [ 538526.900000000023283, 178364.0 ], [ 538518.099999999976717, 178356.4 ], [ 538505.900000000023283, 178347.6 ], [ 538456.099999999976717, 178321.6 ], [ 538407.599999999976717, 178299.700000000011642 ], [ 538389.800000000046566, 178290.700000000011642 ], [ 538373.800000000046566, 178284.0 ], [ 538363.699999999953434, 178280.5 ], [ 538278.300000000046566, 178254.1 ], [ 538270.800000000046566, 178270.6 ], [ 538246.800000000046566, 178266.0 ], [ 538251.099999999976717, 178248.4 ], [ 538193.800000000046566, 178233.6 ], [ 538153.0, 178227.0 ], [ 538104.199999999953434, 178216.799999999988358 ], [ 538061.0, 178211.200000000011642 ], [ 538057.699999999953434, 178216.6 ], [ 538045.800000000046566, 178216.0 ], [ 538045.800000000046566, 178209.299999999988358 ], [ 538045.800000000046566, 178208.6 ], [ 538004.0, 178209.5 ], [ 538003.0, 178209.6 ], [ 537997.599999999976717, 178210.799999999988358 ], [ 537995.099999999976717, 178210.6 ], [ 537990.900000000023283, 178208.700000000011642 ], [ 537986.800000000046566, 178204.200000000011642 ], [ 537934.0, 178206.299999999988358 ], [ 537909.400000000023283, 178207.799999999988358 ], [ 537896.400000000023283, 178208.799999999988358 ], [ 537822.900000000023283, 178220.5 ], [ 537813.5, 178222.9 ], [ 537802.5, 178226.700000000011642 ], [ 537789.199999999953434, 178232.4 ], [ 537720.800000000046566, 178247.0 ], [ 537697.199999999953434, 178253.200000000011642 ], [ 537682.400000000023283, 178258.0 ], [ 537668.699999999953434, 178263.1 ], [ 537666.599999999976717, 178263.9 ], [ 537653.300000000046566, 178269.4 ], [ 537631.800000000046566, 178278.9 ], [ 537516.699999999953434, 178336.799999999988358 ], [ 537472.400000000023283, 178358.1 ], [ 537450.5, 178374.5 ], [ 537378.400000000023283, 178431.200000000011642 ], [ 537360.5, 178448.0 ], [ 537327.699999999953434, 178482.700000000011642 ], [ 537315.900000000023283, 178495.200000000011642 ], [ 537296.199999999953434, 178516.9 ], [ 537275.900000000023283, 178540.299999999988358 ], [ 537256.199999999953434, 178564.1 ], [ 537218.599999999976717, 178611.6 ], [ 537182.0, 178670.1 ], [ 537174.300000000046566, 178681.200000000011642 ], [ 537164.400000000023283, 178698.700000000011642 ], [ 537150.900000000023283, 178727.200000000011642 ], [ 537132.0, 178770.5 ], [ 537112.599999999976717, 178820.299999999988358 ], [ 537100.300000000046566, 178855.700000000011642 ], [ 537096.5, 178869.9 ], [ 537095.800000000046566, 178872.5 ], [ 537084.800000000046566, 178903.5 ], [ 537058.0, 178973.0 ], [ 537035.800000000046566, 179038.9 ], [ 537036.400000000023283, 179041.200000000011642 ], [ 537035.099999999976717, 179047.4 ], [ 537035.300000000046566, 179048.0 ], [ 537076.199999999953434, 179067.6 ], [ 537167.199999999953434, 179068.799999999988358 ], [ 537162.900000000023283, 179089.1 ], [ 537162.300000000046566, 179090.5 ], [ 537076.5, 179090.5 ], [ 537069.300000000046566, 179091.200000000011642 ], [ 537055.300000000046566, 179094.299999999988358 ], [ 537013.800000000046566, 179101.6 ], [ 537008.900000000023283, 179106.6 ], [ 537006.5, 179110.6 ], [ 537004.599999999976717, 179117.799999999988358 ], [ 537000.699999999953434, 179155.0 ], [ 536999.800000000046566, 179171.5 ], [ 536999.699999999953434, 179188.0 ], [ 537002.199999999953434, 179247.1 ], [ 537007.5, 179371.799999999988358 ], [ 537014.5, 179374.299999999988358 ], [ 537019.300000000046566, 179477.5 ], [ 537019.400000000023283, 179488.1 ], [ 537018.5, 179518.299999999988358 ], [ 537015.800000000046566, 179547.5 ], [ 537014.599999999976717, 179573.5 ], [ 537014.900000000023283, 179683.5 ], [ 536995.400000000023283, 179682.6 ], [ 536995.099999999976717, 179695.5 ], [ 536993.599999999976717, 179711.9 ], [ 537014.5, 179712.0 ], [ 537010.400000000023283, 179846.299999999988358 ], [ 537010.199999999953434, 179960.700000000011642 ], [ 537012.0, 179982.200000000011642 ], [ 537017.0, 180000.0 ], [ 537017.099999999976717, 180000.0 ], [ 537036.800000000046566, 180087.0 ], [ 537043.900000000023283, 180090.299999999988358 ], [ 537064.599999999976717, 180091.700000000011642 ], [ 537075.099999999976717, 180091.4 ], [ 537085.300000000046566, 180090.799999999988358 ], [ 537094.099999999976717, 180087.799999999988358 ], [ 537099.900000000023283, 180086.4 ], [ 537111.0, 180084.299999999988358 ], [ 537115.900000000023283, 180083.9 ], [ 537117.599999999976717, 180091.4 ], [ 537119.900000000023283, 180098.5 ], [ 537091.900000000023283, 180104.1 ], [ 537079.400000000023283, 180105.200000000011642 ], [ 537049.400000000023283, 180114.6 ], [ 537044.400000000023283, 180115.299999999988358 ], [ 537042.300000000046566, 180116.4 ], [ 537040.800000000046566, 180117.6 ], [ 537038.400000000023283, 180122.299999999988358 ], [ 537038.400000000023283, 180131.9 ], [ 537031.599999999976717, 180135.9 ], [ 537019.599999999976717, 180147.1 ], [ 537010.099999999976717, 180178.799999999988358 ], [ 536991.300000000046566, 180228.5 ], [ 536993.199999999953434, 180235.5 ], [ 536986.900000000023283, 180256.1 ], [ 536979.400000000023283, 180277.9 ], [ 536971.800000000046566, 180299.6 ], [ 536954.199999999953434, 180334.5 ], [ 536982.800000000046566, 180344.700000000011642 ], [ 536975.800000000046566, 180367.299999999988358 ], [ 536949.800000000046566, 180360.299999999988358 ], [ 536932.900000000023283, 180388.4 ], [ 536905.199999999953434, 180430.1 ], [ 536901.599999999976717, 180431.4 ], [ 536898.099999999976717, 180434.799999999988358 ], [ 536897.199999999953434, 180437.1 ], [ 536897.0, 180439.700000000011642 ], [ 536897.900000000023283, 180442.4 ], [ 536900.900000000023283, 180445.9 ], [ 536961.199999999953434, 180471.9 ], [ 536960.099999999976717, 180475.200000000011642 ], [ 536955.400000000023283, 180484.9 ], [ 536954.900000000023283, 180485.200000000011642 ], [ 536888.199999999953434, 180457.0 ], [ 536882.199999999953434, 180457.1 ], [ 536834.699999999953434, 180525.0 ], [ 536839.0, 180529.299999999988358 ], [ 536813.800000000046566, 180563.1 ], [ 536787.300000000046566, 180538.9 ], [ 536706.400000000023283, 180601.700000000011642 ], [ 536705.5, 180604.9 ], [ 536725.199999999953434, 180631.1 ], [ 536756.400000000023283, 180668.200000000011642 ], [ 536788.699999999953434, 180689.0 ], [ 536819.900000000023283, 180714.799999999988358 ], [ 536817.199999999953434, 180721.1 ], [ 536807.699999999953434, 180717.299999999988358 ], [ 536778.400000000023283, 180702.5 ], [ 536750.0, 180686.6 ], [ 536736.0, 180677.299999999988358 ], [ 536727.5, 180673.200000000011642 ], [ 536722.599999999976717, 180671.200000000011642 ], [ 536708.300000000046566, 180669.0 ], [ 536711.400000000023283, 180650.9 ], [ 536704.400000000023283, 180644.1 ], [ 536702.300000000046566, 180643.200000000011642 ], [ 536700.400000000023283, 180642.9 ], [ 536683.300000000046566, 180645.5 ], [ 536660.099999999976717, 180647.4 ], [ 536637.5, 180647.5 ], [ 536628.300000000046566, 180644.700000000011642 ], [ 536601.699999999953434, 180655.9 ], [ 536602.199999999953434, 180662.6 ], [ 536587.0, 180670.200000000011642 ], [ 536592.800000000046566, 180685.0 ], [ 536581.699999999953434, 180689.0 ], [ 536576.800000000046566, 180678.5 ], [ 536484.199999999953434, 180716.5 ], [ 536454.699999999953434, 180727.200000000011642 ], [ 536426.199999999953434, 180732.6 ], [ 536398.900000000023283, 180739.4 ], [ 536395.900000000023283, 180743.799999999988358 ], [ 536395.599999999976717, 180764.6 ], [ 536384.400000000023283, 180769.6 ], [ 536383.099999999976717, 180769.9 ], [ 536365.599999999976717, 180749.1 ], [ 536290.699999999953434, 180768.4 ], [ 536291.699999999953434, 180773.5 ], [ 536293.400000000023283, 180775.9 ], [ 536293.900000000023283, 180778.0 ], [ 536293.699999999953434, 180780.299999999988358 ], [ 536292.699999999953434, 180782.1 ], [ 536291.099999999976717, 180783.6 ], [ 536290.0, 180784.200000000011642 ], [ 536288.900000000023283, 180784.799999999988358 ], [ 536286.300000000046566, 180785.299999999988358 ], [ 536283.900000000023283, 180785.0 ], [ 536277.199999999953434, 180778.700000000011642 ], [ 536273.900000000023283, 180776.5 ], [ 536269.800000000046566, 180774.700000000011642 ], [ 536265.400000000023283, 180773.799999999988358 ], [ 536261.400000000023283, 180774.1 ], [ 536256.900000000023283, 180775.799999999988358 ], [ 536249.800000000046566, 180781.700000000011642 ], [ 536247.400000000023283, 180786.799999999988358 ], [ 536234.0, 180791.1 ], [ 536202.699999999953434, 180795.799999999988358 ], [ 536177.400000000023283, 180796.5 ], [ 536141.0, 180798.700000000011642 ], [ 536132.599999999976717, 180800.700000000011642 ], [ 536064.0, 180808.299999999988358 ], [ 536025.599999999976717, 180810.200000000011642 ], [ 536014.099999999976717, 180809.4 ], [ 536005.300000000046566, 180827.0 ], [ 535998.800000000046566, 180826.4 ], [ 535992.5, 180825.299999999988358 ], [ 536003.5, 180801.799999999988358 ], [ 535967.099999999976717, 180798.700000000011642 ], [ 535910.599999999976717, 180792.5 ], [ 535848.599999999976717, 180782.0 ], [ 535851.599999999976717, 180765.299999999988358 ], [ 535843.0, 180765.6 ], [ 535838.300000000046566, 180771.9 ], [ 535765.300000000046566, 180761.9 ], [ 535765.199999999953434, 180752.700000000011642 ], [ 535738.0, 180745.299999999988358 ], [ 535738.5, 180734.799999999988358 ], [ 535720.599999999976717, 180727.5 ], [ 535651.300000000046566, 180684.4 ], [ 535639.0, 180703.1 ], [ 535574.699999999953434, 180664.6 ], [ 535556.199999999953434, 180652.5 ], [ 535535.800000000046566, 180626.700000000011642 ], [ 535516.300000000046566, 180613.0 ], [ 535508.0, 180606.6 ], [ 535499.800000000046566, 180600.0 ], [ 535487.0, 180588.299999999988358 ], [ 535481.900000000023283, 180587.9 ], [ 535457.800000000046566, 180590.799999999988358 ], [ 535448.300000000046566, 180592.0 ], [ 535446.199999999953434, 180582.5 ], [ 535445.099999999976717, 180577.700000000011642 ], [ 535444.900000000023283, 180576.700000000011642 ], [ 535454.900000000023283, 180574.9 ], [ 535467.099999999976717, 180570.5 ], [ 535473.300000000046566, 180555.700000000011642 ], [ 535468.800000000046566, 180544.5 ], [ 535463.5, 180540.700000000011642 ], [ 535459.5, 180539.1 ], [ 535455.300000000046566, 180538.200000000011642 ], [ 535449.0, 180538.1 ], [ 535440.400000000023283, 180542.1 ], [ 535376.199999999953434, 180484.799999999988358 ], [ 535372.900000000023283, 180485.6 ], [ 535330.800000000046566, 180450.1 ], [ 535335.5, 180442.9 ], [ 535302.5, 180411.299999999988358 ], [ 535268.099999999976717, 180381.4 ], [ 535262.800000000046566, 180383.5 ], [ 535253.5, 180373.4 ], [ 535243.0, 180380.799999999988358 ], [ 535220.300000000046566, 180358.299999999988358 ], [ 535230.199999999953434, 180347.4 ], [ 535167.0, 180287.6 ], [ 535155.099999999976717, 180299.200000000011642 ], [ 535142.099999999976717, 180285.200000000011642 ], [ 535152.800000000046566, 180273.9 ], [ 535105.5, 180224.4 ], [ 535098.099999999976717, 180228.799999999988358 ], [ 535067.5, 180194.700000000011642 ], [ 535063.900000000023283, 180178.299999999988358 ], [ 535000.099999999976717, 180105.1 ], [ 534991.900000000023283, 180095.299999999988358 ], [ 534957.099999999976717, 180070.0 ], [ 534929.400000000023283, 180054.200000000011642 ], [ 534894.699999999953434, 180033.200000000011642 ], [ 534867.599999999976717, 180020.1 ], [ 534864.300000000046566, 180023.9 ], [ 534854.099999999976717, 180018.5 ], [ 534851.300000000046566, 180012.700000000011642 ], [ 534833.900000000023283, 180008.4 ], [ 534830.800000000046566, 180010.299999999988358 ], [ 534827.5, 180009.6 ], [ 534791.800000000046566, 180000.0 ], [ 534791.400000000023283, 180000.0 ], [ 534764.199999999953434, 179996.5 ], [ 534755.300000000046566, 179995.700000000011642 ], [ 534727.199999999953434, 179995.799999999988358 ], [ 534719.900000000023283, 179993.799999999988358 ], [ 534708.900000000023283, 179995.299999999988358 ], [ 534702.599999999976717, 179996.1 ], [ 534689.400000000023283, 179996.1 ], [ 534670.099999999976717, 179996.5 ], [ 534650.300000000046566, 180000.0 ], [ 534650.099999999976717, 180000.0 ], [ 534619.099999999976717, 180012.4 ], [ 534586.599999999976717, 180019.799999999988358 ], [ 534585.699999999953434, 180013.6 ], [ 534563.699999999953434, 180016.4 ], [ 534553.800000000046566, 180022.6 ], [ 534550.400000000023283, 180031.6 ], [ 534550.199999999953434, 180040.299999999988358 ], [ 534546.199999999953434, 180041.5 ], [ 534542.099999999976717, 180042.299999999988358 ], [ 534538.400000000023283, 180034.1 ], [ 534534.400000000023283, 180030.4 ], [ 534531.699999999953434, 180029.200000000011642 ], [ 534528.800000000046566, 180028.700000000011642 ], [ 534525.900000000023283, 180028.9 ], [ 534508.300000000046566, 180035.5 ], [ 534507.699999999953434, 180046.6 ], [ 534434.400000000023283, 180080.0 ], [ 534410.300000000046566, 180089.299999999988358 ], [ 534386.699999999953434, 180098.299999999988358 ], [ 534382.099999999976717, 180088.200000000011642 ], [ 534332.199999999953434, 180107.799999999988358 ], [ 534325.699999999953434, 180110.799999999988358 ], [ 534270.5, 180136.200000000011642 ], [ 534265.300000000046566, 180127.9 ], [ 534214.099999999976717, 180150.0 ], [ 534186.800000000046566, 180159.299999999988358 ], [ 534185.699999999953434, 180167.5 ], [ 534182.699999999953434, 180172.6 ], [ 534182.599999999976717, 180175.5 ], [ 534183.699999999953434, 180183.9 ], [ 534184.800000000046566, 180189.1 ], [ 534190.800000000046566, 180195.9 ], [ 534195.5, 180207.1 ], [ 534187.400000000023283, 180216.4 ], [ 534182.599999999976717, 180206.6 ], [ 534176.5, 180203.1 ], [ 534177.400000000023283, 180195.799999999988358 ], [ 534173.099999999976717, 180192.1 ], [ 534165.300000000046566, 180191.9 ], [ 534155.099999999976717, 180172.0 ], [ 534118.699999999953434, 180186.5 ], [ 534048.5, 180223.1 ], [ 534045.400000000023283, 180225.0 ], [ 534044.5, 180226.9 ], [ 534036.800000000046566, 180233.4 ], [ 533991.599999999976717, 180260.9 ], [ 533964.300000000046566, 180279.299999999988358 ], [ 533955.900000000023283, 180284.4 ], [ 533953.300000000046566, 180288.4 ], [ 533958.400000000023283, 180302.6 ], [ 533954.599999999976717, 180307.299999999988358 ], [ 533957.599999999976717, 180323.0 ], [ 533946.5, 180328.1 ], [ 533945.300000000046566, 180328.4 ], [ 533935.5, 180306.299999999988358 ], [ 533914.0, 180314.700000000011642 ], [ 533906.199999999953434, 180313.299999999988358 ], [ 533902.400000000023283, 180313.5 ], [ 533898.300000000046566, 180314.1 ], [ 533884.900000000023283, 180317.9 ], [ 533885.400000000023283, 180324.799999999988358 ], [ 533876.800000000046566, 180329.0 ], [ 533871.300000000046566, 180319.299999999988358 ], [ 533868.900000000023283, 180316.1 ], [ 533860.0, 180312.799999999988358 ], [ 533857.300000000046566, 180318.6 ], [ 533860.400000000023283, 180327.6 ], [ 533807.199999999953434, 180352.0 ], [ 533803.300000000046566, 180346.5 ], [ 533793.300000000046566, 180350.700000000011642 ], [ 533786.599999999976717, 180342.299999999988358 ], [ 533723.599999999976717, 180368.5 ], [ 533729.699999999953434, 180387.6 ], [ 533702.800000000046566, 180396.200000000011642 ], [ 533673.800000000046566, 180404.4 ], [ 533660.099999999976717, 180408.299999999988358 ], [ 533646.5, 180412.700000000011642 ], [ 533612.0, 180432.299999999988358 ], [ 533538.699999999953434, 180453.200000000011642 ], [ 533506.0, 180463.1 ], [ 533494.099999999976717, 180464.6 ], [ 533476.199999999953434, 180472.1 ], [ 533443.900000000023283, 180483.0 ], [ 533424.300000000046566, 180500.200000000011642 ], [ 533409.900000000023283, 180510.799999999988358 ], [ 533401.099999999976717, 180514.0 ], [ 533400.800000000046566, 180513.1 ], [ 533398.599999999976717, 180513.9 ], [ 533393.5, 180515.799999999988358 ], [ 533392.400000000023283, 180516.1 ], [ 533387.599999999976717, 180516.4 ], [ 533385.400000000023283, 180516.6 ], [ 533384.099999999976717, 180512.799999999988358 ], [ 533383.300000000046566, 180510.299999999988358 ], [ 533334.199999999953434, 180524.5 ], [ 533322.599999999976717, 180532.0 ], [ 533320.599999999976717, 180532.9 ], [ 533316.099999999976717, 180534.9 ], [ 533307.5, 180538.799999999988358 ], [ 533295.199999999953434, 180544.1 ], [ 533256.0, 180561.299999999988358 ], [ 533247.900000000023283, 180562.799999999988358 ], [ 533247.599999999976717, 180570.799999999988358 ], [ 533236.699999999953434, 180573.299999999988358 ], [ 533234.400000000023283, 180565.299999999988358 ], [ 533105.800000000046566, 180585.799999999988358 ], [ 533101.699999999953434, 180586.4 ], [ 533092.199999999953434, 180587.6 ], [ 533087.099999999976717, 180569.5 ], [ 533044.300000000046566, 180575.1 ], [ 532969.199999999953434, 180588.299999999988358 ], [ 532963.5, 180588.9 ], [ 532962.0, 180589.1 ], [ 532921.800000000046566, 180593.9 ], [ 532916.800000000046566, 180594.6 ], [ 532880.199999999953434, 180599.799999999988358 ], [ 532858.900000000023283, 180607.1 ], [ 532856.800000000046566, 180615.9 ], [ 532813.599999999976717, 180625.1 ], [ 532801.599999999976717, 180626.9 ], [ 532790.199999999953434, 180628.5 ], [ 532787.400000000023283, 180625.299999999988358 ], [ 532784.0, 180625.700000000011642 ], [ 532782.300000000046566, 180619.299999999988358 ], [ 532780.5, 180618.6 ], [ 532778.300000000046566, 180618.4 ], [ 532759.699999999953434, 180620.0 ], [ 532744.400000000023283, 180620.1 ], [ 532743.599999999976717, 180620.1 ], [ 532741.099999999976717, 180620.299999999988358 ], [ 532739.0, 180620.5 ], [ 532697.099999999976717, 180624.0 ], [ 532675.300000000046566, 180624.5 ], [ 532661.599999999976717, 180622.1 ], [ 532643.099999999976717, 180624.6 ], [ 532585.199999999953434, 180640.6 ], [ 532557.099999999976717, 180649.0 ], [ 532529.5, 180657.5 ], [ 532508.699999999953434, 180666.799999999988358 ], [ 532508.099999999976717, 180667.0 ], [ 532506.300000000046566, 180667.5 ], [ 532480.5, 180674.799999999988358 ], [ 532474.199999999953434, 180677.0 ], [ 532419.300000000046566, 180696.6 ], [ 532391.0, 180708.1 ], [ 532346.099999999976717, 180720.4 ], [ 532315.199999999953434, 180727.700000000011642 ], [ 532310.800000000046566, 180729.299999999988358 ], [ 532279.0, 180740.700000000011642 ], [ 532274.599999999976717, 180742.299999999988358 ], [ 532283.0, 180773.0 ], [ 532286.699999999953434, 180786.6 ], [ 532279.099999999976717, 180789.799999999988358 ], [ 532276.0, 180781.4 ], [ 532249.900000000023283, 180787.0 ], [ 532249.599999999976717, 180785.700000000011642 ], [ 532240.599999999976717, 180753.9 ], [ 532225.0, 180757.799999999988358 ], [ 532217.0, 180749.4 ], [ 532168.699999999953434, 180767.0 ], [ 532168.800000000046566, 180773.299999999988358 ], [ 532124.400000000023283, 180783.5 ], [ 532103.099999999976717, 180789.200000000011642 ], [ 532097.0, 180783.0 ], [ 532085.0, 180790.1 ], [ 532078.699999999953434, 180792.700000000011642 ], [ 532072.900000000023283, 180790.200000000011642 ], [ 532061.300000000046566, 180793.700000000011642 ], [ 532035.099999999976717, 180799.299999999988358 ], [ 532016.0, 180800.799999999988358 ], [ 532014.300000000046566, 180801.0 ], [ 532012.800000000046566, 180801.1 ], [ 531991.5, 180801.4 ], [ 531968.300000000046566, 180803.0 ], [ 531957.400000000023283, 180802.700000000011642 ], [ 531955.0, 180802.700000000011642 ], [ 531748.5, 180797.799999999988358 ], [ 531746.099999999976717, 180788.4 ], [ 531733.300000000046566, 180788.0 ], [ 531726.800000000046566, 180787.799999999988358 ], [ 531722.199999999953434, 180787.6 ], [ 531718.199999999953434, 180787.5 ], [ 531714.699999999953434, 180787.4 ], [ 531714.099999999976717, 180797.200000000011642 ], [ 531672.0, 180796.299999999988358 ], [ 531625.599999999976717, 180798.0 ], [ 531568.199999999953434, 180798.299999999988358 ], [ 531427.0, 180796.0 ], [ 531425.800000000046566, 180795.9 ], [ 531420.699999999953434, 180795.700000000011642 ], [ 531360.199999999953434, 180793.799999999988358 ], [ 531359.300000000046566, 180793.799999999988358 ], [ 531184.800000000046566, 180790.9 ], [ 531184.099999999976717, 180781.299999999988358 ], [ 531168.5, 180781.1 ], [ 531166.400000000023283, 180783.4 ], [ 531145.099999999976717, 180782.1 ], [ 531138.400000000023283, 180781.6 ], [ 531137.900000000023283, 180788.200000000011642 ], [ 531124.199999999953434, 180786.799999999988358 ], [ 531123.099999999976717, 180779.6 ], [ 531099.800000000046566, 180777.6 ], [ 531076.300000000046566, 180774.299999999988358 ], [ 531073.300000000046566, 180781.6 ], [ 531044.800000000046566, 180776.299999999988358 ], [ 531016.0, 180770.6 ], [ 530957.699999999953434, 180757.200000000011642 ], [ 530899.599999999976717, 180741.200000000011642 ], [ 530886.0, 180736.799999999988358 ], [ 530882.0, 180735.5 ], [ 530852.199999999953434, 180725.9 ], [ 530827.300000000046566, 180715.5 ], [ 530824.300000000046566, 180714.200000000011642 ], [ 530776.5, 180693.0 ], [ 530780.0, 180683.5 ], [ 530724.800000000046566, 180653.200000000011642 ], [ 530718.0, 180658.5 ], [ 530717.099999999976717, 180657.9 ], [ 530710.0, 180652.799999999988358 ], [ 530687.5, 180641.1 ], [ 530677.900000000023283, 180634.799999999988358 ], [ 530676.599999999976717, 180637.299999999988358 ], [ 530671.199999999953434, 180633.9 ], [ 530665.800000000046566, 180630.299999999988358 ], [ 530666.5, 180626.1 ], [ 530643.699999999953434, 180609.700000000011642 ], [ 530641.800000000046566, 180612.1 ], [ 530612.099999999976717, 180587.4 ], [ 530569.599999999976717, 180546.0 ], [ 530554.400000000023283, 180527.200000000011642 ], [ 530561.699999999953434, 180519.200000000011642 ], [ 530542.300000000046566, 180492.9 ], [ 530532.699999999953434, 180497.799999999988358 ], [ 530512.300000000046566, 180464.9 ], [ 530500.300000000046566, 180443.0 ], [ 530474.599999999976717, 180392.5 ], [ 530483.699999999953434, 180385.9 ], [ 530479.599999999976717, 180375.5 ], [ 530479.5, 180375.1 ], [ 530479.300000000046566, 180375.200000000011642 ], [ 530475.199999999953434, 180377.299999999988358 ], [ 530469.900000000023283, 180368.200000000011642 ], [ 530469.0, 180365.9 ], [ 530457.199999999953434, 180336.299999999988358 ], [ 530461.0, 180332.299999999988358 ], [ 530457.699999999953434, 180323.0 ], [ 530446.5, 180302.5 ], [ 530437.800000000046566, 180283.6 ], [ 530434.099999999976717, 180284.200000000011642 ], [ 530433.300000000046566, 180279.200000000011642 ], [ 530415.800000000046566, 180234.5 ], [ 530409.900000000023283, 180235.799999999988358 ], [ 530401.800000000046566, 180210.0 ], [ 530395.199999999953434, 180180.6 ], [ 530389.699999999953434, 180150.299999999988358 ], [ 530378.199999999953434, 180095.200000000011642 ], [ 530371.800000000046566, 180048.200000000011642 ], [ 530365.300000000046566, 180012.200000000011642 ], [ 530372.800000000046566, 180010.5 ], [ 530368.0, 180000.0 ], [ 530347.099999999976717, 179839.9 ], [ 530343.699999999953434, 179769.6 ], [ 530334.5, 179767.299999999988358 ], [ 530333.0, 179696.700000000011642 ], [ 530341.699999999953434, 179691.799999999988358 ], [ 530339.800000000046566, 179663.200000000011642 ], [ 530339.5, 179637.0 ], [ 530329.099999999976717, 179635.0 ], [ 530328.400000000023283, 179627.799999999988358 ], [ 530328.099999999976717, 179620.700000000011642 ], [ 530336.400000000023283, 179617.200000000011642 ], [ 530310.5, 179354.1 ], [ 530290.199999999953434, 179133.5 ], [ 530289.0, 179124.4 ], [ 530287.099999999976717, 179096.4 ], [ 530287.800000000046566, 179075.799999999988358 ], [ 530283.900000000023283, 178984.4 ], [ 530281.300000000046566, 178974.1 ], [ 530274.800000000046566, 178861.6 ], [ 530269.199999999953434, 178787.6 ], [ 530275.699999999953434, 178779.9 ], [ 530271.599999999976717, 178751.9 ], [ 530268.900000000023283, 178738.0 ], [ 530247.800000000046566, 178651.9 ], [ 530241.800000000046566, 178632.299999999988358 ], [ 530235.800000000046566, 178616.9 ], [ 530227.099999999976717, 178597.200000000011642 ], [ 530214.5, 178573.1 ], [ 530173.900000000023283, 178483.299999999988358 ], [ 530161.0, 178455.700000000011642 ], [ 530146.900000000023283, 178425.6 ], [ 530140.0, 178415.4 ], [ 530136.400000000023283, 178411.299999999988358 ], [ 530131.699999999953434, 178407.0 ], [ 530117.699999999953434, 178396.799999999988358 ], [ 530114.0, 178393.5 ], [ 530100.300000000046566, 178366.299999999988358 ], [ 530085.5, 178343.299999999988358 ], [ 530041.599999999976717, 178267.700000000011642 ], [ 530035.800000000046566, 178246.700000000011642 ], [ 530035.400000000023283, 178245.299999999988358 ], [ 530031.599999999976717, 178231.5 ], [ 530003.400000000023283, 178200.799999999988358 ], [ 530000.0, 178200.4 ], [ 529996.599999999976717, 178200.0 ], [ 529851.199999999953434, 178034.5 ], [ 529842.599999999976717, 178025.4 ], [ 529834.599999999976717, 178017.700000000011642 ], [ 529820.800000000046566, 178005.5 ], [ 529804.5, 177991.9 ], [ 529790.699999999953434, 177981.6 ], [ 529775.099999999976717, 177971.6 ], [ 529774.0, 177970.9 ], [ 529752.800000000046566, 177958.1 ], [ 529695.900000000023283, 177934.700000000011642 ], [ 529669.099999999976717, 177925.0 ], [ 529660.199999999953434, 177921.0 ], [ 529635.099999999976717, 177908.200000000011642 ], [ 529634.800000000046566, 177908.0 ], [ 529599.199999999953434, 177897.200000000011642 ], [ 529592.400000000023283, 177911.200000000011642 ], [ 529520.400000000023283, 177888.799999999988358 ], [ 529521.5, 177878.4 ], [ 529479.699999999953434, 177867.0 ], [ 529462.400000000023283, 177863.299999999988358 ], [ 529443.5, 177860.700000000011642 ], [ 529375.5, 177850.1 ], [ 529351.0, 177848.6 ], [ 529319.599999999976717, 177847.299999999988358 ], [ 529313.400000000023283, 177847.299999999988358 ], [ 529252.099999999976717, 177847.5 ], [ 529222.300000000046566, 177849.799999999988358 ], [ 529205.800000000046566, 177852.4 ], [ 529182.900000000023283, 177857.6 ], [ 529089.800000000046566, 177884.700000000011642 ], [ 529047.0, 177894.5 ], [ 529003.300000000046566, 177906.700000000011642 ], [ 528994.5, 177908.700000000011642 ], [ 528985.699999999953434, 177910.200000000011642 ], [ 528966.599999999976717, 177912.0 ], [ 528950.300000000046566, 177915.1 ], [ 528860.800000000046566, 177928.0 ], [ 528817.699999999953434, 177931.299999999988358 ], [ 528769.300000000046566, 177932.1 ], [ 528701.599999999976717, 177923.4 ], [ 528670.599999999976717, 177919.9 ], [ 528619.900000000023283, 177914.4 ], [ 528616.599999999976717, 177929.1 ], [ 528616.599999999976717, 177939.0 ], [ 528616.800000000046566, 177948.9 ], [ 528620.199999999953434, 177952.0 ], [ 528619.800000000046566, 177976.200000000011642 ], [ 528613.699999999953434, 177978.200000000011642 ], [ 528611.5, 177983.700000000011642 ], [ 528611.599999999976717, 177985.6 ], [ 528610.900000000023283, 177986.9 ], [ 528609.699999999953434, 177987.9 ], [ 528608.400000000023283, 177988.0 ], [ 528606.5, 177986.5 ], [ 528605.900000000023283, 177984.6 ], [ 528598.699999999953434, 177981.200000000011642 ], [ 528592.300000000046566, 177985.5 ], [ 528575.300000000046566, 177983.1 ], [ 528570.599999999976717, 177971.4 ], [ 528572.900000000023283, 177968.700000000011642 ], [ 528578.300000000046566, 177963.9 ], [ 528583.099999999976717, 177960.5 ], [ 528597.199999999953434, 177953.0 ], [ 528600.400000000023283, 177947.6 ], [ 528601.699999999953434, 177944.0 ], [ 528603.199999999953434, 177936.200000000011642 ], [ 528603.5, 177932.1 ], [ 528602.300000000046566, 177915.1 ], [ 528600.699999999953434, 177910.299999999988358 ], [ 528549.5, 177903.799999999988358 ], [ 528513.599999999976717, 177897.5 ], [ 528490.599999999976717, 177893.6 ], [ 528415.099999999976717, 177879.299999999988358 ], [ 528388.900000000023283, 177874.799999999988358 ], [ 528374.800000000046566, 177871.299999999988358 ], [ 528348.900000000023283, 177862.799999999988358 ], [ 528254.099999999976717, 177838.4 ], [ 528196.5, 177821.1 ], [ 528163.599999999976717, 177810.5 ], [ 528128.300000000046566, 177802.1 ], [ 528087.0, 177791.5 ], [ 527895.300000000046566, 177746.0 ], [ 527734.300000000046566, 177707.799999999988358 ], [ 527414.400000000023283, 177633.700000000011642 ], [ 527362.699999999953434, 177620.1 ], [ 527281.099999999976717, 177598.6 ], [ 527233.5, 177587.1 ], [ 527164.300000000046566, 177566.9 ], [ 527115.800000000046566, 177550.4 ], [ 527093.199999999953434, 177542.5 ], [ 527081.300000000046566, 177538.200000000011642 ], [ 527058.300000000046566, 177529.4 ], [ 527039.300000000046566, 177521.200000000011642 ], [ 527009.400000000023283, 177506.5 ], [ 526979.5, 177490.299999999988358 ], [ 526947.900000000023283, 177475.4 ], [ 526929.900000000023283, 177465.6 ], [ 526900.300000000046566, 177447.6 ], [ 526887.199999999953434, 177465.700000000011642 ], [ 526876.400000000023283, 177459.9 ], [ 526870.199999999953434, 177457.799999999988358 ], [ 526855.699999999953434, 177453.799999999988358 ], [ 526787.599999999976717, 177437.0 ], [ 526777.800000000046566, 177432.799999999988358 ], [ 526771.800000000046566, 177429.4 ], [ 526762.400000000023283, 177422.1 ], [ 526752.099999999976717, 177406.4 ], [ 526744.099999999976717, 177396.4 ], [ 526739.900000000023283, 177391.700000000011642 ], [ 526735.800000000046566, 177388.9 ], [ 526731.900000000023283, 177386.6 ], [ 526724.400000000023283, 177383.5 ], [ 526668.699999999953434, 177318.6 ], [ 526664.900000000023283, 177314.200000000011642 ], [ 526637.900000000023283, 177284.0 ], [ 526631.400000000023283, 177275.0 ], [ 526631.0, 177273.9 ], [ 526652.0, 177254.5 ], [ 526634.199999999953434, 177229.5 ], [ 526622.199999999953434, 177211.4 ], [ 526569.199999999953434, 177125.0 ], [ 526559.400000000023283, 177101.799999999988358 ], [ 526535.599999999976717, 177020.6 ], [ 526528.900000000023283, 177019.1 ], [ 526502.5, 177015.5 ], [ 526459.300000000046566, 177013.299999999988358 ], [ 526436.099999999976717, 177009.700000000011642 ], [ 526430.699999999953434, 177010.5 ], [ 526343.400000000023283, 176948.799999999988358 ], [ 526296.800000000046566, 176942.700000000011642 ], [ 526294.699999999953434, 176947.200000000011642 ], [ 526293.800000000046566, 176949.200000000011642 ], [ 526259.099999999976717, 176941.799999999988358 ], [ 526255.400000000023283, 176941.799999999988358 ], [ 526252.099999999976717, 176942.5 ], [ 526248.800000000046566, 176943.700000000011642 ], [ 526243.699999999953434, 176946.9 ], [ 526235.699999999953434, 176949.0 ], [ 526223.199999999953434, 176949.1 ], [ 526219.699999999953434, 176948.0 ], [ 526219.099999999976717, 176945.1 ], [ 526216.400000000023283, 176942.299999999988358 ], [ 526214.300000000046566, 176941.4 ], [ 526209.900000000023283, 176941.0 ], [ 526202.900000000023283, 176938.700000000011642 ], [ 526206.0, 176931.4 ], [ 526199.800000000046566, 176927.700000000011642 ], [ 526204.599999999976717, 176919.299999999988358 ], [ 526210.800000000046566, 176919.1 ], [ 526214.099999999976717, 176916.6 ], [ 526259.800000000046566, 176923.6 ], [ 526278.5, 176919.4 ], [ 526282.400000000023283, 176919.200000000011642 ], [ 526288.5, 176918.9 ], [ 526294.300000000046566, 176917.799999999988358 ], [ 526303.400000000023283, 176914.799999999988358 ], [ 526307.699999999953434, 176914.200000000011642 ], [ 526316.900000000023283, 176914.0 ], [ 526321.699999999953434, 176914.4 ], [ 526336.400000000023283, 176920.6 ], [ 526436.599999999976717, 176977.9 ], [ 526442.699999999953434, 176980.4 ], [ 526451.5, 176983.1 ], [ 526460.5, 176985.0 ], [ 526468.199999999953434, 176985.799999999988358 ], [ 526488.400000000023283, 176986.5 ], [ 526495.699999999953434, 176986.299999999988358 ], [ 526506.199999999953434, 176984.9 ], [ 526526.0, 176979.4 ], [ 526527.800000000046566, 176977.799999999988358 ], [ 526528.699999999953434, 176975.200000000011642 ], [ 526506.300000000046566, 176803.9 ], [ 526503.199999999953434, 176779.799999999988358 ], [ 526499.099999999976717, 176759.1 ], [ 526485.199999999953434, 176673.299999999988358 ], [ 526482.5, 176656.799999999988358 ], [ 526476.5, 176658.700000000011642 ], [ 526472.0, 176653.5 ], [ 526476.300000000046566, 176648.1 ], [ 526478.5, 176643.700000000011642 ], [ 526479.800000000046566, 176636.6 ], [ 526460.300000000046566, 176540.6 ], [ 526453.699999999953434, 176502.1 ], [ 526444.199999999953434, 176461.700000000011642 ], [ 526421.800000000046566, 176384.5 ], [ 526389.300000000046566, 176288.799999999988358 ], [ 526347.099999999976717, 176168.9 ], [ 526313.5, 176077.1 ], [ 526275.900000000023283, 175986.0 ], [ 526265.0, 175963.299999999988358 ], [ 526261.300000000046566, 175952.9 ], [ 526255.900000000023283, 175941.6 ], [ 526249.699999999953434, 175930.299999999988358 ], [ 526204.099999999976717, 175860.299999999988358 ], [ 526182.199999999953434, 175831.0 ], [ 526145.199999999953434, 175786.4 ], [ 526108.599999999976717, 175749.9 ], [ 526076.300000000046566, 175723.299999999988358 ], [ 526031.400000000023283, 175700.799999999988358 ], [ 525930.300000000046566, 175649.6 ], [ 525910.599999999976717, 175638.0 ], [ 525896.800000000046566, 175631.0 ], [ 525881.800000000046566, 175624.299999999988358 ], [ 525810.900000000023283, 175589.6 ], [ 525798.099999999976717, 175582.9 ], [ 525792.099999999976717, 175580.6 ], [ 525779.5, 175577.4 ], [ 525769.099999999976717, 175576.299999999988358 ], [ 525591.300000000046566, 175534.5 ], [ 525571.699999999953434, 175532.0 ], [ 525561.800000000046566, 175531.700000000011642 ], [ 525530.199999999953434, 175530.6 ], [ 525453.199999999953434, 175534.0 ], [ 525330.800000000046566, 175540.6 ], [ 525323.400000000023283, 175569.0 ], [ 525314.400000000023283, 175567.0 ], [ 525309.400000000023283, 175565.6 ], [ 525308.900000000023283, 175559.0 ], [ 525306.400000000023283, 175557.4 ], [ 525304.400000000023283, 175547.0 ], [ 525265.599999999976717, 175547.4 ], [ 525244.800000000046566, 175542.1 ], [ 525230.800000000046566, 175540.0 ], [ 525218.599999999976717, 175538.9 ], [ 525206.400000000023283, 175538.9 ], [ 525194.699999999953434, 175539.5 ], [ 525188.300000000046566, 175540.1 ], [ 525173.300000000046566, 175543.4 ], [ 525152.699999999953434, 175539.4 ], [ 525142.599999999976717, 175538.799999999988358 ], [ 525130.800000000046566, 175538.9 ], [ 525122.099999999976717, 175539.700000000011642 ], [ 525115.199999999953434, 175540.799999999988358 ], [ 525066.400000000023283, 175552.0 ], [ 525030.599999999976717, 175557.799999999988358 ], [ 525012.800000000046566, 175563.200000000011642 ], [ 525005.199999999953434, 175563.700000000011642 ], [ 525000.099999999976717, 175562.5 ], [ 525000.0, 175562.5 ], [ 524967.400000000023283, 175568.9 ], [ 524891.0, 175598.200000000011642 ], [ 524844.199999999953434, 175612.4 ], [ 524804.599999999976717, 175628.1 ], [ 524746.0, 175655.0 ], [ 524732.099999999976717, 175662.4 ], [ 524720.0, 175667.9 ], [ 524707.800000000046566, 175673.0 ], [ 524697.099999999976717, 175676.700000000011642 ], [ 524597.800000000046566, 175704.799999999988358 ], [ 524518.099999999976717, 175728.5 ], [ 524518.400000000023283, 175735.200000000011642 ], [ 524479.300000000046566, 175746.9 ], [ 524473.800000000046566, 175736.9 ], [ 524403.0, 175758.5 ], [ 524382.199999999953434, 175768.1 ], [ 524392.400000000023283, 175784.1 ], [ 524385.400000000023283, 175791.9 ], [ 524400.5, 175817.4 ], [ 524393.800000000046566, 175824.4 ], [ 524393.099999999976717, 175824.799999999988358 ], [ 524367.900000000023283, 175797.5 ], [ 524376.5, 175790.700000000011642 ], [ 524363.5, 175777.9 ], [ 524243.400000000023283, 175842.200000000011642 ], [ 524135.200000000011642, 175902.6 ], [ 524047.400000000023283, 175953.0 ], [ 524020.700000000011642, 175970.200000000011642 ], [ 523994.700000000011642, 175990.299999999988358 ], [ 523962.799999999988358, 176019.1 ], [ 523946.0, 176035.799999999988358 ], [ 523929.5, 176053.299999999988358 ], [ 523881.599999999976717, 176113.5 ], [ 523874.5, 176122.4 ], [ 523800.099999999976717, 176215.799999999988358 ], [ 523804.799999999988358, 176221.6 ], [ 523796.0, 176229.700000000011642 ], [ 523789.799999999988358, 176227.799999999988358 ], [ 523705.599999999976717, 176334.700000000011642 ], [ 523585.799999999988358, 176489.4 ], [ 523588.799999999988358, 176492.0 ], [ 523564.599999999976717, 176531.5 ], [ 523557.400000000023283, 176544.1 ], [ 523532.799999999988358, 176603.9 ], [ 523524.0, 176631.6 ], [ 523528.099999999976717, 176636.799999999988358 ], [ 523517.900000000023283, 176648.6 ], [ 523480.599999999976717, 176784.200000000011642 ], [ 523479.299999999988358, 176790.299999999988358 ], [ 523475.799999999988358, 176806.700000000011642 ], [ 523465.599999999976717, 176857.9 ], [ 523458.5, 176902.9 ], [ 523452.799999999988358, 176947.700000000011642 ], [ 523438.5, 177159.700000000011642 ], [ 523417.799999999988358, 177356.9 ], [ 523418.5, 177361.700000000011642 ], [ 523419.599999999976717, 177364.0 ], [ 523421.200000000011642, 177366.1 ], [ 523423.900000000023283, 177368.200000000011642 ], [ 523428.799999999988358, 177370.299999999988358 ], [ 523443.5, 177379.299999999988358 ], [ 523437.700000000011642, 177394.4 ], [ 523428.700000000011642, 177396.0 ], [ 523414.799999999988358, 177436.200000000011642 ], [ 523414.099999999976717, 177438.6 ], [ 523396.5, 177497.0 ], [ 523395.099999999976717, 177501.5 ], [ 523391.400000000023283, 177530.0 ], [ 523385.099999999976717, 177549.299999999988358 ], [ 523344.400000000023283, 177639.799999999988358 ], [ 523300.0, 177731.799999999988358 ], [ 523216.0, 177892.700000000011642 ], [ 523219.599999999976717, 177897.6 ], [ 523187.799999999988358, 177951.4 ], [ 523185.599999999976717, 177950.700000000011642 ], [ 523172.400000000023283, 177973.299999999988358 ], [ 523167.200000000011642, 177972.799999999988358 ], [ 523155.299999999988358, 177988.799999999988358 ], [ 523084.700000000011642, 178094.299999999988358 ], [ 523082.099999999976717, 178101.299999999988358 ], [ 523080.299999999988358, 178110.200000000011642 ], [ 523080.099999999976717, 178116.799999999988358 ], [ 523081.599999999976717, 178137.799999999988358 ], [ 523077.400000000023283, 178139.5 ], [ 523068.5, 178134.9 ], [ 523042.700000000011642, 178149.200000000011642 ], [ 523032.099999999976717, 178165.1 ], [ 522935.5, 178200.200000000011642 ], [ 522925.299999999988358, 178204.700000000011642 ], [ 522912.5, 178211.200000000011642 ], [ 522764.599999999976717, 178298.6 ], [ 522757.599999999976717, 178295.1 ], [ 522693.900000000023283, 178309.200000000011642 ], [ 522676.900000000023283, 178308.9 ], [ 522676.0, 178308.9 ], [ 522634.0, 178303.0 ], [ 522631.0, 178311.5 ], [ 522615.700000000011642, 178308.9 ], [ 522609.0, 178303.700000000011642 ], [ 522605.599999999976717, 178302.700000000011642 ], [ 522602.200000000011642, 178303.4 ], [ 522599.599999999976717, 178305.1 ], [ 522590.200000000011642, 178307.6 ], [ 522566.799999999988358, 178305.799999999988358 ], [ 522562.0, 178303.0 ], [ 522558.400000000023283, 178301.799999999988358 ], [ 522554.799999999988358, 178301.0 ], [ 522551.200000000011642, 178301.0 ], [ 522546.099999999976717, 178301.799999999988358 ], [ 522532.200000000011642, 178307.799999999988358 ], [ 522462.900000000023283, 178300.4 ], [ 522409.0, 178294.6 ], [ 522408.5, 178289.0 ], [ 522348.0, 178281.299999999988358 ], [ 522307.0, 178270.4 ], [ 522302.599999999976717, 178275.299999999988358 ], [ 522250.0, 178262.799999999988358 ], [ 522247.5, 178256.200000000011642 ], [ 522230.900000000023283, 178252.4 ], [ 522225.5, 178254.799999999988358 ], [ 522205.0, 178246.6 ], [ 522184.5, 178238.1 ], [ 522145.700000000011642, 178219.1 ], [ 522076.0, 178187.0 ], [ 522065.599999999976717, 178170.5 ], [ 522061.799999999988358, 178165.5 ], [ 522054.599999999976717, 178158.0 ], [ 522038.5, 178145.799999999988358 ], [ 522039.400000000023283, 178142.1 ], [ 521975.799999999988358, 178100.0 ], [ 521967.700000000011642, 178096.799999999988358 ], [ 521961.400000000023283, 178098.0 ], [ 521903.200000000011642, 178055.799999999988358 ], [ 521792.0, 177959.299999999988358 ], [ 521793.400000000023283, 177955.0 ], [ 521776.200000000011642, 177936.6 ], [ 521761.799999999988358, 177939.200000000011642 ], [ 521757.099999999976717, 177934.1 ], [ 521736.400000000023283, 177911.299999999988358 ], [ 521718.700000000011642, 177891.9 ], [ 521723.200000000011642, 177887.0 ], [ 521660.0, 177798.799999999988358 ], [ 521645.5, 177787.6 ], [ 521650.5, 177784.200000000011642 ], [ 521635.200000000011642, 177761.799999999988358 ], [ 521630.0, 177763.4 ], [ 521624.799999999988358, 177756.6 ], [ 521624.5, 177755.700000000011642 ], [ 521640.0, 177742.799999999988358 ], [ 521614.099999999976717, 177690.200000000011642 ], [ 521595.299999999988358, 177644.4 ], [ 521562.700000000011642, 177544.200000000011642 ], [ 521552.5, 177505.5 ], [ 521533.0, 177413.4 ], [ 521527.299999999988358, 177413.5 ], [ 521514.5, 177335.0 ], [ 521511.799999999988358, 177277.6 ], [ 521511.299999999988358, 177234.200000000011642 ], [ 521515.799999999988358, 177233.299999999988358 ], [ 521517.5, 177222.1 ], [ 521510.799999999988358, 177218.799999999988358 ], [ 521525.5, 177112.299999999988358 ], [ 521535.400000000023283, 177003.799999999988358 ], [ 521536.700000000011642, 176964.9 ], [ 521535.099999999976717, 176926.0 ], [ 521533.700000000011642, 176908.5 ], [ 521533.0, 176901.6 ], [ 521520.5, 176829.299999999988358 ], [ 521498.700000000011642, 176743.700000000011642 ], [ 521472.900000000023283, 176651.0 ], [ 521460.200000000011642, 176609.5 ], [ 521422.5, 176519.799999999988358 ], [ 521392.0, 176451.1 ], [ 521383.0, 176443.0 ], [ 521340.400000000023283, 176362.799999999988358 ], [ 521339.299999999988358, 176353.6 ], [ 521312.200000000011642, 176325.0 ], [ 521302.400000000023283, 176332.9 ], [ 521280.5, 176311.0 ], [ 521282.099999999976717, 176305.6 ], [ 521282.400000000023283, 176303.0 ], [ 521281.799999999988358, 176297.6 ], [ 521280.299999999988358, 176293.200000000011642 ], [ 521277.599999999976717, 176289.0 ], [ 521176.299999999988358, 176220.4 ], [ 521137.400000000023283, 176202.299999999988358 ], [ 521092.200000000011642, 176183.4 ], [ 521072.200000000011642, 176175.6 ], [ 521032.099999999976717, 176161.6 ], [ 520996.400000000023283, 176152.1 ], [ 520973.400000000023283, 176147.200000000011642 ], [ 520954.599999999976717, 176143.9 ], [ 520937.900000000023283, 176141.799999999988358 ], [ 520909.299999999988358, 176139.4 ], [ 520828.700000000011642, 176137.299999999988358 ], [ 520780.5, 176139.9 ], [ 520689.299999999988358, 176154.299999999988358 ], [ 520627.200000000011642, 176166.299999999988358 ], [ 520604.099999999976717, 176172.6 ], [ 520590.900000000023283, 176177.200000000011642 ], [ 520577.799999999988358, 176182.299999999988358 ], [ 520555.700000000011642, 176192.700000000011642 ], [ 520495.0, 176228.299999999988358 ], [ 520428.299999999988358, 176274.0 ], [ 520378.299999999988358, 176311.6 ], [ 520345.099999999976717, 176343.0 ], [ 520345.0, 176346.5 ], [ 520330.5, 176361.4 ], [ 520320.599999999976717, 176363.0 ], [ 520308.700000000011642, 176375.4 ], [ 520302.099999999976717, 176382.299999999988358 ], [ 520292.799999999988358, 176395.700000000011642 ], [ 520247.5, 176438.0 ], [ 520202.700000000011642, 176490.4 ], [ 520197.099999999976717, 176501.9 ], [ 520167.5, 176546.1 ], [ 520162.5, 176543.6 ], [ 520158.200000000011642, 176549.9 ], [ 520154.0, 176556.5 ], [ 520160.900000000023283, 176567.6 ], [ 520152.799999999988358, 176575.6 ], [ 520140.900000000023283, 176566.6 ], [ 520124.299999999988358, 176586.5 ], [ 520095.299999999988358, 176635.6 ], [ 520040.900000000023283, 176721.1 ], [ 520000.099999999976717, 176810.1 ], [ 519983.099999999976717, 176844.700000000011642 ], [ 519977.099999999976717, 176866.299999999988358 ], [ 519972.200000000011642, 176873.299999999988358 ], [ 519953.900000000023283, 176941.799999999988358 ], [ 519940.599999999976717, 176983.0 ], [ 519925.099999999976717, 177026.4 ], [ 519880.299999999988358, 177141.5 ], [ 519844.599999999976717, 177238.6 ], [ 519847.299999999988358, 177247.700000000011642 ], [ 519825.400000000023283, 177298.1 ], [ 519819.0, 177302.799999999988358 ], [ 519798.099999999976717, 177343.5 ], [ 519741.799999999988358, 177443.6 ], [ 519742.099999999976717, 177450.200000000011642 ], [ 519730.0, 177467.6 ], [ 519717.200000000011642, 177475.299999999988358 ], [ 519712.799999999988358, 177483.5 ], [ 519699.099999999976717, 177502.200000000011642 ], [ 519660.400000000023283, 177548.0 ], [ 519609.900000000023283, 177591.0 ], [ 519565.400000000023283, 177635.1 ], [ 519504.0, 177693.0 ], [ 519436.700000000011642, 177749.0 ], [ 519423.200000000011642, 177758.700000000011642 ], [ 519411.700000000011642, 177766.0 ], [ 519399.799999999988358, 177772.9 ], [ 519390.200000000011642, 177777.799999999988358 ], [ 519375.299999999988358, 177784.6 ], [ 519270.700000000011642, 177835.9 ], [ 519257.900000000023283, 177841.200000000011642 ], [ 519219.700000000011642, 177855.700000000011642 ], [ 519187.299999999988358, 177866.0 ], [ 519134.299999999988358, 177879.4 ], [ 519069.299999999988358, 177900.6 ], [ 519067.599999999976717, 177910.1 ], [ 519031.900000000023283, 177923.9 ], [ 519018.200000000011642, 177933.700000000011642 ], [ 519018.0, 177912.1 ], [ 519017.299999999988358, 177912.0 ], [ 519010.0, 177913.4 ], [ 518999.599999999976717, 177916.200000000011642 ], [ 518985.900000000023283, 177920.0 ], [ 518936.400000000023283, 177922.1 ], [ 518915.0, 177920.700000000011642 ], [ 518893.5, 177919.0 ], [ 518842.799999999988358, 177909.9 ], [ 518802.599999999976717, 177903.9 ], [ 518728.400000000023283, 177899.9 ], [ 518708.0, 177897.200000000011642 ], [ 518688.200000000011642, 177894.5 ], [ 518648.799999999988358, 177884.5 ], [ 518633.299999999988358, 177882.299999999988358 ], [ 518552.0, 177842.1 ], [ 518515.299999999988358, 177824.0 ], [ 518444.400000000023283, 177785.200000000011642 ], [ 518386.0, 177745.1 ], [ 518253.400000000023283, 177659.9 ], [ 518206.299999999988358, 177627.5 ], [ 518177.200000000011642, 177597.9 ], [ 518147.5, 177547.299999999988358 ], [ 518123.799999999988358, 177512.700000000011642 ], [ 518107.200000000011642, 177480.6 ], [ 518112.900000000023283, 177473.0 ], [ 518130.900000000023283, 177500.700000000011642 ], [ 518139.299999999988358, 177502.6 ], [ 518168.900000000023283, 177437.0 ], [ 518159.900000000023283, 177432.200000000011642 ], [ 518163.700000000011642, 177414.5 ], [ 518156.200000000011642, 177407.299999999988358 ], [ 518155.5, 177407.1 ], [ 518102.599999999976717, 177462.1 ], [ 518072.700000000011642, 177444.200000000011642 ], [ 518057.599999999976717, 177432.799999999988358 ], [ 518065.799999999988358, 177421.6 ], [ 518090.200000000011642, 177438.1 ], [ 518104.299999999988358, 177440.1 ], [ 518129.599999999976717, 177413.1 ], [ 518125.299999999988358, 177397.4 ], [ 518050.099999999976717, 177370.799999999988358 ], [ 518045.799999999988358, 177374.0 ], [ 517904.400000000023283, 177325.5 ], [ 517868.299999999988358, 177314.9 ], [ 517846.799999999988358, 177301.0 ], [ 517853.5, 177280.799999999988358 ], [ 517855.0, 177280.799999999988358 ], [ 517868.900000000023283, 177283.200000000011642 ], [ 517911.200000000011642, 177293.9 ], [ 517989.700000000011642, 177319.1 ], [ 518103.200000000011642, 177357.200000000011642 ], [ 518109.700000000011642, 177357.6 ], [ 518113.900000000023283, 177357.299999999988358 ], [ 518118.200000000011642, 177356.1 ], [ 518122.799999999988358, 177354.0 ], [ 518126.700000000011642, 177351.700000000011642 ], [ 518130.200000000011642, 177348.799999999988358 ], [ 518133.599999999976717, 177345.0 ], [ 518135.0, 177342.799999999988358 ], [ 518120.900000000023283, 177304.799999999988358 ], [ 518107.0, 177278.700000000011642 ], [ 518105.299999999988358, 177274.1 ], [ 518103.200000000011642, 177271.200000000011642 ], [ 518098.5, 177267.4 ], [ 518083.299999999988358, 177261.6 ], [ 518083.299999999988358, 177253.1 ], [ 518090.099999999976717, 177250.5 ], [ 518091.200000000011642, 177249.5 ], [ 518091.799999999988358, 177248.299999999988358 ], [ 518091.299999999988358, 177245.5 ], [ 518087.799999999988358, 177241.5 ], [ 518046.599999999976717, 177188.0 ], [ 518025.200000000011642, 177165.0 ], [ 517956.700000000011642, 177093.9 ], [ 517902.200000000011642, 177025.200000000011642 ], [ 517891.299999999988358, 177028.5 ], [ 517889.299999999988358, 177028.1 ], [ 517887.799999999988358, 177027.299999999988358 ], [ 517889.700000000011642, 177020.5 ], [ 517883.5, 177015.200000000011642 ], [ 517875.400000000023283, 177018.4 ], [ 517871.900000000023283, 177017.700000000011642 ], [ 517870.0, 177015.9 ], [ 517869.099999999976717, 177013.799999999988358 ], [ 517869.0, 177012.200000000011642 ], [ 517869.5, 177010.4 ], [ 517873.900000000023283, 177003.4 ], [ 517866.299999999988358, 176993.6 ], [ 517862.700000000011642, 176991.799999999988358 ], [ 517860.0, 176992.799999999988358 ], [ 517851.700000000011642, 177006.0 ], [ 517838.700000000011642, 177014.799999999988358 ], [ 517838.5, 177007.700000000011642 ], [ 517849.0, 176992.799999999988358 ], [ 517849.400000000023283, 176991.299999999988358 ], [ 517849.299999999988358, 176989.5 ], [ 517848.299999999988358, 176987.4 ], [ 517847.200000000011642, 176986.4 ], [ 517840.200000000011642, 176983.299999999988358 ], [ 517843.599999999976717, 176974.200000000011642 ], [ 517837.700000000011642, 176970.200000000011642 ], [ 517836.700000000011642, 176969.0 ], [ 517839.0, 176957.4 ], [ 517834.299999999988358, 176949.6 ], [ 517839.5, 176946.0 ], [ 517839.0, 176939.6 ], [ 517823.700000000011642, 176911.799999999988358 ], [ 517810.0, 176881.200000000011642 ], [ 517804.5, 176873.9 ], [ 517804.0, 176869.700000000011642 ], [ 517802.5, 176867.0 ], [ 517800.5, 176864.1 ], [ 517792.0, 176856.0 ], [ 517789.299999999988358, 176845.0 ], [ 517784.599999999976717, 176840.799999999988358 ], [ 517767.900000000023283, 176846.4 ], [ 517763.299999999988358, 176846.1 ], [ 517765.700000000011642, 176837.9 ], [ 517777.200000000011642, 176827.700000000011642 ], [ 517772.599999999976717, 176812.200000000011642 ], [ 517766.400000000023283, 176807.299999999988358 ], [ 517765.799999999988358, 176806.200000000011642 ], [ 517765.5, 176805.1 ], [ 517767.700000000011642, 176798.5 ], [ 517759.299999999988358, 176778.1 ], [ 517750.0, 176775.200000000011642 ], [ 517748.900000000023283, 176772.6 ], [ 517748.400000000023283, 176770.0 ], [ 517753.299999999988358, 176766.799999999988358 ], [ 517737.799999999988358, 176724.0 ], [ 517735.599999999976717, 176714.299999999988358 ], [ 517723.299999999988358, 176699.6 ], [ 517717.799999999988358, 176696.0 ], [ 517720.200000000011642, 176692.9 ], [ 517720.200000000011642, 176689.5 ], [ 517719.099999999976717, 176688.200000000011642 ], [ 517710.799999999988358, 176683.6 ], [ 517710.700000000011642, 176673.799999999988358 ], [ 517705.700000000011642, 176662.799999999988358 ], [ 517674.400000000023283, 176613.6 ], [ 517666.400000000023283, 176605.0 ], [ 517660.0, 176600.299999999988358 ], [ 517645.200000000011642, 176592.9 ], [ 517643.299999999988358, 176587.200000000011642 ], [ 517641.5, 176585.6 ], [ 517633.900000000023283, 176582.299999999988358 ], [ 517633.0, 176575.200000000011642 ], [ 517632.0, 176572.6 ], [ 517630.299999999988358, 176570.200000000011642 ], [ 517625.700000000011642, 176567.4 ], [ 517615.400000000023283, 176566.9 ], [ 517613.700000000011642, 176559.700000000011642 ], [ 517608.5, 176552.700000000011642 ], [ 517606.700000000011642, 176551.299999999988358 ], [ 517603.900000000023283, 176550.200000000011642 ], [ 517599.099999999976717, 176549.4 ], [ 517596.099999999976717, 176549.5 ], [ 517590.700000000011642, 176550.799999999988358 ], [ 517587.900000000023283, 176550.299999999988358 ], [ 517585.900000000023283, 176544.1 ], [ 517571.299999999988358, 176524.299999999988358 ], [ 517568.700000000011642, 176522.6 ], [ 517557.700000000011642, 176521.1 ], [ 517557.0, 176518.5 ], [ 517556.299999999988358, 176511.1 ], [ 517554.400000000023283, 176508.299999999988358 ], [ 517546.799999999988358, 176503.5 ], [ 517539.799999999988358, 176501.299999999988358 ], [ 517537.900000000023283, 176499.9 ], [ 517528.799999999988358, 176487.4 ], [ 517520.900000000023283, 176485.1 ], [ 517511.5, 176471.5 ], [ 517504.5, 176466.6 ], [ 517500.0, 176465.0 ], [ 517498.799999999988358, 176464.5 ], [ 517497.299999999988358, 176462.1 ], [ 517494.700000000011642, 176455.9 ], [ 517493.299999999988358, 176454.5 ], [ 517491.599999999976717, 176453.799999999988358 ], [ 517480.099999999976717, 176453.700000000011642 ], [ 517477.099999999976717, 176445.1 ], [ 517474.200000000011642, 176441.5 ], [ 517472.299999999988358, 176440.0 ], [ 517461.299999999988358, 176436.799999999988358 ], [ 517456.5, 176432.700000000011642 ], [ 517448.299999999988358, 176431.700000000011642 ], [ 517445.0, 176421.5 ], [ 517440.700000000011642, 176416.799999999988358 ], [ 517430.799999999988358, 176408.0 ], [ 517425.599999999976717, 176404.1 ], [ 517416.900000000023283, 176405.200000000011642 ], [ 517414.099999999976717, 176395.5 ], [ 517412.400000000023283, 176393.700000000011642 ], [ 517410.299999999988358, 176392.6 ], [ 517406.700000000011642, 176392.1 ], [ 517399.099999999976717, 176393.299999999988358 ], [ 517396.900000000023283, 176385.5 ], [ 517383.5, 176373.9 ], [ 517378.799999999988358, 176373.0 ], [ 517373.799999999988358, 176373.5 ], [ 517366.599999999976717, 176370.1 ], [ 517367.799999999988358, 176366.0 ], [ 517367.599999999976717, 176364.6 ], [ 517366.299999999988358, 176362.5 ], [ 517364.700000000011642, 176361.299999999988358 ], [ 517361.599999999976717, 176360.799999999988358 ], [ 517351.700000000011642, 176363.5 ], [ 517350.799999999988358, 176363.299999999988358 ], [ 517349.599999999976717, 176361.6 ], [ 517351.900000000023283, 176351.6 ], [ 517350.5, 176349.200000000011642 ], [ 517348.5, 176346.9 ], [ 517339.099999999976717, 176340.5 ], [ 517337.299999999988358, 176340.4 ], [ 517329.599999999976717, 176342.200000000011642 ], [ 517327.900000000023283, 176340.299999999988358 ], [ 517326.099999999976717, 176331.200000000011642 ], [ 517311.799999999988358, 176323.6 ], [ 517297.299999999988358, 176323.700000000011642 ], [ 517293.799999999988358, 176318.5 ], [ 517291.0, 176315.200000000011642 ], [ 517287.700000000011642, 176312.4 ], [ 517283.099999999976717, 176310.0 ], [ 517275.299999999988358, 176307.9 ], [ 517268.200000000011642, 176302.9 ], [ 517229.299999999988358, 176282.299999999988358 ], [ 517222.700000000011642, 176277.5 ], [ 517220.200000000011642, 176277.1 ], [ 517212.200000000011642, 176277.5 ], [ 517212.099999999976717, 176270.6 ], [ 517211.299999999988358, 176268.799999999988358 ], [ 517209.700000000011642, 176266.799999999988358 ], [ 517207.599999999976717, 176265.6 ], [ 517205.099999999976717, 176265.4 ], [ 517202.900000000023283, 176265.9 ], [ 517199.299999999988358, 176268.4 ], [ 517197.099999999976717, 176269.1 ], [ 517196.200000000011642, 176269.0 ], [ 517195.099999999976717, 176264.0 ], [ 517194.299999999988358, 176262.0 ], [ 517192.700000000011642, 176260.200000000011642 ], [ 517190.0, 176258.799999999988358 ], [ 517181.099999999976717, 176257.9 ], [ 517178.599999999976717, 176253.799999999988358 ], [ 517171.799999999988358, 176250.9 ], [ 517166.5, 176252.0 ], [ 517163.299999999988358, 176240.799999999988358 ], [ 517089.099999999976717, 176200.700000000011642 ], [ 517076.200000000011642, 176196.299999999988358 ], [ 517060.700000000011642, 176183.0 ], [ 517051.400000000023283, 176180.0 ], [ 517045.5, 176179.5 ], [ 517038.799999999988358, 176173.4 ], [ 516998.200000000011642, 176151.0 ], [ 516991.700000000011642, 176148.0 ], [ 516987.5, 176145.200000000011642 ], [ 516982.0, 176139.799999999988358 ], [ 516971.5, 176132.4 ], [ 516940.0, 176117.799999999988358 ], [ 516870.700000000011642, 176082.6 ], [ 516866.0, 176075.9 ], [ 516855.900000000023283, 176073.0 ], [ 516844.299999999988358, 176067.6 ], [ 516798.0, 176046.0 ], [ 516784.400000000023283, 176046.1 ], [ 516768.799999999988358, 176043.700000000011642 ], [ 516762.599999999976717, 176030.5 ], [ 516733.900000000023283, 176017.1 ], [ 516725.200000000011642, 176009.4 ], [ 516696.599999999976717, 175972.5 ], [ 516692.799999999988358, 175965.9 ], [ 516680.700000000011642, 175951.799999999988358 ], [ 516641.599999999976717, 175961.200000000011642 ], [ 516636.200000000011642, 175950.200000000011642 ], [ 516636.0, 175949.200000000011642 ], [ 516675.5, 175942.6 ], [ 516646.0, 175824.0 ], [ 516639.900000000023283, 175818.9 ], [ 516636.400000000023283, 175796.9 ], [ 516626.200000000011642, 175794.6 ], [ 516623.299999999988358, 175778.0 ], [ 516631.400000000023283, 175776.799999999988358 ], [ 516637.5, 175721.4 ], [ 516637.700000000011642, 175719.1 ], [ 516641.400000000023283, 175717.9 ], [ 516656.799999999988358, 175668.6 ], [ 516660.900000000023283, 175667.4 ], [ 516658.0, 175619.200000000011642 ], [ 516657.099999999976717, 175476.5 ], [ 516663.900000000023283, 175443.200000000011642 ], [ 516677.5, 175383.799999999988358 ], [ 516678.599999999976717, 175378.9 ], [ 516690.200000000011642, 175349.299999999988358 ], [ 516699.299999999988358, 175328.700000000011642 ], [ 516709.599999999976717, 175307.700000000011642 ], [ 516722.0, 175285.0 ], [ 516736.200000000011642, 175261.4 ], [ 516749.299999999988358, 175241.0 ], [ 516763.200000000011642, 175221.1 ], [ 516779.700000000011642, 175199.1 ], [ 516788.400000000023283, 175188.0 ], [ 516846.900000000023283, 175120.0 ], [ 516871.799999999988358, 175092.4 ], [ 516899.0, 175062.1 ], [ 516948.299999999988358, 175011.700000000011642 ], [ 516955.5, 175013.700000000011642 ], [ 516969.0, 175000.0 ], [ 516969.099999999976717, 175000.0 ], [ 516975.0, 174993.9 ], [ 516972.700000000011642, 174987.700000000011642 ], [ 516975.599999999976717, 174984.1 ], [ 517049.099999999976717, 174922.5 ], [ 517076.599999999976717, 174897.0 ], [ 517084.5, 174889.6 ], [ 517169.599999999976717, 174814.4 ], [ 517193.400000000023283, 174796.299999999988358 ], [ 517223.700000000011642, 174770.5 ], [ 517231.200000000011642, 174766.4 ], [ 517243.700000000011642, 174759.700000000011642 ], [ 517257.0, 174749.299999999988358 ], [ 517312.5, 174714.200000000011642 ], [ 517313.299999999988358, 174704.700000000011642 ], [ 517315.599999999976717, 174698.1 ], [ 517325.5, 174707.700000000011642 ], [ 517326.299999999988358, 174707.6 ], [ 517345.700000000011642, 174698.6 ], [ 517373.700000000011642, 174682.5 ], [ 517409.099999999976717, 174664.9 ], [ 517402.599999999976717, 174653.799999999988358 ], [ 517410.299999999988358, 174648.5 ], [ 517411.599999999976717, 174648.0 ], [ 517426.0, 174655.700000000011642 ], [ 517445.900000000023283, 174641.700000000011642 ], [ 517442.099999999976717, 174634.1 ], [ 517448.599999999976717, 174624.0 ], [ 517460.299999999988358, 174632.6 ], [ 517498.0, 174604.200000000011642 ], [ 517509.5, 174588.799999999988358 ], [ 517524.200000000011642, 174573.4 ], [ 517546.0, 174558.4 ], [ 517592.799999999988358, 174524.9 ], [ 517609.0, 174517.9 ], [ 517626.0, 174518.5 ], [ 517656.799999999988358, 174505.5 ], [ 517677.700000000011642, 174494.200000000011642 ], [ 517696.0, 174482.200000000011642 ], [ 517697.0, 174481.1 ], [ 517653.0, 174440.200000000011642 ], [ 517656.799999999988358, 174434.6 ], [ 517657.299999999988358, 174434.4 ], [ 517708.5, 174473.1 ], [ 517727.099999999976717, 174458.700000000011642 ], [ 517738.700000000011642, 174448.0 ], [ 517750.700000000011642, 174439.1 ], [ 517766.200000000011642, 174417.200000000011642 ], [ 517774.400000000023283, 174407.9 ], [ 517800.099999999976717, 174381.299999999988358 ], [ 517826.0, 174346.6 ], [ 517834.400000000023283, 174334.6 ], [ 517865.5, 174277.9 ], [ 517892.799999999988358, 174220.700000000011642 ], [ 517925.200000000011642, 174144.0 ], [ 517935.299999999988358, 174115.799999999988358 ], [ 517949.700000000011642, 174065.700000000011642 ], [ 517954.0, 174048.799999999988358 ], [ 517955.900000000023283, 174030.5 ], [ 517954.299999999988358, 174013.0 ], [ 517952.700000000011642, 173984.200000000011642 ], [ 517951.200000000011642, 173972.9 ], [ 517944.099999999976717, 173930.700000000011642 ], [ 517936.900000000023283, 173905.299999999988358 ], [ 517923.900000000023283, 173877.700000000011642 ], [ 517889.5, 173826.700000000011642 ], [ 517875.200000000011642, 173807.5 ], [ 517841.5, 173755.1 ], [ 517826.5, 173736.9 ], [ 517818.099999999976717, 173730.299999999988358 ], [ 517806.599999999976717, 173721.200000000011642 ], [ 517786.799999999988358, 173708.0 ], [ 517764.599999999976717, 173688.5 ], [ 517731.700000000011642, 173649.9 ], [ 517709.599999999976717, 173629.299999999988358 ], [ 517685.400000000023283, 173609.6 ], [ 517630.5, 173560.200000000011642 ], [ 517605.700000000011642, 173536.1 ], [ 517582.0, 173520.9 ], [ 517544.200000000011642, 173501.299999999988358 ], [ 517515.599999999976717, 173488.799999999988358 ], [ 517460.5, 173458.9 ], [ 517426.200000000011642, 173439.6 ], [ 517408.799999999988358, 173432.0 ], [ 517357.5, 173411.4 ], [ 517324.400000000023283, 173397.0 ], [ 517308.700000000011642, 173391.0 ], [ 517251.0, 173370.6 ], [ 517206.799999999988358, 173358.4 ], [ 517176.099999999976717, 173348.799999999988358 ], [ 517170.700000000011642, 173344.5 ], [ 517151.200000000011642, 173337.1 ], [ 517137.599999999976717, 173333.700000000011642 ], [ 517137.200000000011642, 173329.6 ], [ 517140.900000000023283, 173315.700000000011642 ], [ 517136.200000000011642, 173308.700000000011642 ], [ 517118.099999999976717, 173303.299999999988358 ], [ 517087.700000000011642, 173298.200000000011642 ], [ 517052.599999999976717, 173290.4 ], [ 517009.799999999988358, 173283.9 ], [ 516995.799999999988358, 173282.4 ], [ 516968.200000000011642, 173281.4 ], [ 516895.5, 173281.299999999988358 ], [ 516883.200000000011642, 173281.9 ], [ 516859.200000000011642, 173285.1 ], [ 516829.700000000011642, 173285.5 ], [ 516805.700000000011642, 173292.299999999988358 ], [ 516800.599999999976717, 173314.6 ], [ 516791.799999999988358, 173314.5 ], [ 516793.299999999988358, 173295.200000000011642 ], [ 516779.5, 173298.0 ], [ 516775.400000000023283, 173313.0 ], [ 516742.200000000011642, 173317.700000000011642 ], [ 516740.299999999988358, 173308.6 ], [ 516740.200000000011642, 173308.5 ], [ 516730.700000000011642, 173307.799999999988358 ], [ 516711.5, 173308.799999999988358 ], [ 516674.799999999988358, 173304.4 ], [ 516639.799999999988358, 173298.299999999988358 ], [ 516592.0, 173290.700000000011642 ], [ 516577.0, 173287.799999999988358 ], [ 516531.200000000011642, 173278.0 ], [ 516504.5, 173271.0 ], [ 516497.400000000023283, 173277.4 ], [ 516491.900000000023283, 173279.700000000011642 ], [ 516492.700000000011642, 173259.9 ], [ 516487.0, 173252.5 ], [ 516451.799999999988358, 173235.6 ], [ 516430.799999999988358, 173227.4 ], [ 516399.799999999988358, 173203.5 ], [ 516381.099999999976717, 173187.9 ], [ 516373.700000000011642, 173194.9 ], [ 516352.900000000023283, 173176.200000000011642 ], [ 516356.099999999976717, 173169.1 ], [ 516354.5, 173166.5 ], [ 516352.400000000023283, 173163.700000000011642 ], [ 516320.900000000023283, 173129.6 ], [ 516299.5, 173104.299999999988358 ], [ 516283.299999999988358, 173080.799999999988358 ], [ 516275.0, 173068.200000000011642 ], [ 516218.200000000011642, 172988.299999999988358 ], [ 516200.700000000011642, 172959.0 ], [ 516181.5, 172933.799999999988358 ], [ 516170.700000000011642, 172917.9 ], [ 516160.0, 172901.9 ], [ 516142.599999999976717, 172872.9 ], [ 516136.400000000023283, 172872.200000000011642 ], [ 516131.799999999988358, 172866.799999999988358 ], [ 516138.400000000023283, 172862.1 ], [ 516123.900000000023283, 172834.700000000011642 ], [ 516114.0, 172807.1 ], [ 516110.5, 172799.4 ], [ 516106.900000000023283, 172791.700000000011642 ], [ 516067.5, 172717.700000000011642 ], [ 516067.299999999988358, 172717.299999999988358 ], [ 516050.599999999976717, 172689.700000000011642 ], [ 516052.400000000023283, 172682.1 ], [ 516058.099999999976717, 172663.6 ], [ 516060.799999999988358, 172648.200000000011642 ], [ 516065.299999999988358, 172629.9 ], [ 516063.700000000011642, 172618.4 ], [ 516065.400000000023283, 172607.799999999988358 ], [ 516067.400000000023283, 172596.799999999988358 ], [ 516073.700000000011642, 172572.700000000011642 ], [ 516079.099999999976717, 172543.0 ], [ 516084.0, 172521.9 ], [ 516080.299999999988358, 172511.1 ], [ 516076.5, 172503.5 ], [ 516072.400000000023283, 172496.0 ], [ 516063.5, 172483.6 ], [ 516056.799999999988358, 172471.0 ], [ 516056.599999999976717, 172455.9 ], [ 516040.5, 172452.700000000011642 ], [ 516040.200000000011642, 172451.799999999988358 ], [ 516040.799999999988358, 172444.6 ], [ 516055.0, 172445.0 ], [ 516076.5, 172427.5 ], [ 516100.799999999988358, 172405.5 ], [ 516108.5, 172398.0 ], [ 516122.599999999976717, 172376.700000000011642 ], [ 516139.900000000023283, 172358.6 ], [ 516146.200000000011642, 172349.700000000011642 ], [ 516152.0, 172341.1 ], [ 516153.599999999976717, 172331.5 ], [ 516163.299999999988358, 172330.1 ], [ 516176.5, 172299.700000000011642 ], [ 516171.900000000023283, 172297.700000000011642 ], [ 516173.799999999988358, 172288.200000000011642 ], [ 516177.0, 172286.4 ], [ 516191.099999999976717, 172265.4 ], [ 516205.900000000023283, 172237.9 ], [ 516209.099999999976717, 172235.5 ], [ 516223.700000000011642, 172210.9 ], [ 516235.799999999988358, 172187.0 ], [ 516242.5, 172168.1 ], [ 516244.700000000011642, 172156.6 ], [ 516240.599999999976717, 172149.0 ], [ 516220.099999999976717, 172144.0 ], [ 516221.700000000011642, 172130.5 ], [ 516245.299999999988358, 172136.4 ], [ 516247.0, 172134.299999999988358 ], [ 516250.400000000023283, 172132.9 ], [ 516254.299999999988358, 172123.5 ], [ 516256.099999999976717, 172116.9 ], [ 516262.799999999988358, 172082.200000000011642 ], [ 516266.799999999988358, 172059.299999999988358 ], [ 516268.299999999988358, 172047.799999999988358 ], [ 516270.099999999976717, 172020.1 ], [ 516281.799999999988358, 171911.0 ], [ 516288.0, 171870.799999999988358 ], [ 516288.400000000023283, 171869.9 ], [ 516294.599999999976717, 171854.799999999988358 ], [ 516312.700000000011642, 171819.299999999988358 ], [ 516354.599999999976717, 171748.1 ], [ 516385.200000000011642, 171705.200000000011642 ], [ 516411.5, 171670.299999999988358 ], [ 516427.0, 171647.5 ], [ 516449.099999999976717, 171625.0 ], [ 516433.900000000023283, 171611.299999999988358 ], [ 516434.400000000023283, 171610.299999999988358 ], [ 516440.700000000011642, 171603.0 ], [ 516459.0, 171616.5 ], [ 516488.200000000011642, 171590.700000000011642 ], [ 516468.599999999976717, 171559.299999999988358 ], [ 516469.299999999988358, 171558.5 ], [ 516479.0, 171552.299999999988358 ], [ 516500.099999999976717, 171577.0 ], [ 516501.200000000011642, 171576.4 ], [ 516549.0, 171541.200000000011642 ], [ 516557.099999999976717, 171538.4 ], [ 516583.599999999976717, 171525.9 ], [ 516602.099999999976717, 171512.5 ], [ 516624.5, 171502.1 ], [ 516619.700000000011642, 171489.4 ], [ 516623.700000000011642, 171483.9 ], [ 516634.799999999988358, 171492.6 ], [ 516641.299999999988358, 171488.1 ], [ 516661.5, 171478.1 ], [ 516671.799999999988358, 171468.5 ], [ 516679.099999999976717, 171467.299999999988358 ], [ 516695.900000000023283, 171456.4 ], [ 516689.200000000011642, 171444.9 ], [ 516699.700000000011642, 171438.6 ], [ 516714.200000000011642, 171432.700000000011642 ], [ 516729.0, 171425.4 ], [ 516736.700000000011642, 171419.700000000011642 ], [ 516743.900000000023283, 171416.1 ], [ 516751.700000000011642, 171423.6 ], [ 516755.299999999988358, 171423.4 ], [ 516764.099999999976717, 171421.5 ], [ 516780.700000000011642, 171416.6 ], [ 516803.700000000011642, 171408.9 ], [ 516830.900000000023283, 171398.9 ], [ 516854.299999999988358, 171392.4 ], [ 516892.400000000023283, 171382.6 ], [ 516946.400000000023283, 171368.6 ], [ 516990.200000000011642, 171351.700000000011642 ], [ 517002.900000000023283, 171373.6 ], [ 517010.599999999976717, 171390.799999999988358 ], [ 517007.900000000023283, 171393.0 ], [ 516996.299999999988358, 171402.5 ], [ 516974.0, 171425.6 ], [ 516969.299999999988358, 171422.6 ], [ 516957.799999999988358, 171434.9 ], [ 516953.0, 171439.5 ], [ 516938.299999999988358, 171449.6 ], [ 516928.400000000023283, 171453.5 ], [ 516917.900000000023283, 171457.299999999988358 ], [ 516887.700000000011642, 171466.200000000011642 ], [ 516850.099999999976717, 171481.9 ], [ 516843.799999999988358, 171479.4 ], [ 516825.400000000023283, 171470.799999999988358 ], [ 516814.799999999988358, 171471.700000000011642 ], [ 516816.099999999976717, 171477.700000000011642 ], [ 516802.5, 171481.5 ], [ 516789.799999999988358, 171486.299999999988358 ], [ 516763.200000000011642, 171498.299999999988358 ], [ 516750.5, 171504.9 ], [ 516731.799999999988358, 171502.5 ], [ 516703.200000000011642, 171519.5 ], [ 516672.700000000011642, 171534.700000000011642 ], [ 516663.900000000023283, 171541.700000000011642 ], [ 516652.299999999988358, 171552.700000000011642 ], [ 516644.700000000011642, 171557.1 ], [ 516635.799999999988358, 171565.799999999988358 ], [ 516625.400000000023283, 171570.799999999988358 ], [ 516609.700000000011642, 171576.200000000011642 ], [ 516592.099999999976717, 171586.799999999988358 ], [ 516589.0, 171591.5 ], [ 516589.599999999976717, 171594.1 ], [ 516590.799999999988358, 171596.5 ], [ 516597.700000000011642, 171598.799999999988358 ], [ 516598.5, 171604.700000000011642 ], [ 516584.400000000023283, 171615.700000000011642 ], [ 516538.400000000023283, 171648.0 ], [ 516516.400000000023283, 171665.700000000011642 ], [ 516494.700000000011642, 171681.799999999988358 ], [ 516479.200000000011642, 171694.9 ], [ 516474.900000000023283, 171703.799999999988358 ], [ 516479.799999999988358, 171709.4 ], [ 516486.900000000023283, 171710.9 ], [ 516493.900000000023283, 171709.700000000011642 ], [ 516494.0, 171715.700000000011642 ], [ 516491.5, 171721.6 ], [ 516484.099999999976717, 171729.299999999988358 ], [ 516468.099999999976717, 171741.200000000011642 ], [ 516431.400000000023283, 171774.1 ], [ 516404.799999999988358, 171802.1 ], [ 516395.900000000023283, 171814.200000000011642 ], [ 516388.599999999976717, 171827.4 ], [ 516383.5, 171843.0 ], [ 516379.400000000023283, 171850.200000000011642 ], [ 516365.5, 171871.9 ], [ 516352.200000000011642, 171907.1 ], [ 516345.200000000011642, 171930.6 ], [ 516344.799999999988358, 171953.9 ], [ 516342.200000000011642, 171969.299999999988358 ], [ 516339.099999999976717, 171976.4 ], [ 516340.299999999988358, 171984.9 ], [ 516340.599999999976717, 171998.5 ], [ 516337.900000000023283, 172009.799999999988358 ], [ 516338.0, 172020.799999999988358 ], [ 516334.799999999988358, 172040.5 ], [ 516338.900000000023283, 172071.4 ], [ 516334.0, 172081.4 ], [ 516333.0, 172092.299999999988358 ], [ 516337.200000000011642, 172094.9 ], [ 516332.200000000011642, 172106.200000000011642 ], [ 516328.299999999988358, 172122.0 ], [ 516320.099999999976717, 172143.0 ], [ 516314.099999999976717, 172165.200000000011642 ], [ 516309.599999999976717, 172171.9 ], [ 516309.299999999988358, 172177.6 ], [ 516308.599999999976717, 172180.0 ], [ 516294.0, 172223.1 ], [ 516273.599999999976717, 172264.9 ], [ 516256.799999999988358, 172301.9 ], [ 516248.5, 172308.0 ], [ 516246.299999999988358, 172311.6 ], [ 516238.0, 172330.4 ], [ 516277.799999999988358, 172316.4 ], [ 516276.099999999976717, 172325.200000000011642 ], [ 516275.5, 172326.5 ], [ 516260.900000000023283, 172333.0 ], [ 516248.700000000011642, 172339.4 ], [ 516237.0, 172343.4 ], [ 516227.5, 172350.700000000011642 ], [ 516224.799999999988358, 172355.0 ], [ 516222.5, 172359.6 ], [ 516218.799999999988358, 172373.6 ], [ 516202.0, 172412.6 ], [ 516192.099999999976717, 172431.6 ], [ 516197.5, 172436.4 ], [ 516188.099999999976717, 172462.299999999988358 ], [ 516178.799999999988358, 172460.299999999988358 ], [ 516175.400000000023283, 172467.0 ], [ 516164.200000000011642, 172499.299999999988358 ], [ 516152.099999999976717, 172551.200000000011642 ], [ 516146.599999999976717, 172627.5 ], [ 516149.200000000011642, 172679.4 ], [ 516162.5, 172732.9 ], [ 516177.0, 172771.4 ], [ 516182.200000000011642, 172783.6 ], [ 516187.700000000011642, 172794.6 ], [ 516193.400000000023283, 172805.5 ], [ 516201.200000000011642, 172817.5 ], [ 516216.299999999988358, 172839.700000000011642 ], [ 516223.799999999988358, 172849.700000000011642 ], [ 516241.200000000011642, 172869.6 ], [ 516261.099999999976717, 172888.299999999988358 ], [ 516272.099999999976717, 172897.1 ], [ 516325.400000000023283, 172937.5 ], [ 516337.5, 172946.1 ], [ 516350.099999999976717, 172954.700000000011642 ], [ 516364.0, 172963.4 ], [ 516410.200000000011642, 172990.200000000011642 ], [ 516445.200000000011642, 173008.200000000011642 ], [ 516509.700000000011642, 173036.5 ], [ 516551.299999999988358, 173058.0 ], [ 516567.200000000011642, 173066.4 ], [ 516598.900000000023283, 173084.4 ], [ 516632.099999999976717, 173101.700000000011642 ], [ 516703.0, 173142.299999999988358 ], [ 516716.799999999988358, 173149.799999999988358 ], [ 516731.900000000023283, 173156.799999999988358 ], [ 516747.400000000023283, 173163.5 ], [ 516779.299999999988358, 173174.5 ], [ 516794.799999999988358, 173179.0 ], [ 516838.099999999976717, 173190.0 ], [ 516862.400000000023283, 173191.6 ], [ 516919.799999999988358, 173187.6 ], [ 516954.5, 173187.5 ], [ 516969.5, 173188.700000000011642 ], [ 516987.700000000011642, 173190.299999999988358 ], [ 517058.200000000011642, 173202.799999999988358 ], [ 517251.599999999976717, 173263.1 ], [ 517283.900000000023283, 173275.0 ], [ 517389.099999999976717, 173317.1 ], [ 517426.700000000011642, 173329.299999999988358 ], [ 517502.099999999976717, 173360.700000000011642 ], [ 517536.700000000011642, 173372.9 ], [ 517595.0, 173397.200000000011642 ], [ 517623.900000000023283, 173412.700000000011642 ], [ 517638.400000000023283, 173421.200000000011642 ], [ 517653.200000000011642, 173430.200000000011642 ], [ 517679.299999999988358, 173448.1 ], [ 517705.700000000011642, 173466.4 ], [ 517759.400000000023283, 173507.700000000011642 ], [ 517779.599999999976717, 173524.700000000011642 ], [ 517787.900000000023283, 173529.9 ], [ 517795.900000000023283, 173534.5 ], [ 517806.900000000023283, 173535.299999999988358 ], [ 517811.299999999988358, 173534.4 ], [ 517822.5, 173530.299999999988358 ], [ 517831.400000000023283, 173542.200000000011642 ], [ 517829.900000000023283, 173563.700000000011642 ], [ 517833.799999999988358, 173572.5 ], [ 517869.700000000011642, 173611.0 ], [ 517909.200000000011642, 173657.5 ], [ 517916.799999999988358, 173668.1 ], [ 517943.900000000023283, 173705.700000000011642 ], [ 517960.599999999976717, 173731.1 ], [ 517975.900000000023283, 173756.9 ], [ 517991.200000000011642, 173782.700000000011642 ], [ 518015.299999999988358, 173833.9 ], [ 518021.799999999988358, 173839.200000000011642 ], [ 518026.799999999988358, 173846.799999999988358 ], [ 518029.400000000023283, 173859.799999999988358 ], [ 518027.0, 173868.9 ], [ 518030.299999999988358, 173882.4 ], [ 518038.200000000011642, 173917.700000000011642 ], [ 518042.299999999988358, 173961.9 ], [ 518041.099999999976717, 173984.1 ], [ 518035.0, 174005.9 ], [ 518028.5, 174020.5 ], [ 518026.599999999976717, 174040.799999999988358 ], [ 518022.700000000011642, 174062.299999999988358 ], [ 518025.900000000023283, 174075.299999999988358 ], [ 518019.799999999988358, 174083.6 ], [ 518017.400000000023283, 174089.1 ], [ 518005.299999999988358, 174122.5 ], [ 517999.299999999988358, 174137.299999999988358 ], [ 517992.900000000023283, 174152.6 ], [ 517965.099999999976717, 174214.1 ], [ 517952.200000000011642, 174246.700000000011642 ], [ 517936.599999999976717, 174282.6 ], [ 517922.299999999988358, 174319.1 ], [ 517900.5, 174359.6 ], [ 517893.5, 174371.299999999988358 ], [ 517859.799999999988358, 174415.9 ], [ 517857.0, 174419.6 ], [ 517787.299999999988358, 174509.1 ], [ 517741.799999999988358, 174564.700000000011642 ], [ 517698.5, 174610.200000000011642 ], [ 517660.099999999976717, 174646.0 ], [ 517638.299999999988358, 174663.1 ], [ 517651.599999999976717, 174671.6 ], [ 517648.5, 174675.700000000011642 ], [ 517645.5, 174679.799999999988358 ], [ 517640.599999999976717, 174677.700000000011642 ], [ 517625.700000000011642, 174669.200000000011642 ], [ 517616.599999999976717, 174671.9 ], [ 517583.700000000011642, 174688.299999999988358 ], [ 517553.700000000011642, 174706.6 ], [ 517531.400000000023283, 174719.0 ], [ 517497.299999999988358, 174736.4 ], [ 517473.400000000023283, 174750.4 ], [ 517457.200000000011642, 174758.6 ], [ 517410.0, 174780.9 ], [ 517366.099999999976717, 174798.200000000011642 ], [ 517332.299999999988358, 174812.700000000011642 ], [ 517323.5, 174816.799999999988358 ], [ 517304.400000000023283, 174827.0 ], [ 517296.299999999988358, 174832.6 ], [ 517271.099999999976717, 174851.6 ], [ 517251.799999999988358, 174864.5 ], [ 517235.200000000011642, 174878.0 ], [ 517221.900000000023283, 174888.9 ], [ 517203.700000000011642, 174905.0 ], [ 517181.200000000011642, 174926.1 ], [ 517141.099999999976717, 174969.9 ], [ 517135.099999999976717, 174976.4 ], [ 517113.099999999976717, 175000.0 ], [ 517060.0, 175049.1 ], [ 517055.5, 175049.299999999988358 ], [ 517047.400000000023283, 175041.299999999988358 ], [ 517012.200000000011642, 175074.1 ], [ 516989.099999999976717, 175095.700000000011642 ], [ 516997.599999999976717, 175104.9 ], [ 516970.900000000023283, 175132.0 ], [ 516968.099999999976717, 175138.4 ], [ 516927.799999999988358, 175172.799999999988358 ], [ 516873.299999999988358, 175225.6 ], [ 516861.200000000011642, 175238.700000000011642 ], [ 516853.700000000011642, 175247.6 ], [ 516839.700000000011642, 175266.4 ], [ 516825.299999999988358, 175289.0 ], [ 516814.200000000011642, 175310.1 ], [ 516807.299999999988358, 175329.4 ], [ 516803.700000000011642, 175347.4 ], [ 516801.0, 175376.1 ], [ 516801.0, 175396.5 ], [ 516803.900000000023283, 175425.9 ], [ 516805.700000000011642, 175436.0 ], [ 516817.5, 175490.799999999988358 ], [ 516831.0, 175568.799999999988358 ], [ 516839.0, 175662.0 ], [ 516841.299999999988358, 175716.299999999988358 ], [ 516879.700000000011642, 175913.799999999988358 ], [ 516886.099999999976717, 175931.9 ], [ 516892.099999999976717, 175944.9 ], [ 516906.400000000023283, 175970.1 ], [ 516919.5, 175990.0 ], [ 516929.599999999976717, 176002.4 ], [ 516939.799999999988358, 176013.6 ], [ 516946.5, 176019.9 ], [ 516953.599999999976717, 176025.5 ], [ 516963.700000000011642, 176032.5 ], [ 516974.5, 176038.5 ], [ 516985.5, 176043.5 ], [ 516997.200000000011642, 176047.799999999988358 ], [ 517027.299999999988358, 176060.9 ], [ 517057.799999999988358, 176071.700000000011642 ], [ 517084.299999999988358, 176083.6 ], [ 517090.900000000023283, 176083.1 ], [ 517095.299999999988358, 176084.1 ], [ 517102.700000000011642, 176089.9 ], [ 517117.799999999988358, 176096.799999999988358 ], [ 517156.099999999976717, 176111.6 ], [ 517184.400000000023283, 176127.6 ], [ 517189.0, 176129.5 ], [ 517191.400000000023283, 176132.5 ], [ 517193.799999999988358, 176138.0 ], [ 517195.400000000023283, 176139.299999999988358 ], [ 517198.5, 176139.700000000011642 ], [ 517202.599999999976717, 176138.4 ], [ 517205.900000000023283, 176139.0 ], [ 517208.799999999988358, 176141.9 ], [ 517212.0, 176148.6 ], [ 517222.299999999988358, 176156.700000000011642 ], [ 517230.799999999988358, 176161.200000000011642 ], [ 517236.799999999988358, 176163.1 ], [ 517246.0, 176164.6 ], [ 517253.599999999976717, 176172.6 ], [ 517263.900000000023283, 176177.4 ], [ 517272.0, 176185.200000000011642 ], [ 517298.900000000023283, 176202.5 ], [ 517330.900000000023283, 176221.799999999988358 ], [ 517339.5, 176229.6 ], [ 517352.299999999988358, 176236.0 ], [ 517377.200000000011642, 176252.4 ], [ 517385.400000000023283, 176254.6 ], [ 517417.0, 176276.4 ], [ 517426.599999999976717, 176285.700000000011642 ], [ 517435.700000000011642, 176287.200000000011642 ], [ 517447.0, 176297.6 ], [ 517451.099999999976717, 176299.9 ], [ 517461.799999999988358, 176305.4 ], [ 517467.700000000011642, 176308.4 ], [ 517500.0, 176329.5 ], [ 517627.0, 176412.1 ], [ 517640.599999999976717, 176422.200000000011642 ], [ 517657.5, 176436.700000000011642 ], [ 517673.0, 176452.200000000011642 ], [ 517686.700000000011642, 176468.4 ], [ 517693.200000000011642, 176476.9 ], [ 517702.099999999976717, 176490.200000000011642 ], [ 517767.200000000011642, 176601.700000000011642 ], [ 517817.200000000011642, 176690.6 ], [ 517873.099999999976717, 176793.200000000011642 ], [ 517933.099999999976717, 176897.5 ], [ 517983.599999999976717, 176974.4 ], [ 518034.700000000011642, 177041.0 ], [ 518107.599999999976717, 177137.4 ], [ 518192.5, 177251.4 ], [ 518255.299999999988358, 177339.5 ], [ 518312.400000000023283, 177422.200000000011642 ], [ 518378.400000000023283, 177497.4 ], [ 518456.0, 177578.1 ], [ 518532.0, 177640.4 ], [ 518539.599999999976717, 177645.6 ], [ 518550.700000000011642, 177652.200000000011642 ], [ 518552.0, 177652.9 ], [ 518560.200000000011642, 177657.200000000011642 ], [ 518788.400000000023283, 177751.1 ], [ 518816.599999999976717, 177760.5 ], [ 518846.799999999988358, 177768.4 ], [ 518877.599999999976717, 177774.0 ], [ 518894.299999999988358, 177776.1 ], [ 519014.799999999988358, 177787.200000000011642 ], [ 519062.5, 177783.299999999988358 ], [ 519146.0, 177759.5 ], [ 519165.799999999988358, 177751.9 ], [ 519185.700000000011642, 177742.299999999988358 ], [ 519195.700000000011642, 177736.700000000011642 ], [ 519213.5, 177725.200000000011642 ], [ 519222.0, 177718.9 ], [ 519238.299999999988358, 177705.4 ], [ 519249.5, 177694.6 ], [ 519250.700000000011642, 177689.200000000011642 ], [ 519256.299999999988358, 177677.5 ], [ 519266.700000000011642, 177673.700000000011642 ], [ 519291.0, 177647.700000000011642 ], [ 519301.099999999976717, 177637.9 ], [ 519306.5, 177632.9 ], [ 519324.200000000011642, 177618.299999999988358 ], [ 519360.599999999976717, 177592.0 ], [ 519486.799999999988358, 177508.200000000011642 ], [ 519520.200000000011642, 177476.6 ], [ 519612.200000000011642, 177381.799999999988358 ], [ 519622.900000000023283, 177369.9 ], [ 519643.5, 177346.299999999988358 ], [ 519663.200000000011642, 177321.799999999988358 ], [ 519680.200000000011642, 177299.299999999988358 ], [ 519693.700000000011642, 177280.4 ], [ 519705.5, 177262.700000000011642 ], [ 519722.200000000011642, 177235.200000000011642 ], [ 519737.0, 177205.799999999988358 ], [ 519744.400000000023283, 177189.6 ], [ 519751.799999999988358, 177172.799999999988358 ], [ 519767.400000000023283, 177134.0 ], [ 519788.200000000011642, 177075.0 ], [ 519806.599999999976717, 177014.6 ], [ 519854.599999999976717, 176861.5 ], [ 519909.799999999988358, 176713.1 ], [ 519964.900000000023283, 176601.799999999988358 ], [ 520000.099999999976717, 176536.5 ], [ 520023.0, 176494.299999999988358 ], [ 520050.900000000023283, 176451.799999999988358 ], [ 520066.5, 176429.799999999988358 ], [ 520085.0, 176405.299999999988358 ], [ 520103.400000000023283, 176382.700000000011642 ], [ 520133.200000000011642, 176349.200000000011642 ], [ 520213.799999999988358, 176273.5 ], [ 520252.200000000011642, 176238.4 ], [ 520288.799999999988358, 176210.0 ], [ 520334.900000000023283, 176179.5 ], [ 520401.900000000023283, 176138.6 ], [ 520405.599999999976717, 176134.1 ], [ 520406.5, 176131.799999999988358 ], [ 520406.799999999988358, 176127.1 ], [ 520405.099999999976717, 176120.1 ], [ 520432.700000000011642, 176109.9 ], [ 520451.299999999988358, 176107.6 ], [ 520534.900000000023283, 176073.299999999988358 ], [ 520600.400000000023283, 176051.200000000011642 ], [ 520670.599999999976717, 176029.1 ], [ 520666.5, 176020.299999999988358 ], [ 520671.200000000011642, 176014.4 ], [ 520705.0, 176025.700000000011642 ], [ 520782.700000000011642, 176021.6 ], [ 520839.400000000023283, 176023.5 ], [ 520874.799999999988358, 176027.799999999988358 ], [ 520885.799999999988358, 176028.299999999988358 ], [ 520936.099999999976717, 176029.200000000011642 ], [ 521001.299999999988358, 176041.299999999988358 ], [ 521048.799999999988358, 176046.5 ], [ 521127.400000000023283, 176075.4 ], [ 521168.900000000023283, 176093.200000000011642 ], [ 521190.700000000011642, 176103.5 ], [ 521212.200000000011642, 176114.700000000011642 ], [ 521238.5, 176129.4 ], [ 521264.200000000011642, 176145.1 ], [ 521302.299999999988358, 176170.9 ], [ 521349.599999999976717, 176208.1 ], [ 521380.400000000023283, 176234.5 ], [ 521425.0, 176276.299999999988358 ], [ 521466.599999999976717, 176322.799999999988358 ], [ 521529.5, 176402.5 ], [ 521533.900000000023283, 176413.0 ], [ 521552.599999999976717, 176459.6 ], [ 521611.299999999988358, 176585.4 ], [ 521610.700000000011642, 176592.1 ], [ 521625.900000000023283, 176622.299999999988358 ], [ 521633.299999999988358, 176640.5 ], [ 521639.0, 176640.799999999988358 ], [ 521654.700000000011642, 176686.299999999988358 ], [ 521648.700000000011642, 176690.0 ], [ 521658.799999999988358, 176723.6 ], [ 521654.200000000011642, 176727.1 ], [ 521658.900000000023283, 176762.4 ], [ 521664.599999999976717, 176841.6 ], [ 521673.700000000011642, 177045.4 ], [ 521674.099999999976717, 177064.6 ], [ 521672.900000000023283, 177100.299999999988358 ], [ 521671.400000000023283, 177116.700000000011642 ], [ 521669.099999999976717, 177135.799999999988358 ], [ 521664.200000000011642, 177164.6 ], [ 521655.5, 177248.1 ], [ 521654.099999999976717, 177268.0 ], [ 521653.200000000011642, 177291.5 ], [ 521653.299999999988358, 177315.0 ], [ 521654.099999999976717, 177338.200000000011642 ], [ 521655.5, 177358.4 ], [ 521657.299999999988358, 177375.6 ], [ 521662.299999999988358, 177407.299999999988358 ], [ 521670.099999999976717, 177439.299999999988358 ], [ 521675.299999999988358, 177456.4 ], [ 521681.200000000011642, 177473.299999999988358 ], [ 521687.700000000011642, 177489.9 ], [ 521694.900000000023283, 177506.299999999988358 ], [ 521702.700000000011642, 177522.4 ], [ 521712.599999999976717, 177540.9 ], [ 521728.0, 177565.200000000011642 ], [ 521736.299999999988358, 177577.200000000011642 ], [ 521744.900000000023283, 177589.299999999988358 ], [ 521766.400000000023283, 177617.4 ], [ 521779.099999999976717, 177632.5 ], [ 521794.700000000011642, 177651.0 ], [ 521824.799999999988358, 177683.1 ], [ 522007.200000000011642, 177867.4 ], [ 522030.700000000011642, 177891.1 ], [ 522154.599999999976717, 178013.6 ], [ 522175.0, 178031.9 ], [ 522188.900000000023283, 178043.299999999988358 ], [ 522204.599999999976717, 178055.1 ], [ 522220.799999999988358, 178066.299999999988358 ], [ 522236.099999999976717, 178076.0 ], [ 522251.799999999988358, 178085.0 ], [ 522267.799999999988358, 178093.5 ], [ 522285.200000000011642, 178101.799999999988358 ], [ 522303.5, 178109.6 ], [ 522321.799999999988358, 178116.5 ], [ 522340.400000000023283, 178122.5 ], [ 522359.200000000011642, 178127.9 ], [ 522388.099999999976717, 178134.700000000011642 ], [ 522414.099999999976717, 178138.700000000011642 ], [ 522424.700000000011642, 178140.299999999988358 ], [ 522441.700000000011642, 178141.9 ], [ 522475.200000000011642, 178144.200000000011642 ], [ 522504.400000000023283, 178145.4 ], [ 522531.099999999976717, 178145.700000000011642 ], [ 522559.5, 178145.200000000011642 ], [ 522602.299999999988358, 178142.6 ], [ 522646.5, 178137.4 ], [ 522666.400000000023283, 178134.1 ], [ 522686.200000000011642, 178130.200000000011642 ], [ 522705.799999999988358, 178125.5 ], [ 522723.900000000023283, 178120.4 ], [ 522742.5, 178114.200000000011642 ], [ 522762.799999999988358, 178106.6 ], [ 522782.799999999988358, 178098.1 ], [ 522802.400000000023283, 178089.0 ], [ 522812.400000000023283, 178084.0 ], [ 522837.799999999988358, 178070.1 ], [ 522864.799999999988358, 178053.4 ], [ 522878.799999999988358, 178043.9 ], [ 522894.5, 178032.1 ], [ 522914.900000000023283, 178015.700000000011642 ], [ 522934.599999999976717, 177998.4 ], [ 522944.5, 177989.4 ], [ 522967.900000000023283, 177966.200000000011642 ], [ 522997.299999999988358, 177933.700000000011642 ], [ 523022.799999999988358, 177902.5 ], [ 523051.200000000011642, 177862.799999999988358 ], [ 523069.099999999976717, 177835.299999999988358 ], [ 523085.900000000023283, 177807.1 ], [ 523109.299999999988358, 177763.700000000011642 ], [ 523126.599999999976717, 177728.0 ], [ 523132.900000000023283, 177728.1 ], [ 523166.099999999976717, 177646.6 ], [ 523161.0, 177643.200000000011642 ], [ 523175.700000000011642, 177595.4 ], [ 523182.799999999988358, 177569.5 ], [ 523184.799999999988358, 177560.6 ], [ 523186.200000000011642, 177553.0 ], [ 523189.700000000011642, 177534.4 ], [ 523204.200000000011642, 177434.1 ], [ 523222.900000000023283, 177284.200000000011642 ], [ 523236.799999999988358, 177150.1 ], [ 523239.299999999988358, 177113.6 ], [ 523240.0, 177093.799999999988358 ], [ 523240.799999999988358, 177065.299999999988358 ], [ 523240.099999999976717, 177016.299999999988358 ], [ 523235.200000000011642, 176928.9 ], [ 523235.400000000023283, 176902.6 ], [ 523236.099999999976717, 176886.299999999988358 ], [ 523239.599999999976717, 176836.200000000011642 ], [ 523244.200000000011642, 176794.9 ], [ 523249.200000000011642, 176763.4 ], [ 523253.299999999988358, 176742.799999999988358 ], [ 523258.200000000011642, 176722.4 ], [ 523265.400000000023283, 176698.6 ], [ 523267.299999999988358, 176692.299999999988358 ], [ 523281.400000000023283, 176655.299999999988358 ], [ 523290.200000000011642, 176634.799999999988358 ], [ 523299.599999999976717, 176614.700000000011642 ], [ 523311.700000000011642, 176591.0 ], [ 523324.599999999976717, 176567.799999999988358 ], [ 523345.299999999988358, 176534.1 ], [ 523376.5, 176474.9 ], [ 523403.400000000023283, 176427.700000000011642 ], [ 523415.599999999976717, 176407.9 ], [ 523427.900000000023283, 176388.1 ], [ 523458.299999999988358, 176342.700000000011642 ], [ 523522.200000000011642, 176263.0 ], [ 523505.5, 176249.799999999988358 ], [ 523471.200000000011642, 176235.9 ], [ 523489.599999999976717, 176224.799999999988358 ], [ 523500.599999999976717, 176218.4 ], [ 523511.200000000011642, 176230.0 ], [ 523535.299999999988358, 176248.799999999988358 ], [ 523609.200000000011642, 176162.5 ], [ 523704.799999999988358, 176048.0 ], [ 523747.200000000011642, 175998.299999999988358 ], [ 523797.900000000023283, 175939.0 ], [ 523804.599999999976717, 175932.6 ], [ 523913.400000000023283, 175828.200000000011642 ], [ 523957.0, 175792.0 ], [ 524054.099999999976717, 175722.9 ], [ 524074.700000000011642, 175705.799999999988358 ], [ 524107.700000000011642, 175684.6 ], [ 524104.599999999976717, 175676.1 ], [ 524203.700000000011642, 175610.700000000011642 ], [ 524244.799999999988358, 175589.1 ], [ 524243.599999999976717, 175580.0 ], [ 524254.599999999976717, 175575.6 ], [ 524259.900000000023283, 175582.5 ], [ 524317.800000000046566, 175554.700000000011642 ], [ 524407.0, 175513.700000000011642 ], [ 524506.699999999953434, 175464.9 ], [ 524632.300000000046566, 175407.0 ], [ 524652.099999999976717, 175399.1 ], [ 524737.599999999976717, 175373.4 ], [ 524900.400000000023283, 175331.4 ], [ 525000.0, 175313.4 ], [ 525000.099999999976717, 175313.4 ], [ 525119.400000000023283, 175295.0 ], [ 525141.599999999976717, 175290.0 ], [ 525163.400000000023283, 175287.4 ], [ 525202.300000000046566, 175286.299999999988358 ], [ 525204.300000000046566, 175298.4 ], [ 525449.900000000023283, 175310.6 ], [ 525477.400000000023283, 175259.299999999988358 ], [ 525483.0, 175227.6 ], [ 525481.699999999953434, 175203.0 ], [ 525481.400000000023283, 175197.700000000011642 ], [ 525482.400000000023283, 175173.4 ], [ 525493.099999999976717, 175107.5 ], [ 525484.900000000023283, 175068.700000000011642 ], [ 525484.900000000023283, 175059.0 ], [ 525486.0, 175041.5 ], [ 525483.699999999953434, 175000.0 ], [ 525483.5, 174991.4 ], [ 525500.800000000046566, 174981.5 ], [ 525532.0, 174976.5 ], [ 525555.900000000023283, 174975.700000000011642 ], [ 525555.900000000023283, 174987.200000000011642 ], [ 525534.5, 174992.200000000011642 ], [ 525523.699999999953434, 175000.0 ], [ 525523.599999999976717, 175000.0 ], [ 525512.5, 175014.799999999988358 ], [ 525513.599999999976717, 175137.799999999988358 ], [ 525506.5, 175153.700000000011642 ], [ 525502.699999999953434, 175165.1 ], [ 525500.900000000023283, 175175.9 ], [ 525500.900000000023283, 175184.700000000011642 ], [ 525504.0, 175190.299999999988358 ], [ 525511.599999999976717, 175182.0 ], [ 525516.800000000046566, 175172.9 ], [ 525519.800000000046566, 175164.9 ], [ 525531.900000000023283, 175146.6 ], [ 525568.900000000023283, 175157.0 ], [ 525534.199999999953434, 175196.1 ], [ 525531.099999999976717, 175200.700000000011642 ], [ 525528.800000000046566, 175204.0 ], [ 525526.599999999976717, 175208.799999999988358 ], [ 525524.400000000023283, 175215.9 ], [ 525520.300000000046566, 175244.5 ], [ 525518.800000000046566, 175250.4 ], [ 525515.900000000023283, 175258.6 ], [ 525500.800000000046566, 175290.299999999988358 ], [ 525498.599999999976717, 175312.1 ], [ 525530.099999999976717, 175314.5 ], [ 525542.300000000046566, 175292.299999999988358 ], [ 525554.400000000023283, 175298.9 ], [ 525547.800000000046566, 175321.6 ], [ 525655.099999999976717, 175339.4 ], [ 525670.900000000023283, 175342.0 ], [ 525715.800000000046566, 175350.6 ], [ 525746.5, 175358.0 ], [ 525775.199999999953434, 175366.1 ], [ 525810.5, 175376.799999999988358 ], [ 525827.099999999976717, 175382.0 ], [ 525911.099999999976717, 175411.0 ], [ 525936.099999999976717, 175422.799999999988358 ], [ 525939.699999999953434, 175419.799999999988358 ], [ 526015.900000000023283, 175460.9 ], [ 526031.699999999953434, 175471.4 ], [ 526243.5, 175612.5 ], [ 526282.699999999953434, 175644.6 ], [ 526340.900000000023283, 175709.6 ], [ 526356.300000000046566, 175724.700000000011642 ], [ 526365.599999999976717, 175734.9 ], [ 526379.699999999953434, 175752.299999999988358 ], [ 526420.400000000023283, 175811.200000000011642 ], [ 526426.099999999976717, 175820.6 ], [ 526436.400000000023283, 175840.1 ], [ 526451.400000000023283, 175863.700000000011642 ], [ 526460.5, 175881.1 ], [ 526465.599999999976717, 175890.1 ], [ 526495.400000000023283, 175959.5 ], [ 526559.699999999953434, 176104.799999999988358 ], [ 526572.300000000046566, 176138.799999999988358 ], [ 526582.800000000046566, 176136.9 ], [ 526591.300000000046566, 176160.0 ], [ 526613.199999999953434, 176152.799999999988358 ], [ 526613.800000000046566, 176153.6 ], [ 526616.5, 176161.5 ], [ 526593.300000000046566, 176171.700000000011642 ], [ 526607.699999999953434, 176209.299999999988358 ], [ 526648.300000000046566, 176200.4 ], [ 526648.699999999953434, 176201.1 ], [ 526650.0, 176210.5 ], [ 526613.099999999976717, 176220.0 ], [ 526623.199999999953434, 176259.799999999988358 ], [ 526628.400000000023283, 176284.0 ], [ 526654.099999999976717, 176394.0 ], [ 526658.900000000023283, 176417.9 ], [ 526666.5, 176448.0 ], [ 526689.099999999976717, 176444.5 ], [ 526693.400000000023283, 176453.0 ], [ 526693.5, 176453.9 ], [ 526670.699999999953434, 176460.799999999988358 ], [ 526670.699999999953434, 176461.799999999988358 ], [ 526674.5, 176477.9 ], [ 526676.5, 176490.0 ], [ 526679.300000000046566, 176521.6 ], [ 526681.699999999953434, 176540.4 ], [ 526686.199999999953434, 176564.5 ], [ 526687.800000000046566, 176571.1 ], [ 526696.300000000046566, 176596.799999999988358 ], [ 526696.800000000046566, 176610.700000000011642 ], [ 526698.300000000046566, 176616.5 ], [ 526712.599999999976717, 176670.9 ], [ 526723.0, 176705.6 ], [ 526728.300000000046566, 176728.0 ], [ 526751.900000000023283, 176724.4 ], [ 526774.599999999976717, 176803.9 ], [ 526777.900000000023283, 176815.299999999988358 ], [ 526785.800000000046566, 176815.4 ], [ 526787.5, 176821.1 ], [ 526788.800000000046566, 176827.0 ], [ 526778.300000000046566, 176830.5 ], [ 526780.300000000046566, 176835.0 ], [ 526771.300000000046566, 176843.200000000011642 ], [ 526770.0, 176845.299999999988358 ], [ 526768.400000000023283, 176849.299999999988358 ], [ 526768.0, 176853.200000000011642 ], [ 526769.300000000046566, 176858.9 ], [ 526790.699999999953434, 176901.200000000011642 ], [ 526795.300000000046566, 176904.4 ], [ 526781.699999999953434, 176913.6 ], [ 526799.0, 176960.0 ], [ 526804.5, 176973.299999999988358 ], [ 526816.599999999976717, 177001.200000000011642 ], [ 526824.400000000023283, 177017.799999999988358 ], [ 526839.800000000046566, 177050.299999999988358 ], [ 526857.199999999953434, 177081.1 ], [ 526874.5, 177108.9 ], [ 526889.199999999953434, 177130.4 ], [ 526911.800000000046566, 177160.299999999988358 ], [ 526916.900000000023283, 177166.6 ], [ 526942.300000000046566, 177194.700000000011642 ], [ 526962.300000000046566, 177213.1 ], [ 527006.300000000046566, 177250.9 ], [ 527026.400000000023283, 177265.1 ], [ 527035.699999999953434, 177270.9 ], [ 527062.599999999976717, 177284.4 ], [ 527077.199999999953434, 177290.0 ], [ 527084.099999999976717, 177287.0 ], [ 527096.699999999953434, 177295.4 ], [ 527108.099999999976717, 177301.200000000011642 ], [ 527115.199999999953434, 177304.200000000011642 ], [ 527128.800000000046566, 177308.799999999988358 ], [ 527269.5, 177362.9 ], [ 527319.599999999976717, 177384.1 ], [ 527319.5, 177376.0 ], [ 527327.300000000046566, 177376.1 ], [ 527329.699999999953434, 177385.6 ], [ 527432.0, 177413.1 ], [ 527463.699999999953434, 177422.0 ], [ 527466.400000000023283, 177434.200000000011642 ], [ 527516.900000000023283, 177444.9 ], [ 527519.599999999976717, 177437.0 ], [ 527521.800000000046566, 177434.4 ], [ 527525.400000000023283, 177431.9 ], [ 527527.800000000046566, 177431.0 ], [ 527757.800000000046566, 177485.9 ], [ 528010.699999999953434, 177551.799999999988358 ], [ 528123.900000000023283, 177579.1 ], [ 528281.800000000046566, 177617.200000000011642 ], [ 528356.800000000046566, 177633.799999999988358 ], [ 528362.5, 177641.700000000011642 ], [ 528407.199999999953434, 177651.6 ], [ 528539.900000000023283, 177682.200000000011642 ], [ 528542.599999999976717, 177671.200000000011642 ], [ 528553.599999999976717, 177676.4 ], [ 528554.0, 177690.0 ], [ 528591.099999999976717, 177697.9 ], [ 528606.900000000023283, 177701.700000000011642 ], [ 528616.800000000046566, 177703.0 ], [ 528691.0, 177704.4 ], [ 528746.5, 177703.1 ], [ 528783.900000000023283, 177702.200000000011642 ], [ 528807.400000000023283, 177700.4 ], [ 528821.5, 177698.6 ], [ 529008.400000000023283, 177661.299999999988358 ], [ 529139.099999999976717, 177638.0 ], [ 529208.400000000023283, 177624.0 ], [ 529224.599999999976717, 177620.1 ], [ 529232.5, 177618.9 ], [ 529246.400000000023283, 177617.799999999988358 ], [ 529324.900000000023283, 177616.5 ], [ 529363.800000000046566, 177615.799999999988358 ], [ 529376.300000000046566, 177615.0 ], [ 529384.400000000023283, 177615.1 ], [ 529401.099999999976717, 177616.6 ], [ 529417.300000000046566, 177619.799999999988358 ], [ 529435.5, 177620.9 ], [ 529439.599999999976717, 177588.700000000011642 ], [ 529466.800000000046566, 177591.0 ], [ 529467.099999999976717, 177614.5 ], [ 529471.199999999953434, 177616.5 ], [ 529472.599999999976717, 177623.9 ], [ 529473.800000000046566, 177626.4 ], [ 529476.0, 177628.799999999988358 ], [ 529478.400000000023283, 177630.299999999988358 ], [ 529482.099999999976717, 177631.299999999988358 ], [ 529517.099999999976717, 177645.200000000011642 ], [ 529520.599999999976717, 177646.5 ], [ 529534.400000000023283, 177651.0 ], [ 529544.5, 177647.799999999988358 ], [ 529547.099999999976717, 177647.6 ], [ 529552.199999999953434, 177648.5 ], [ 529629.5, 177678.700000000011642 ], [ 529629.199999999953434, 177686.4 ], [ 529655.699999999953434, 177695.700000000011642 ], [ 529721.699999999953434, 177723.700000000011642 ], [ 529726.0, 177718.700000000011642 ], [ 529754.800000000046566, 177731.200000000011642 ], [ 529760.5, 177725.0 ], [ 529774.0, 177731.9 ], [ 529794.900000000023283, 177742.700000000011642 ], [ 529804.699999999953434, 177734.5 ], [ 529809.300000000046566, 177740.5 ], [ 529803.900000000023283, 177748.299999999988358 ], [ 529825.5, 177771.5 ], [ 529839.099999999976717, 177783.700000000011642 ], [ 529849.300000000046566, 177791.799999999988358 ], [ 529860.900000000023283, 177799.6 ], [ 529891.199999999953434, 177822.6 ], [ 529902.5, 177828.9 ], [ 529907.099999999976717, 177831.0 ], [ 529943.300000000046566, 177843.4 ], [ 529962.300000000046566, 177851.0 ], [ 529985.5, 177861.6 ], [ 530000.0, 177866.799999999988358 ], [ 530000.099999999976717, 177866.799999999988358 ], [ 530021.800000000046566, 177876.9 ], [ 530043.5, 177890.700000000011642 ], [ 530046.800000000046566, 177893.4 ], [ 530048.400000000023283, 177894.6 ], [ 530057.300000000046566, 177901.9 ], [ 530067.099999999976717, 177911.299999999988358 ], [ 530079.300000000046566, 177922.0 ], [ 530121.099999999976717, 177954.9 ], [ 530133.800000000046566, 177968.4 ], [ 530150.099999999976717, 177987.6 ], [ 530162.900000000023283, 178001.4 ], [ 530187.5, 178034.299999999988358 ], [ 530221.699999999953434, 178074.4 ], [ 530236.099999999976717, 178093.299999999988358 ], [ 530243.199999999953434, 178106.5 ], [ 530244.300000000046566, 178108.4 ], [ 530253.400000000023283, 178119.0 ], [ 530266.900000000023283, 178144.1 ], [ 530278.199999999953434, 178168.700000000011642 ], [ 530286.099999999976717, 178189.1 ], [ 530297.300000000046566, 178209.700000000011642 ], [ 530299.5, 178211.5 ], [ 530303.0, 178212.200000000011642 ], [ 530329.300000000046566, 178203.5 ], [ 530333.900000000023283, 178210.1 ], [ 530334.199999999953434, 178211.200000000011642 ], [ 530322.400000000023283, 178224.6 ], [ 530338.300000000046566, 178257.299999999988358 ], [ 530341.300000000046566, 178267.0 ], [ 530346.099999999976717, 178285.5 ], [ 530359.099999999976717, 178359.299999999988358 ], [ 530360.400000000023283, 178363.799999999988358 ], [ 530371.400000000023283, 178387.9 ], [ 530379.5, 178407.1 ], [ 530409.300000000046566, 178477.6 ], [ 530430.699999999953434, 178536.9 ], [ 530449.5, 178598.299999999988358 ], [ 530466.199999999953434, 178668.1 ], [ 530478.699999999953434, 178727.700000000011642 ], [ 530489.099999999976717, 178791.0 ], [ 530513.699999999953434, 178942.6 ], [ 530515.400000000023283, 178953.5 ], [ 530522.699999999953434, 179003.299999999988358 ], [ 530533.400000000023283, 179096.4 ], [ 530541.0, 179140.4 ], [ 530554.800000000046566, 179276.6 ], [ 530566.5, 179419.0 ], [ 530588.599999999976717, 179668.6 ], [ 530600.0, 179758.9 ], [ 530593.300000000046566, 179766.4 ], [ 530601.5, 179835.799999999988358 ], [ 530604.900000000023283, 179837.5 ], [ 530623.5, 180000.0 ], [ 530626.0, 180011.6 ], [ 530627.900000000023283, 180023.700000000011642 ], [ 530632.300000000046566, 180046.700000000011642 ], [ 530637.199999999953434, 180067.9 ], [ 530643.699999999953434, 180091.1 ], [ 530651.099999999976717, 180114.1 ], [ 530658.599999999976717, 180134.5 ], [ 530689.300000000046566, 180210.700000000011642 ], [ 530700.0, 180230.700000000011642 ], [ 530724.5, 180270.1 ], [ 530745.199999999953434, 180298.5 ], [ 530750.300000000046566, 180295.0 ], [ 530751.800000000046566, 180296.799999999988358 ], [ 530780.5, 180329.799999999988358 ], [ 530778.900000000023283, 180336.9 ], [ 530790.800000000046566, 180348.4 ], [ 530841.800000000046566, 180389.799999999988358 ], [ 530854.5, 180397.799999999988358 ], [ 530868.800000000046566, 180406.799999999988358 ], [ 530888.300000000046566, 180417.1 ], [ 530920.0, 180432.1 ], [ 530951.400000000023283, 180447.1 ], [ 530988.5, 180463.1 ], [ 531011.0, 180471.799999999988358 ], [ 531046.699999999953434, 180483.5 ], [ 531076.0, 180490.6 ], [ 531160.099999999976717, 180515.4 ], [ 531170.5, 180515.799999999988358 ], [ 531177.099999999976717, 180513.1 ], [ 531184.800000000046566, 180507.0 ], [ 531205.5, 180488.6 ], [ 531240.800000000046566, 180493.1 ], [ 531241.300000000046566, 180501.700000000011642 ], [ 531268.400000000023283, 180505.799999999988358 ], [ 531275.400000000023283, 180510.0 ], [ 531294.599999999976717, 180515.0 ], [ 531320.699999999953434, 180522.9 ], [ 531335.599999999976717, 180529.5 ], [ 531337.699999999953434, 180530.5 ], [ 531340.800000000046566, 180536.0 ], [ 531370.599999999976717, 180540.1 ], [ 531398.300000000046566, 180542.299999999988358 ], [ 531411.0, 180545.200000000011642 ], [ 531413.0, 180534.1 ], [ 531422.199999999953434, 180535.1 ], [ 531428.900000000023283, 180548.700000000011642 ], [ 531436.199999999953434, 180551.1 ], [ 531449.400000000023283, 180551.200000000011642 ], [ 531469.400000000023283, 180552.9 ], [ 531473.0, 180553.0 ], [ 531510.5, 180553.799999999988358 ], [ 531549.599999999976717, 180554.700000000011642 ], [ 531604.900000000023283, 180557.0 ], [ 531628.099999999976717, 180557.4 ], [ 531621.5, 180547.200000000011642 ], [ 531626.300000000046566, 180540.799999999988358 ], [ 531628.300000000046566, 180531.1 ], [ 531667.699999999953434, 180535.0 ], [ 531667.599999999976717, 180541.9 ], [ 531671.400000000023283, 180547.5 ], [ 531685.300000000046566, 180548.9 ], [ 531724.5, 180556.9 ], [ 531754.199999999953434, 180558.299999999988358 ], [ 531849.599999999976717, 180559.9 ], [ 531957.900000000023283, 180557.0 ], [ 531965.400000000023283, 180551.299999999988358 ], [ 532016.800000000046566, 180549.4 ], [ 532078.0, 180546.1 ], [ 532186.5, 180543.299999999988358 ], [ 532226.699999999953434, 180540.799999999988358 ], [ 532243.199999999953434, 180538.200000000011642 ], [ 532244.300000000046566, 180542.0 ], [ 532264.5, 180540.1 ], [ 532293.0, 180530.700000000011642 ], [ 532296.800000000046566, 180526.0 ], [ 532295.699999999953434, 180518.5 ], [ 532319.300000000046566, 180511.5 ], [ 532328.400000000023283, 180508.0 ], [ 532336.900000000023283, 180504.5 ], [ 532352.599999999976717, 180496.799999999988358 ], [ 532412.599999999976717, 180472.700000000011642 ], [ 532453.099999999976717, 180458.0 ], [ 532512.300000000046566, 180438.5 ], [ 532509.199999999953434, 180426.4 ], [ 532519.400000000023283, 180423.4 ], [ 532522.099999999976717, 180433.799999999988358 ], [ 532543.400000000023283, 180429.299999999988358 ], [ 532541.599999999976717, 180423.5 ], [ 532581.900000000023283, 180413.5 ], [ 532586.800000000046566, 180417.5 ], [ 532627.099999999976717, 180407.5 ], [ 532627.800000000046566, 180394.5 ], [ 532626.099999999976717, 180385.5 ], [ 532623.199999999953434, 180369.799999999988358 ], [ 532625.599999999976717, 180360.6 ], [ 532629.800000000046566, 180360.299999999988358 ], [ 532634.699999999953434, 180367.9 ], [ 532638.0, 180385.200000000011642 ], [ 532641.800000000046566, 180405.4 ], [ 532682.900000000023283, 180399.6 ], [ 532780.0, 180387.9 ], [ 532783.599999999976717, 180387.799999999988358 ], [ 532788.699999999953434, 180387.6 ], [ 532804.400000000023283, 180387.9 ], [ 532806.900000000023283, 180392.700000000011642 ], [ 532828.699999999953434, 180388.5 ], [ 532859.699999999953434, 180385.6 ], [ 532877.400000000023283, 180382.0 ], [ 532877.900000000023283, 180379.1 ], [ 532879.199999999953434, 180371.6 ], [ 532898.599999999976717, 180361.4 ], [ 532913.099999999976717, 180358.0 ], [ 532961.900000000023283, 180356.4 ], [ 533024.699999999953434, 180355.799999999988358 ], [ 533038.699999999953434, 180353.6 ], [ 533088.400000000023283, 180339.4 ], [ 533099.699999999953434, 180339.0 ], [ 533106.400000000023283, 180337.299999999988358 ], [ 533125.400000000023283, 180331.5 ], [ 533136.400000000023283, 180330.4 ], [ 533174.300000000046566, 180320.799999999988358 ], [ 533227.300000000046566, 180308.6 ], [ 533248.900000000023283, 180303.5 ], [ 533276.400000000023283, 180296.1 ], [ 533283.199999999953434, 180290.700000000011642 ], [ 533338.5, 180272.200000000011642 ], [ 533355.0, 180262.5 ], [ 533376.099999999976717, 180253.5 ], [ 533395.599999999976717, 180243.799999999988358 ], [ 533407.0, 180248.1 ], [ 533491.099999999976717, 180211.799999999988358 ], [ 533513.699999999953434, 180200.700000000011642 ], [ 533510.5, 180190.5 ], [ 533513.400000000023283, 180187.299999999988358 ], [ 533576.400000000023283, 180158.299999999988358 ], [ 533594.199999999953434, 180151.5 ], [ 533634.400000000023283, 180134.299999999988358 ], [ 533639.599999999976717, 180130.9 ], [ 533666.400000000023283, 180124.299999999988358 ], [ 533679.5, 180122.5 ], [ 533691.400000000023283, 180119.0 ], [ 533748.400000000023283, 180091.700000000011642 ], [ 533764.800000000046566, 180084.299999999988358 ], [ 533803.400000000023283, 180067.0 ], [ 533841.300000000046566, 180052.0 ], [ 533849.599999999976717, 180047.0 ], [ 533853.599999999976717, 180049.6 ], [ 533869.900000000023283, 180038.700000000011642 ], [ 533914.800000000046566, 180004.700000000011642 ], [ 533922.300000000046566, 180012.799999999988358 ], [ 533940.0, 180000.0 ], [ 533994.400000000023283, 179939.6 ], [ 533942.400000000023283, 179889.700000000011642 ], [ 533923.300000000046566, 179871.299999999988358 ], [ 533913.400000000023283, 179830.700000000011642 ], [ 533903.300000000046566, 179814.9 ], [ 533896.0, 179805.6 ], [ 533887.800000000046566, 179797.0 ], [ 533839.800000000046566, 179748.5 ], [ 533821.800000000046566, 179731.5 ], [ 533806.400000000023283, 179714.200000000011642 ], [ 533804.599999999976717, 179711.6 ], [ 533814.400000000023283, 179706.4 ], [ 533826.800000000046566, 179723.700000000011642 ], [ 533891.900000000023283, 179784.200000000011642 ], [ 533909.5, 179797.5 ], [ 533918.300000000046566, 179808.700000000011642 ], [ 533929.5, 179828.0 ], [ 533937.599999999976717, 179839.299999999988358 ], [ 533972.400000000023283, 179877.4 ], [ 533998.199999999953434, 179905.700000000011642 ], [ 534068.800000000046566, 179879.799999999988358 ], [ 534073.699999999953434, 179885.1 ], [ 534090.099999999976717, 179881.200000000011642 ], [ 534098.599999999976717, 179878.5 ], [ 534125.599999999976717, 179868.4 ], [ 534223.599999999976717, 179821.799999999988358 ], [ 534221.800000000046566, 179812.9 ], [ 534239.5, 179805.700000000011642 ], [ 534247.699999999953434, 179828.299999999988358 ], [ 534410.400000000023283, 179777.299999999988358 ], [ 534406.800000000046566, 179759.700000000011642 ], [ 534414.599999999976717, 179755.200000000011642 ], [ 534420.699999999953434, 179763.700000000011642 ], [ 534489.099999999976717, 179753.9 ], [ 534490.199999999953434, 179741.200000000011642 ], [ 534522.599999999976717, 179738.799999999988358 ], [ 534525.0, 179745.0 ], [ 534581.300000000046566, 179755.4 ], [ 534617.300000000046566, 179755.799999999988358 ], [ 534641.599999999976717, 179756.799999999988358 ], [ 534705.199999999953434, 179754.700000000011642 ], [ 534707.5, 179761.6 ], [ 534734.0, 179760.200000000011642 ], [ 534734.800000000046566, 179755.1 ], [ 534775.300000000046566, 179757.799999999988358 ], [ 534794.800000000046566, 179758.0 ], [ 534806.900000000023283, 179759.200000000011642 ], [ 534808.900000000023283, 179759.6 ], [ 534825.300000000046566, 179763.0 ], [ 534859.199999999953434, 179769.0 ], [ 534915.300000000046566, 179777.1 ], [ 534938.300000000046566, 179779.9 ], [ 534950.800000000046566, 179782.5 ], [ 535000.0, 179800.9 ], [ 535000.099999999976717, 179801.0 ], [ 535007.800000000046566, 179805.0 ], [ 535012.900000000023283, 179793.700000000011642 ], [ 535018.199999999953434, 179796.1 ], [ 535021.0, 179798.9 ], [ 535017.199999999953434, 179809.6 ], [ 535033.400000000023283, 179818.700000000011642 ], [ 535035.800000000046566, 179815.700000000011642 ], [ 535094.300000000046566, 179850.6 ], [ 535100.300000000046566, 179846.299999999988358 ], [ 535130.800000000046566, 179870.799999999988358 ], [ 535129.599999999976717, 179874.700000000011642 ], [ 535161.800000000046566, 179897.299999999988358 ], [ 535168.800000000046566, 179900.799999999988358 ], [ 535172.699999999953434, 179902.299999999988358 ], [ 535176.300000000046566, 179902.799999999988358 ], [ 535178.599999999976717, 179902.700000000011642 ], [ 535181.300000000046566, 179894.5 ], [ 535188.300000000046566, 179896.5 ], [ 535187.5, 179902.799999999988358 ], [ 535208.599999999976717, 179914.0 ], [ 535225.0, 179921.5 ], [ 535250.199999999953434, 179931.1 ], [ 535284.199999999953434, 179948.5 ], [ 535294.099999999976717, 179961.799999999988358 ], [ 535361.199999999953434, 180000.0 ], [ 535361.300000000046566, 180000.0 ], [ 535387.599999999976717, 180017.1 ], [ 535405.400000000023283, 180036.5 ], [ 535424.699999999953434, 180054.799999999988358 ], [ 535459.5, 180092.5 ], [ 535477.5, 180113.200000000011642 ], [ 535515.599999999976717, 180149.299999999988358 ], [ 535498.300000000046566, 180170.299999999988358 ], [ 535533.0, 180202.9 ], [ 535567.199999999953434, 180187.299999999988358 ], [ 535573.400000000023283, 180171.799999999988358 ], [ 535577.099999999976717, 180162.700000000011642 ], [ 535577.900000000023283, 180161.5 ], [ 535579.599999999976717, 180159.0 ], [ 535582.099999999976717, 180155.9 ], [ 535588.400000000023283, 180156.1 ], [ 535592.099999999976717, 180161.799999999988358 ], [ 535591.199999999953434, 180169.700000000011642 ], [ 535587.699999999953434, 180182.299999999988358 ], [ 535576.300000000046566, 180209.5 ], [ 535575.0, 180217.0 ], [ 535575.800000000046566, 180223.799999999988358 ], [ 535576.800000000046566, 180226.700000000011642 ], [ 535580.0, 180232.200000000011642 ], [ 535609.0, 180263.799999999988358 ], [ 535604.699999999953434, 180270.799999999988358 ], [ 535639.099999999976717, 180299.200000000011642 ], [ 535644.5, 180295.799999999988358 ], [ 535661.900000000023283, 180274.0 ], [ 535665.800000000046566, 180282.799999999988358 ], [ 535680.5, 180293.700000000011642 ], [ 535701.300000000046566, 180272.799999999988358 ], [ 535710.199999999953434, 180280.700000000011642 ], [ 535710.800000000046566, 180281.700000000011642 ], [ 535693.099999999976717, 180302.299999999988358 ], [ 535699.099999999976717, 180308.799999999988358 ], [ 535684.800000000046566, 180324.6 ], [ 535737.300000000046566, 180375.200000000011642 ], [ 535757.900000000023283, 180353.9 ], [ 535775.400000000023283, 180373.700000000011642 ], [ 535770.800000000046566, 180379.700000000011642 ], [ 535764.099999999976717, 180421.4 ], [ 535816.800000000046566, 180478.1 ], [ 535828.0, 180482.4 ], [ 535851.400000000023283, 180493.299999999988358 ], [ 535888.099999999976717, 180505.0 ], [ 535912.599999999976717, 180513.6 ], [ 536047.900000000023283, 180545.700000000011642 ], [ 536089.699999999953434, 180548.5 ], [ 536110.099999999976717, 180548.9 ], [ 536130.400000000023283, 180548.9 ], [ 536173.099999999976717, 180546.0 ], [ 536214.599999999976717, 180544.1 ], [ 536232.900000000023283, 180541.9 ], [ 536313.400000000023283, 180525.0 ], [ 536326.400000000023283, 180519.4 ], [ 536328.0, 180515.1 ], [ 536327.800000000046566, 180511.200000000011642 ], [ 536333.300000000046566, 180509.799999999988358 ], [ 536339.0, 180508.700000000011642 ], [ 536345.800000000046566, 180515.4 ], [ 536357.800000000046566, 180511.700000000011642 ], [ 536382.5, 180506.200000000011642 ], [ 536410.699999999953434, 180495.700000000011642 ], [ 536425.099999999976717, 180489.5 ], [ 536469.599999999976717, 180468.799999999988358 ], [ 536494.300000000046566, 180453.299999999988358 ], [ 536516.400000000023283, 180437.0 ], [ 536549.099999999976717, 180404.4 ], [ 536560.599999999976717, 180391.6 ], [ 536572.400000000023283, 180370.6 ], [ 536582.099999999976717, 180357.9 ], [ 536585.0, 180352.9 ], [ 536587.300000000046566, 180347.9 ], [ 536589.5, 180336.799999999988358 ], [ 536595.800000000046566, 180329.0 ], [ 536607.900000000023283, 180304.4 ], [ 536624.800000000046566, 180260.799999999988358 ], [ 536612.900000000023283, 180251.299999999988358 ], [ 536615.699999999953434, 180241.6 ], [ 536626.699999999953434, 180239.799999999988358 ], [ 536627.800000000046566, 180233.0 ], [ 536628.5, 180226.200000000011642 ], [ 536618.199999999953434, 180224.200000000011642 ], [ 536618.300000000046566, 180214.5 ], [ 536635.599999999976717, 180213.1 ], [ 536650.5, 180215.6 ], [ 536658.099999999976717, 180213.700000000011642 ], [ 536661.400000000023283, 180211.0 ], [ 536656.599999999976717, 180200.799999999988358 ], [ 536660.800000000046566, 180190.200000000011642 ], [ 536660.900000000023283, 180179.6 ], [ 536659.5, 180167.9 ], [ 536662.400000000023283, 180140.9 ], [ 536661.099999999976717, 180129.1 ], [ 536667.400000000023283, 180080.9 ], [ 536667.0, 180073.9 ], [ 536663.599999999976717, 180070.0 ], [ 536668.300000000046566, 180041.5 ], [ 536671.199999999953434, 180017.799999999988358 ], [ 536674.599999999976717, 180000.0 ], [ 536677.0, 179932.5 ], [ 536677.300000000046566, 179917.1 ], [ 536676.400000000023283, 179892.299999999988358 ], [ 536673.800000000046566, 179861.5 ], [ 536673.599999999976717, 179853.1 ], [ 536673.599999999976717, 179743.700000000011642 ], [ 536655.800000000046566, 179741.700000000011642 ], [ 536644.900000000023283, 179739.1 ], [ 536658.099999999976717, 179656.799999999988358 ], [ 536667.699999999953434, 179654.200000000011642 ], [ 536662.300000000046566, 179502.200000000011642 ], [ 536646.300000000046566, 179500.299999999988358 ], [ 536642.099999999976717, 179471.9 ], [ 536644.599999999976717, 179469.5 ], [ 536640.800000000046566, 179390.4 ], [ 536662.5, 179389.200000000011642 ], [ 536672.900000000023283, 179289.4 ], [ 536670.599999999976717, 179286.6 ], [ 536665.400000000023283, 179282.1 ], [ 536660.300000000046566, 179279.0 ], [ 536648.800000000046566, 179274.799999999988358 ], [ 536646.900000000023283, 179273.6 ], [ 536646.5, 179271.0 ], [ 536646.5, 179266.1 ], [ 536647.5, 179261.9 ], [ 536648.900000000023283, 179258.799999999988358 ], [ 536655.300000000046566, 179251.299999999988358 ], [ 536661.599999999976717, 179252.799999999988358 ], [ 536665.0, 179252.700000000011642 ], [ 536667.400000000023283, 179252.1 ], [ 536671.900000000023283, 179249.1 ], [ 536672.400000000023283, 179246.700000000011642 ], [ 536672.599999999976717, 179243.799999999988358 ], [ 536670.900000000023283, 179224.4 ], [ 536667.099999999976717, 179183.9 ], [ 536663.300000000046566, 179144.9 ], [ 536663.400000000023283, 179133.9 ], [ 536666.400000000023283, 179109.5 ], [ 536666.199999999953434, 179106.700000000011642 ], [ 536665.300000000046566, 179104.0 ], [ 536664.0, 179101.9 ], [ 536659.900000000023283, 179098.6 ], [ 536647.599999999976717, 179095.299999999988358 ], [ 536638.300000000046566, 179094.1 ], [ 536634.400000000023283, 179092.6 ], [ 536631.599999999976717, 179090.700000000011642 ], [ 536629.400000000023283, 179087.700000000011642 ], [ 536629.900000000023283, 179078.700000000011642 ], [ 536632.300000000046566, 179076.0 ], [ 536636.699999999953434, 179073.6 ], [ 536641.400000000023283, 179073.0 ], [ 536647.199999999953434, 179074.700000000011642 ], [ 536649.099999999976717, 179076.1 ], [ 536653.599999999976717, 179081.799999999988358 ], [ 536655.900000000023283, 179083.1 ], [ 536659.099999999976717, 179083.4 ], [ 536663.199999999953434, 179082.9 ], [ 536667.400000000023283, 179081.200000000011642 ], [ 536670.900000000023283, 179078.6 ], [ 536672.699999999953434, 179076.700000000011642 ], [ 536679.0, 179045.5 ], [ 536674.900000000023283, 179029.6 ], [ 536679.900000000023283, 179021.0 ], [ 536694.699999999953434, 178970.9 ], [ 536691.199999999953434, 178965.299999999988358 ], [ 536690.599999999976717, 178960.200000000011642 ], [ 536691.0, 178958.6 ], [ 536691.900000000023283, 178955.299999999988358 ], [ 536695.099999999976717, 178942.5 ], [ 536705.699999999953434, 178944.1 ], [ 536707.5, 178936.299999999988358 ], [ 536700.300000000046566, 178932.1 ], [ 536700.800000000046566, 178929.299999999988358 ], [ 536704.699999999953434, 178919.0 ], [ 536712.199999999953434, 178907.5 ], [ 536719.599999999976717, 178893.6 ], [ 536734.0, 178849.9 ], [ 536746.199999999953434, 178820.200000000011642 ], [ 536756.099999999976717, 178800.6 ], [ 536792.599999999976717, 178721.4 ], [ 536821.400000000023283, 178666.799999999988358 ], [ 536835.900000000023283, 178634.9 ], [ 536844.5, 178618.1 ], [ 536859.900000000023283, 178591.4 ], [ 536860.900000000023283, 178589.799999999988358 ], [ 536885.300000000046566, 178551.1 ], [ 536909.300000000046566, 178507.1 ], [ 536916.900000000023283, 178494.0 ], [ 536920.0, 178487.299999999988358 ], [ 536924.900000000023283, 178479.9 ], [ 536928.0, 178476.4 ], [ 536956.800000000046566, 178437.0 ], [ 536952.599999999976717, 178430.799999999988358 ], [ 536997.599999999976717, 178372.700000000011642 ], [ 537012.900000000023283, 178354.5 ], [ 537055.5, 178309.299999999988358 ], [ 537099.5, 178265.200000000011642 ], [ 537121.5, 178249.5 ], [ 537131.199999999953434, 178240.700000000011642 ], [ 537156.400000000023283, 178219.299999999988358 ], [ 537183.0, 178196.6 ], [ 537237.300000000046566, 178153.6 ], [ 537234.5, 178138.9 ], [ 537236.199999999953434, 178138.4 ], [ 537238.699999999953434, 178137.700000000011642 ], [ 537242.599999999976717, 178136.6 ], [ 537249.900000000023283, 178146.4 ], [ 537295.099999999976717, 178118.700000000011642 ], [ 537293.199999999953434, 178113.0 ], [ 537354.300000000046566, 178075.200000000011642 ], [ 537393.0, 178052.4 ], [ 537385.900000000023283, 178036.200000000011642 ], [ 537396.800000000046566, 178029.700000000011642 ], [ 537407.900000000023283, 178043.9 ], [ 537497.199999999953434, 177993.0 ], [ 537523.199999999953434, 177978.4 ], [ 537529.900000000023283, 177975.0 ], [ 537543.0, 177968.799999999988358 ], [ 537569.599999999976717, 177957.200000000011642 ], [ 537630.099999999976717, 177934.6 ], [ 537663.400000000023283, 177922.1 ], [ 537665.400000000023283, 177913.200000000011642 ], [ 537672.599999999976717, 177882.200000000011642 ], [ 537681.300000000046566, 177830.6 ], [ 537686.699999999953434, 177805.9 ], [ 537689.599999999976717, 177796.299999999988358 ], [ 537695.300000000046566, 177782.6 ], [ 537711.599999999976717, 177755.4 ], [ 537728.099999999976717, 177743.0 ], [ 537828.5, 177718.799999999988358 ], [ 537830.199999999953434, 177686.9 ], [ 537831.599999999976717, 177673.5 ], [ 537792.5, 177584.5 ], [ 537790.900000000023283, 177581.0 ], [ 537785.199999999953434, 177568.6 ], [ 537774.699999999953434, 177560.5 ], [ 537768.800000000046566, 177554.5 ], [ 537656.699999999953434, 177512.799999999988358 ], [ 537652.599999999976717, 177505.700000000011642 ], [ 537650.199999999953434, 177499.1 ], [ 537648.199999999953434, 177490.9 ], [ 537647.800000000046566, 177486.9 ], [ 537649.199999999953434, 177471.9 ], [ 537639.800000000046566, 177443.0 ], [ 537649.699999999953434, 177439.0 ], [ 537635.800000000046566, 177335.299999999988358 ], [ 537638.900000000023283, 177332.9 ], [ 537636.699999999953434, 177306.9 ], [ 537623.199999999953434, 177305.200000000011642 ], [ 537609.800000000046566, 177308.4 ], [ 537610.199999999953434, 177299.700000000011642 ], [ 537627.900000000023283, 177299.4 ], [ 537630.400000000023283, 177298.700000000011642 ], [ 537634.300000000046566, 177296.799999999988358 ], [ 537636.0, 177295.4 ], [ 537641.400000000023283, 177273.9 ], [ 537647.300000000046566, 177265.700000000011642 ], [ 537648.099999999976717, 177231.5 ], [ 537646.099999999976717, 177224.700000000011642 ], [ 537643.699999999953434, 177221.299999999988358 ], [ 537638.800000000046566, 177217.700000000011642 ], [ 537613.900000000023283, 177208.700000000011642 ], [ 537598.900000000023283, 177211.799999999988358 ], [ 537558.699999999953434, 177171.5 ], [ 537547.400000000023283, 177157.4 ], [ 537545.0, 177153.799999999988358 ], [ 537543.300000000046566, 177150.700000000011642 ], [ 537533.400000000023283, 177132.700000000011642 ], [ 537536.300000000046566, 177127.200000000011642 ], [ 537535.099999999976717, 177122.5 ], [ 537532.0, 177117.1 ], [ 537527.300000000046566, 177112.299999999988358 ], [ 537524.199999999953434, 177110.299999999988358 ], [ 537514.5, 177106.5 ], [ 537506.0, 177106.700000000011642 ], [ 537500.5, 177105.9 ], [ 537489.599999999976717, 177105.799999999988358 ], [ 537420.099999999976717, 177071.4 ], [ 537416.599999999976717, 177076.700000000011642 ], [ 537408.900000000023283, 177066.299999999988358 ], [ 537436.900000000023283, 177059.1 ], [ 537453.199999999953434, 177067.299999999988358 ], [ 537467.199999999953434, 177073.4 ], [ 537484.300000000046566, 177079.6 ], [ 537498.800000000046566, 177083.799999999988358 ], [ 537512.800000000046566, 177086.9 ], [ 537537.0, 177093.9 ], [ 537539.599999999976717, 177094.6 ], [ 537545.900000000023283, 177065.299999999988358 ], [ 537544.699999999953434, 177061.299999999988358 ], [ 537541.800000000046566, 177054.6 ], [ 537537.900000000023283, 177048.5 ], [ 537533.199999999953434, 177043.1 ], [ 537531.199999999953434, 177041.6 ], [ 537528.599999999976717, 177039.6 ], [ 537523.400000000023283, 177037.200000000011642 ], [ 537518.099999999976717, 177035.9 ], [ 537449.5, 177031.6 ], [ 537439.099999999976717, 177018.700000000011642 ], [ 537433.800000000046566, 177015.1 ], [ 537428.699999999953434, 177013.4 ], [ 537413.900000000023283, 177011.1 ], [ 537413.699999999953434, 177008.200000000011642 ], [ 537413.300000000046566, 177004.1 ], [ 537415.099999999976717, 177000.5 ], [ 537417.699999999953434, 177000.5 ], [ 537440.800000000046566, 176999.799999999988358 ], [ 537450.699999999953434, 176997.200000000011642 ], [ 537466.599999999976717, 176990.9 ], [ 537516.400000000023283, 177009.9 ], [ 537526.099999999976717, 176998.299999999988358 ], [ 537526.400000000023283, 176998.700000000011642 ], [ 537534.300000000046566, 177006.200000000011642 ], [ 537553.0, 177025.700000000011642 ], [ 537572.0, 177049.6 ], [ 537577.5, 177057.4 ], [ 537583.5, 177068.1 ], [ 537568.0, 177068.799999999988358 ], [ 537558.900000000023283, 177110.1 ], [ 537557.800000000046566, 177129.5 ], [ 537558.099999999976717, 177136.0 ], [ 537565.900000000023283, 177145.299999999988358 ], [ 537575.0, 177153.9 ], [ 537603.199999999953434, 177179.0 ], [ 537607.300000000046566, 177182.299999999988358 ], [ 537610.400000000023283, 177183.799999999988358 ], [ 537617.300000000046566, 177185.700000000011642 ], [ 537623.0, 177185.799999999988358 ], [ 537626.800000000046566, 177185.6 ], [ 537629.5, 177184.0 ], [ 537629.599999999976717, 177183.5 ], [ 537621.699999999953434, 177171.4 ], [ 537632.800000000046566, 177162.4 ], [ 537664.099999999976717, 177198.5 ], [ 537668.0, 177202.4 ], [ 537670.099999999976717, 177205.9 ], [ 537672.099999999976717, 177212.9 ], [ 537680.400000000023283, 177233.9 ], [ 537669.699999999953434, 177287.4 ], [ 537667.300000000046566, 177324.0 ], [ 537668.099999999976717, 177332.200000000011642 ], [ 537687.699999999953434, 177424.799999999988358 ], [ 537706.800000000046566, 177463.9 ], [ 537714.199999999953434, 177460.200000000011642 ], [ 537740.900000000023283, 177497.9 ], [ 537742.900000000023283, 177500.1 ], [ 537746.699999999953434, 177503.799999999988358 ], [ 537754.900000000023283, 177509.6 ], [ 537792.199999999953434, 177529.0 ], [ 537799.300000000046566, 177534.299999999988358 ], [ 537807.900000000023283, 177543.200000000011642 ], [ 537871.599999999976717, 177674.299999999988358 ], [ 537877.900000000023283, 177692.5 ], [ 537881.099999999976717, 177697.0 ], [ 537882.900000000023283, 177702.1 ], [ 537886.699999999953434, 177725.299999999988358 ], [ 537926.5, 177722.700000000011642 ], [ 537932.0, 177735.799999999988358 ], [ 537931.599999999976717, 177736.5 ], [ 537926.800000000046566, 177740.200000000011642 ], [ 537884.0, 177742.9 ], [ 537862.400000000023283, 177752.9 ], [ 537792.400000000023283, 177778.9 ], [ 537773.400000000023283, 177788.299999999988358 ], [ 537732.599999999976717, 177814.799999999988358 ], [ 537728.0, 177819.5 ], [ 537725.800000000046566, 177822.799999999988358 ], [ 537723.599999999976717, 177828.799999999988358 ], [ 537720.199999999953434, 177850.200000000011642 ], [ 537718.199999999953434, 177871.5 ], [ 537718.699999999953434, 177876.5 ], [ 537722.300000000046566, 177885.1 ], [ 537724.199999999953434, 177887.6 ], [ 537729.099999999976717, 177891.9 ], [ 537731.900000000023283, 177893.5 ], [ 537736.599999999976717, 177895.1 ], [ 537789.400000000023283, 177896.0 ], [ 537836.800000000046566, 177896.799999999988358 ], [ 537837.0, 177889.4 ], [ 537837.900000000023283, 177866.1 ], [ 537874.5, 177862.9 ], [ 537885.099999999976717, 177857.299999999988358 ], [ 537897.599999999976717, 177859.0 ], [ 537898.800000000046566, 177852.1 ], [ 537908.900000000023283, 177853.200000000011642 ], [ 537910.699999999953434, 177879.200000000011642 ], [ 537911.199999999953434, 177886.700000000011642 ], [ 537957.300000000046566, 177884.6 ], [ 537958.699999999953434, 177890.9 ], [ 538003.900000000023283, 177889.6 ], [ 538003.199999999953434, 177870.6 ], [ 538029.400000000023283, 177869.5 ], [ 538048.900000000023283, 177869.4 ], [ 538108.300000000046566, 177870.799999999988358 ], [ 538118.900000000023283, 177871.700000000011642 ], [ 538125.400000000023283, 177872.5 ], [ 538126.599999999976717, 177882.6 ], [ 538144.199999999953434, 177887.0 ], [ 538161.300000000046566, 177891.200000000011642 ], [ 538164.800000000046566, 177885.700000000011642 ], [ 538195.300000000046566, 177892.799999999988358 ], [ 538199.800000000046566, 177886.4 ], [ 538209.199999999953434, 177889.1 ], [ 538210.099999999976717, 177889.700000000011642 ], [ 538204.5, 177915.200000000011642 ], [ 538243.400000000023283, 177923.6 ], [ 538272.599999999976717, 177928.6 ], [ 538280.400000000023283, 177930.299999999988358 ], [ 538280.599999999976717, 177944.9 ], [ 538281.300000000046566, 177950.299999999988358 ], [ 538357.5, 177975.6 ], [ 538378.5, 177980.5 ], [ 538384.0, 177967.200000000011642 ], [ 538389.0, 177958.5 ], [ 538391.300000000046566, 177953.1 ], [ 538457.099999999976717, 177979.4 ], [ 538464.599999999976717, 177975.700000000011642 ], [ 538609.699999999953434, 178060.5 ], [ 538618.599999999976717, 178071.6 ], [ 538639.5, 178082.299999999988358 ], [ 538645.0, 178079.6 ], [ 538657.099999999976717, 178073.5 ], [ 538711.800000000046566, 178106.200000000011642 ], [ 538715.800000000046566, 178102.799999999988358 ], [ 538724.800000000046566, 178109.799999999988358 ], [ 538732.199999999953434, 178103.200000000011642 ], [ 538740.0, 178111.4 ], [ 538734.0, 178119.200000000011642 ], [ 538821.5, 178191.6 ], [ 538807.400000000023283, 178213.299999999988358 ], [ 538802.300000000046566, 178219.6 ], [ 538844.5, 178258.299999999988358 ], [ 538852.199999999953434, 178249.6 ], [ 538836.099999999976717, 178233.6 ], [ 538845.0, 178220.4 ], [ 538869.599999999976717, 178242.9 ], [ 538870.900000000023283, 178254.9 ], [ 538873.300000000046566, 178262.4 ], [ 538876.800000000046566, 178269.4 ], [ 538879.0, 178272.700000000011642 ], [ 538912.800000000046566, 178299.700000000011642 ], [ 538920.300000000046566, 178291.5 ], [ 538953.0, 178314.200000000011642 ], [ 538968.900000000023283, 178331.700000000011642 ], [ 539006.699999999953434, 178394.5 ], [ 539014.900000000023283, 178406.4 ], [ 539020.0, 178414.799999999988358 ], [ 539028.0, 178430.700000000011642 ], [ 539032.699999999953434, 178437.9 ], [ 539045.099999999976717, 178433.799999999988358 ], [ 539056.199999999953434, 178457.0 ], [ 539045.699999999953434, 178462.700000000011642 ], [ 539068.599999999976717, 178515.6 ], [ 539090.699999999953434, 178511.4 ], [ 539091.199999999953434, 178512.299999999988358 ], [ 539092.900000000023283, 178521.5 ], [ 539081.199999999953434, 178526.299999999988358 ], [ 539094.599999999976717, 178581.9 ], [ 539104.599999999976717, 178583.0 ], [ 539120.300000000046566, 178678.299999999988358 ], [ 539114.0, 178680.299999999988358 ], [ 539112.599999999976717, 178736.0 ], [ 539121.800000000046566, 178739.0 ], [ 539111.900000000023283, 178836.9 ], [ 539112.099999999976717, 178842.200000000011642 ], [ 539113.099999999976717, 178847.299999999988358 ], [ 539125.800000000046566, 178883.799999999988358 ], [ 539126.900000000023283, 178891.6 ], [ 539118.599999999976717, 178913.5 ], [ 539112.199999999953434, 178942.5 ], [ 539105.0, 178969.4 ], [ 539103.900000000023283, 178996.799999999988358 ], [ 539105.199999999953434, 179018.200000000011642 ], [ 539077.099999999976717, 179007.5 ], [ 539068.800000000046566, 179032.4 ], [ 539061.900000000023283, 179051.0 ], [ 539058.699999999953434, 179062.799999999988358 ], [ 539048.199999999953434, 179090.299999999988358 ], [ 539055.300000000046566, 179094.799999999988358 ], [ 539043.199999999953434, 179125.9 ], [ 539046.199999999953434, 179129.9 ], [ 539039.800000000046566, 179139.700000000011642 ], [ 539034.599999999976717, 179144.799999999988358 ], [ 539025.800000000046566, 179145.4 ], [ 539004.099999999976717, 179170.0 ], [ 539003.099999999976717, 179172.200000000011642 ], [ 539001.900000000023283, 179176.299999999988358 ], [ 539001.5, 179180.5 ], [ 539001.699999999953434, 179184.700000000011642 ], [ 539003.599999999976717, 179191.5 ], [ 539011.599999999976717, 179204.299999999988358 ], [ 539015.0, 179205.799999999988358 ], [ 539017.800000000046566, 179208.0 ], [ 539020.300000000046566, 179211.1 ], [ 539021.900000000023283, 179215.799999999988358 ], [ 539017.800000000046566, 179239.200000000011642 ], [ 539014.400000000023283, 179250.9 ], [ 539013.699999999953434, 179258.4 ], [ 538993.400000000023283, 179292.6 ], [ 538914.5, 179261.200000000011642 ], [ 538858.699999999953434, 179388.799999999988358 ], [ 538856.699999999953434, 179395.299999999988358 ], [ 538854.699999999953434, 179406.799999999988358 ], [ 538825.5, 179501.200000000011642 ], [ 538847.800000000046566, 179509.1 ], [ 538807.5, 179605.5 ], [ 538821.300000000046566, 179610.1 ], [ 538808.099999999976717, 179661.0 ], [ 538794.900000000023283, 179665.799999999988358 ], [ 538787.300000000046566, 179664.1 ], [ 538775.300000000046566, 179720.4 ], [ 538772.099999999976717, 179731.1 ], [ 538768.5, 179751.1 ], [ 538767.900000000023283, 179762.0 ], [ 538762.099999999976717, 179803.0 ], [ 538756.300000000046566, 179896.299999999988358 ], [ 538756.099999999976717, 179931.799999999988358 ], [ 538785.900000000023283, 179933.9 ], [ 538785.300000000046566, 179956.299999999988358 ], [ 538785.599999999976717, 179978.0 ], [ 538785.099999999976717, 179979.799999999988358 ], [ 538776.800000000046566, 179983.9 ], [ 538780.699999999953434, 180000.0 ], [ 538785.400000000023283, 180009.5 ], [ 538804.0, 180004.9 ], [ 538806.699999999953434, 180014.9 ], [ 538806.699999999953434, 180015.9 ], [ 538773.5, 180025.6 ], [ 538773.099999999976717, 180026.9 ], [ 538772.0, 180040.799999999988358 ], [ 538785.099999999976717, 180091.0 ], [ 538792.900000000023283, 180113.9 ], [ 538798.800000000046566, 180127.1 ], [ 538807.599999999976717, 180143.9 ], [ 538817.800000000046566, 180160.299999999988358 ], [ 538835.699999999953434, 180181.799999999988358 ], [ 538865.099999999976717, 180214.799999999988358 ], [ 538881.800000000046566, 180232.1 ], [ 538893.300000000046566, 180242.9 ], [ 538917.199999999953434, 180263.700000000011642 ], [ 538929.699999999953434, 180273.6 ], [ 538963.400000000023283, 180296.4 ], [ 539008.300000000046566, 180316.9 ], [ 539036.900000000023283, 180328.299999999988358 ], [ 539054.400000000023283, 180332.200000000011642 ], [ 539093.5, 180340.0 ], [ 539133.900000000023283, 180339.4 ], [ 539149.300000000046566, 180337.4 ], [ 539190.800000000046566, 180324.4 ], [ 539246.900000000023283, 180292.9 ], [ 539263.900000000023283, 180280.5 ], [ 539286.099999999976717, 180256.700000000011642 ], [ 539318.599999999976717, 180218.4 ], [ 539355.199999999953434, 180171.1 ], [ 539377.300000000046566, 180139.5 ], [ 539479.300000000046566, 180007.700000000011642 ], [ 539488.099999999976717, 180000.0 ], [ 539503.800000000046566, 179978.200000000011642 ], [ 539536.5, 179934.0 ], [ 539671.199999999953434, 179751.9 ], [ 539720.599999999976717, 179688.799999999988358 ], [ 539743.800000000046566, 179662.200000000011642 ], [ 539784.5, 179612.799999999988358 ], [ 539789.0, 179608.200000000011642 ], [ 539810.199999999953434, 179587.5 ], [ 539827.800000000046566, 179571.9 ], [ 539851.900000000023283, 179552.4 ], [ 539880.300000000046566, 179527.6 ], [ 539884.0, 179523.299999999988358 ], [ 539885.400000000023283, 179521.1 ], [ 539892.0, 179493.1 ], [ 539893.699999999953434, 179488.9 ], [ 539896.300000000046566, 179484.299999999988358 ], [ 539928.5, 179441.299999999988358 ], [ 539939.5, 179430.0 ], [ 539946.300000000046566, 179423.9 ], [ 539959.400000000023283, 179413.700000000011642 ], [ 539973.5, 179400.0 ], [ 540000.0, 179385.0 ], [ 540000.099999999976717, 179385.0 ], [ 540022.400000000023283, 179373.6 ], [ 540019.199999999953434, 179367.0 ], [ 540022.099999999976717, 179365.1 ], [ 540025.199999999953434, 179363.6 ], [ 540030.5, 179368.0 ], [ 540105.0, 179321.6 ], [ 540111.099999999976717, 179321.700000000011642 ], [ 540126.300000000046566, 179314.9 ], [ 540133.800000000046566, 179307.200000000011642 ], [ 540136.900000000023283, 179305.5 ], [ 540146.400000000023283, 179302.4 ], [ 540150.199999999953434, 179297.5 ], [ 540165.199999999953434, 179291.4 ], [ 540173.199999999953434, 179283.700000000011642 ], [ 540180.199999999953434, 179278.200000000011642 ], [ 540185.300000000046566, 179286.5 ], [ 540216.599999999976717, 179270.9 ], [ 540268.400000000023283, 179246.4 ], [ 540272.199999999953434, 179259.1 ], [ 540318.900000000023283, 179246.1 ], [ 540346.699999999953434, 179241.0 ], [ 540379.5, 179233.700000000011642 ], [ 540443.199999999953434, 179216.5 ], [ 540435.800000000046566, 179167.4 ], [ 540464.0, 179160.5 ], [ 540467.800000000046566, 179175.9 ], [ 540485.400000000023283, 179200.1 ], [ 540518.900000000023283, 179195.799999999988358 ], [ 540585.199999999953434, 179178.799999999988358 ], [ 540590.400000000023283, 179163.200000000011642 ], [ 540630.800000000046566, 179155.799999999988358 ], [ 540673.599999999976717, 179155.799999999988358 ], [ 540692.199999999953434, 179156.799999999988358 ], [ 540693.599999999976717, 179163.0 ], [ 540747.199999999953434, 179161.5 ], [ 540844.800000000046566, 179154.299999999988358 ], [ 540865.300000000046566, 179158.299999999988358 ], [ 540903.699999999953434, 179163.700000000011642 ], [ 540906.300000000046566, 179151.6 ], [ 540932.300000000046566, 179156.0 ], [ 540931.099999999976717, 179167.799999999988358 ], [ 540950.900000000023283, 179174.4 ], [ 540952.699999999953434, 179170.700000000011642 ], [ 540953.599999999976717, 179168.700000000011642 ], [ 540979.5, 179174.700000000011642 ], [ 540985.199999999953434, 179164.1 ], [ 541014.0, 179172.0 ], [ 541021.199999999953434, 179177.299999999988358 ], [ 541116.5, 179207.799999999988358 ], [ 541136.699999999953434, 179212.299999999988358 ], [ 541150.300000000046566, 179213.1 ], [ 541164.0, 179215.6 ], [ 541206.300000000046566, 179226.5 ], [ 541235.900000000023283, 179234.700000000011642 ], [ 541266.0, 179243.200000000011642 ], [ 541332.400000000023283, 179265.799999999988358 ], [ 541346.900000000023283, 179268.5 ], [ 541369.900000000023283, 179276.200000000011642 ], [ 541386.300000000046566, 179283.5 ], [ 541402.099999999976717, 179288.200000000011642 ], [ 541418.199999999953434, 179290.0 ], [ 541446.699999999953434, 179283.4 ], [ 541466.5, 179287.9 ], [ 541478.300000000046566, 179287.5 ], [ 541495.199999999953434, 179291.200000000011642 ], [ 541496.900000000023283, 179293.4 ], [ 541502.900000000023283, 179304.700000000011642 ], [ 541514.5, 179311.6 ], [ 541537.099999999976717, 179314.5 ], [ 541571.599999999976717, 179322.299999999988358 ], [ 541661.800000000046566, 179345.799999999988358 ], [ 541698.699999999953434, 179356.200000000011642 ], [ 541727.400000000023283, 179363.1 ], [ 541798.400000000023283, 179362.799999999988358 ], [ 541821.400000000023283, 179361.9 ], [ 541844.300000000046566, 179360.799999999988358 ], [ 541893.400000000023283, 179356.4 ], [ 541957.199999999953434, 179353.9 ], [ 542107.699999999953434, 179344.0 ], [ 542265.900000000023283, 179336.9 ], [ 542347.5, 179331.5 ], [ 542385.300000000046566, 179327.1 ], [ 542434.5, 179323.200000000011642 ], [ 542437.0, 179322.9 ], [ 542570.900000000023283, 179309.299999999988358 ], [ 542669.0, 179300.799999999988358 ], [ 542794.400000000023283, 179288.9 ], [ 542797.0, 179284.4 ], [ 542813.5, 179283.700000000011642 ], [ 542819.400000000023283, 179288.299999999988358 ], [ 542836.0, 179288.1 ], [ 542839.599999999976717, 179283.5 ], [ 542860.199999999953434, 179284.200000000011642 ], [ 542866.199999999953434, 179288.299999999988358 ], [ 542942.400000000023283, 179286.6 ], [ 542945.099999999976717, 179281.299999999988358 ], [ 542947.099999999976717, 179242.1 ], [ 542948.599999999976717, 179241.9 ], [ 542965.900000000023283, 179242.799999999988358 ], [ 542963.900000000023283, 179283.4 ], [ 542969.0, 179286.5 ], [ 543020.400000000023283, 179288.9 ], [ 543027.400000000023283, 179260.6 ], [ 543028.699999999953434, 179260.5 ], [ 543041.300000000046566, 179262.4 ], [ 543038.5, 179287.6 ], [ 543043.5, 179291.799999999988358 ], [ 543164.199999999953434, 179304.9 ], [ 543264.599999999976717, 179313.799999999988358 ], [ 543272.900000000023283, 179299.9 ], [ 543308.599999999976717, 179307.6 ], [ 543317.900000000023283, 179308.4 ], [ 543369.800000000046566, 179321.799999999988358 ], [ 543382.099999999976717, 179305.200000000011642 ], [ 543382.900000000023283, 179305.1 ], [ 543388.099999999976717, 179307.200000000011642 ], [ 543386.0, 179328.799999999988358 ], [ 543437.800000000046566, 179333.4 ], [ 543454.0, 179332.6 ], [ 543650.400000000023283, 179361.799999999988358 ], [ 543710.699999999953434, 179369.6 ], [ 543734.199999999953434, 179374.9 ], [ 543816.099999999976717, 179390.1 ], [ 543983.5, 179434.0 ], [ 544131.800000000046566, 179480.700000000011642 ], [ 544201.800000000046566, 179504.799999999988358 ], [ 544214.099999999976717, 179486.700000000011642 ], [ 544222.0, 179482.200000000011642 ], [ 544235.800000000046566, 179481.299999999988358 ], [ 544255.800000000046566, 179489.700000000011642 ], [ 544247.300000000046566, 179525.4 ], [ 544287.599999999976717, 179552.6 ], [ 544318.199999999953434, 179574.1 ], [ 544409.900000000023283, 179647.6 ], [ 544531.199999999953434, 179742.0 ], [ 544628.599999999976717, 179827.299999999988358 ], [ 544639.0, 179820.200000000011642 ], [ 544642.699999999953434, 179824.700000000011642 ], [ 544646.300000000046566, 179829.4 ], [ 544638.199999999953434, 179839.4 ], [ 544692.400000000023283, 179934.6 ], [ 544730.099999999976717, 180000.0 ], [ 544730.199999999953434, 180000.0 ], [ 544750.0, 180028.700000000011642 ], [ 544754.5, 180032.4 ], [ 544775.599999999976717, 180068.5 ], [ 544879.900000000023283, 180271.200000000011642 ], [ 544906.300000000046566, 180325.4 ], [ 544921.300000000046566, 180351.6 ], [ 544930.199999999953434, 180354.6 ], [ 544933.300000000046566, 180349.299999999988358 ], [ 544930.800000000046566, 180339.5 ], [ 544938.099999999976717, 180340.799999999988358 ], [ 544949.699999999953434, 180368.1 ], [ 544955.599999999976717, 180375.799999999988358 ], [ 544962.099999999976717, 180383.200000000011642 ], [ 544977.599999999976717, 180393.5 ], [ 544986.5, 180403.0 ], [ 544988.199999999953434, 180411.799999999988358 ], [ 544992.300000000046566, 180442.4 ], [ 544999.900000000023283, 180520.4 ], [ 545000.0, 180522.9 ], [ 545002.099999999976717, 180567.799999999988358 ], [ 545004.800000000046566, 180580.1 ], [ 545020.099999999976717, 180592.4 ], [ 545039.300000000046566, 180614.4 ], [ 545094.099999999976717, 180686.799999999988358 ], [ 545207.199999999953434, 180849.0 ], [ 545240.5, 180896.799999999988358 ], [ 545262.5, 180940.200000000011642 ], [ 545269.5, 180950.6 ], [ 545271.400000000023283, 180962.0 ], [ 545278.199999999953434, 180972.0 ], [ 545293.199999999953434, 180976.0 ], [ 545329.099999999976717, 180981.6 ], [ 545352.699999999953434, 180983.200000000011642 ], [ 545426.099999999976717, 180980.700000000011642 ], [ 545456.400000000023283, 180971.1 ], [ 545538.5, 181002.6 ], [ 545605.800000000046566, 181025.5 ], [ 545643.900000000023283, 181036.200000000011642 ], [ 545730.599999999976717, 181050.5 ], [ 545782.699999999953434, 181057.0 ], [ 545846.400000000023283, 181062.799999999988358 ], [ 545907.400000000023283, 181061.1 ], [ 546001.800000000046566, 181056.9 ], [ 546076.699999999953434, 181052.5 ], [ 546140.599999999976717, 181050.299999999988358 ], [ 546155.099999999976717, 181049.9 ], [ 546228.699999999953434, 181046.6 ], [ 546232.300000000046566, 181041.5 ], [ 546307.599999999976717, 181046.4 ], [ 546309.199999999953434, 181053.5 ], [ 546361.900000000023283, 181059.799999999988358 ], [ 546446.599999999976717, 181072.0 ], [ 546525.900000000023283, 181085.9 ], [ 546627.900000000023283, 181108.700000000011642 ], [ 546763.900000000023283, 181142.1 ], [ 546821.199999999953434, 181159.9 ], [ 546930.199999999953434, 181189.0 ], [ 547024.199999999953434, 181219.299999999988358 ], [ 547149.699999999953434, 181266.9 ], [ 547226.199999999953434, 181299.299999999988358 ], [ 547320.900000000023283, 181342.4 ], [ 547414.900000000023283, 181391.299999999988358 ], [ 547523.099999999976717, 181456.6 ], [ 547542.400000000023283, 181475.4 ], [ 547548.300000000046566, 181479.799999999988358 ], [ 547555.800000000046566, 181484.1 ], [ 547563.400000000023283, 181487.1 ], [ 547575.599999999976717, 181489.799999999988358 ], [ 547597.300000000046566, 181495.700000000011642 ], [ 547621.300000000046566, 181502.200000000011642 ], [ 547644.300000000046566, 181506.299999999988358 ], [ 547658.800000000046566, 181507.5 ], [ 547676.300000000046566, 181507.9 ], [ 547730.699999999953434, 181503.200000000011642 ], [ 547761.099999999976717, 181502.5 ], [ 547777.099999999976717, 181511.0 ], [ 547784.400000000023283, 181517.4 ], [ 547788.699999999953434, 181519.799999999988358 ], [ 547792.5, 181521.1 ], [ 547796.5, 181521.700000000011642 ], [ 547801.800000000046566, 181521.799999999988358 ], [ 547927.0, 181487.299999999988358 ], [ 547948.800000000046566, 181479.5 ], [ 547954.400000000023283, 181476.799999999988358 ], [ 547961.800000000046566, 181472.6 ], [ 547972.900000000023283, 181464.799999999988358 ], [ 548060.400000000023283, 181418.9 ], [ 548082.599999999976717, 181398.4 ], [ 548114.5, 181375.0 ], [ 548124.099999999976717, 181369.6 ], [ 548138.199999999953434, 181363.1 ], [ 548205.300000000046566, 181317.200000000011642 ], [ 548218.0, 181314.5 ], [ 548418.400000000023283, 181183.9 ], [ 548428.199999999953434, 181195.6 ], [ 548528.099999999976717, 181138.4 ], [ 548613.800000000046566, 181090.5 ], [ 548858.5, 180949.5 ], [ 548882.099999999976717, 180933.5 ], [ 548939.5, 180905.4 ], [ 548961.800000000046566, 180897.299999999988358 ], [ 549000.900000000023283, 180885.4 ], [ 549026.099999999976717, 180868.200000000011642 ], [ 549057.400000000023283, 180856.6 ], [ 549081.5, 180845.6 ], [ 549108.800000000046566, 180828.799999999988358 ], [ 549130.300000000046566, 180818.299999999988358 ], [ 549137.800000000046566, 180819.4 ], [ 549160.300000000046566, 180841.1 ], [ 549171.300000000046566, 180840.200000000011642 ], [ 549170.900000000023283, 180823.799999999988358 ], [ 549168.400000000023283, 180815.0 ], [ 549168.5, 180807.200000000011642 ], [ 549170.800000000046566, 180799.200000000011642 ], [ 549174.5, 180795.0 ], [ 549176.699999999953434, 180793.6 ], [ 549182.5, 180791.9 ], [ 549187.5, 180792.200000000011642 ], [ 549208.199999999953434, 180797.700000000011642 ], [ 549215.199999999953434, 180794.799999999988358 ], [ 549220.800000000046566, 180789.0 ], [ 549224.699999999953434, 180781.9 ], [ 549242.0, 180764.6 ], [ 549242.699999999953434, 180763.9 ], [ 549265.300000000046566, 180745.1 ], [ 549280.800000000046566, 180737.1 ], [ 549296.300000000046566, 180736.5 ], [ 549299.0, 180742.5 ], [ 549301.300000000046566, 180749.0 ], [ 549300.699999999953434, 180786.299999999988358 ], [ 549305.400000000023283, 180795.299999999988358 ], [ 549324.199999999953434, 180792.700000000011642 ], [ 549360.300000000046566, 180791.6 ], [ 549367.5, 180788.1 ], [ 549372.599999999976717, 180786.4 ], [ 549380.900000000023283, 180785.0 ], [ 549389.199999999953434, 180785.4 ], [ 549398.0, 180788.1 ], [ 549417.099999999976717, 180800.1 ], [ 549433.599999999976717, 180806.1 ], [ 549489.5, 180803.200000000011642 ], [ 549516.5, 180800.5 ], [ 549531.199999999953434, 180796.9 ], [ 549564.199999999953434, 180778.0 ], [ 549580.0, 180775.4 ], [ 549667.0, 180768.6 ], [ 549751.800000000046566, 180760.700000000011642 ], [ 549752.599999999976717, 180754.9 ], [ 549927.5, 180744.799999999988358 ], [ 549992.300000000046566, 180734.5 ], [ 550000.0, 180732.9 ], [ 550000.099999999976717, 180732.9 ], [ 550017.599999999976717, 180726.700000000011642 ], [ 550048.400000000023283, 180713.9 ], [ 550087.800000000046566, 180697.5 ], [ 550141.800000000046566, 180677.0 ], [ 550152.599999999976717, 180670.1 ], [ 550165.900000000023283, 180663.9 ], [ 550180.099999999976717, 180659.9 ], [ 550187.5, 180658.299999999988358 ], [ 550203.699999999953434, 180656.0 ], [ 550240.699999999953434, 180647.5 ], [ 550284.0, 180634.0 ], [ 550299.699999999953434, 180628.6 ], [ 550315.199999999953434, 180621.5 ], [ 550363.099999999976717, 180587.0 ], [ 550440.199999999953434, 180527.9 ], [ 550465.099999999976717, 180506.9 ], [ 550478.599999999976717, 180492.1 ], [ 550485.699999999953434, 180482.5 ], [ 550523.099999999976717, 180429.299999999988358 ], [ 550538.400000000023283, 180397.4 ], [ 550623.699999999953434, 180253.299999999988358 ], [ 550640.199999999953434, 180226.1 ], [ 550644.800000000046566, 180220.4 ], [ 550648.900000000023283, 180216.299999999988358 ], [ 550658.0, 180209.0 ], [ 550672.300000000046566, 180199.700000000011642 ], [ 550676.900000000023283, 180195.200000000011642 ], [ 550679.5, 180191.9 ], [ 550719.099999999976717, 180130.4 ], [ 550726.900000000023283, 180114.4 ], [ 550729.099999999976717, 180107.799999999988358 ], [ 550729.800000000046566, 180100.0 ], [ 550728.900000000023283, 180092.799999999988358 ], [ 550729.300000000046566, 180088.200000000011642 ], [ 550730.400000000023283, 180083.0 ], [ 550732.400000000023283, 180077.6 ], [ 550735.699999999953434, 180071.1 ], [ 550749.400000000023283, 180035.9 ], [ 550761.800000000046566, 180011.799999999988358 ], [ 550772.900000000023283, 180000.0 ], [ 550791.5, 179969.299999999988358 ], [ 550802.0, 179970.700000000011642 ], [ 550839.300000000046566, 179872.4 ], [ 550829.699999999953434, 179868.1 ], [ 550836.599999999976717, 179850.200000000011642 ], [ 550846.300000000046566, 179825.299999999988358 ], [ 550858.0, 179806.799999999988358 ], [ 550860.800000000046566, 179800.200000000011642 ], [ 550865.099999999976717, 179783.0 ], [ 550868.400000000023283, 179756.1 ], [ 550870.800000000046566, 179743.1 ], [ 550872.800000000046566, 179696.299999999988358 ], [ 550878.400000000023283, 179627.9 ], [ 550879.800000000046566, 179547.700000000011642 ], [ 550879.300000000046566, 179512.9 ], [ 550880.699999999953434, 179487.1 ], [ 550882.300000000046566, 179407.799999999988358 ], [ 550884.199999999953434, 179389.1 ], [ 550888.099999999976717, 179265.5 ], [ 550888.800000000046566, 179260.799999999988358 ], [ 550890.300000000046566, 179254.9 ], [ 550894.699999999953434, 179242.799999999988358 ], [ 550898.199999999953434, 179234.299999999988358 ], [ 550908.5, 179214.1 ], [ 550910.300000000046566, 179208.200000000011642 ], [ 550910.800000000046566, 179204.5 ], [ 550910.300000000046566, 179198.1 ], [ 550902.099999999976717, 179170.5 ], [ 550901.300000000046566, 179163.200000000011642 ], [ 550901.599999999976717, 179158.700000000011642 ], [ 550921.199999999953434, 179070.0 ], [ 550923.5, 179054.200000000011642 ], [ 550926.199999999953434, 179019.799999999988358 ], [ 550925.199999999953434, 179005.0 ], [ 550923.0, 178992.200000000011642 ], [ 550922.5, 178980.1 ], [ 550926.5, 178950.5 ], [ 550929.699999999953434, 178916.5 ], [ 550935.400000000023283, 178884.6 ], [ 550939.5, 178871.0 ], [ 550945.300000000046566, 178859.700000000011642 ], [ 550969.900000000023283, 178827.200000000011642 ], [ 550976.900000000023283, 178815.700000000011642 ], [ 550979.300000000046566, 178810.9 ], [ 550982.900000000023283, 178803.799999999988358 ], [ 550987.099999999976717, 178793.9 ], [ 550990.400000000023283, 178785.1 ], [ 550997.900000000023283, 178760.5 ], [ 551001.800000000046566, 178742.299999999988358 ], [ 551002.0, 178732.9 ], [ 551003.800000000046566, 178727.200000000011642 ], [ 551005.599999999976717, 178725.1 ], [ 551007.800000000046566, 178723.4 ], [ 551013.599999999976717, 178720.6 ], [ 551017.900000000023283, 178717.6 ], [ 551020.599999999976717, 178714.4 ], [ 551022.900000000023283, 178709.1 ], [ 551026.0, 178699.200000000011642 ], [ 551028.199999999953434, 178695.1 ], [ 551050.5, 178670.5 ], [ 551071.800000000046566, 178681.5 ], [ 551126.0, 178590.5 ], [ 551101.800000000046566, 178574.299999999988358 ], [ 551107.800000000046566, 178564.1 ], [ 551103.800000000046566, 178553.5 ], [ 551113.5, 178535.700000000011642 ], [ 551121.0, 178523.700000000011642 ], [ 551126.199999999953434, 178499.0 ], [ 551141.800000000046566, 178509.1 ], [ 551159.599999999976717, 178485.799999999988358 ], [ 551181.099999999976717, 178499.9 ], [ 551329.699999999953434, 178311.6 ], [ 551302.199999999953434, 178273.799999999988358 ], [ 551304.0, 178270.6 ], [ 551308.400000000023283, 178265.1 ], [ 551312.699999999953434, 178260.9 ], [ 551318.5, 178256.9 ], [ 551347.099999999976717, 178290.5 ], [ 551445.800000000046566, 178220.5 ], [ 551565.800000000046566, 178137.5 ], [ 551614.599999999976717, 178108.4 ], [ 551702.300000000046566, 178062.4 ], [ 551712.5, 178056.799999999988358 ], [ 551720.800000000046566, 178050.200000000011642 ], [ 551730.900000000023283, 178045.6 ], [ 551753.300000000046566, 178036.6 ], [ 551765.699999999953434, 178032.0 ], [ 551808.300000000046566, 178018.0 ], [ 551934.0, 177986.700000000011642 ], [ 552004.800000000046566, 177969.0 ], [ 552083.099999999976717, 177951.299999999988358 ], [ 552123.599999999976717, 177941.299999999988358 ], [ 552164.099999999976717, 177931.200000000011642 ], [ 552178.800000000046566, 177925.5 ], [ 552188.300000000046566, 177920.4 ], [ 552197.0, 177917.200000000011642 ], [ 552201.099999999976717, 177910.299999999988358 ], [ 552190.099999999976717, 177848.700000000011642 ], [ 552205.199999999953434, 177840.4 ], [ 552223.300000000046566, 177912.6 ], [ 552225.699999999953434, 177916.299999999988358 ], [ 552227.199999999953434, 177917.299999999988358 ], [ 552357.800000000046566, 177924.0 ], [ 552362.400000000023283, 177921.6 ], [ 552363.599999999976717, 177920.4 ], [ 552364.5, 177903.700000000011642 ], [ 552381.699999999953434, 177902.799999999988358 ], [ 552384.300000000046566, 177886.4 ], [ 552394.599999999976717, 177886.4 ], [ 552399.699999999953434, 177885.9 ], [ 552404.800000000046566, 177884.9 ], [ 552414.400000000023283, 177881.6 ], [ 552433.900000000023283, 177877.0 ], [ 552440.900000000023283, 177878.700000000011642 ], [ 552444.699999999953434, 177879.1 ], [ 552452.300000000046566, 177878.700000000011642 ], [ 552460.699999999953434, 177876.4 ], [ 552463.699999999953434, 177874.5 ], [ 552465.800000000046566, 177874.5 ], [ 552467.699999999953434, 177875.799999999988358 ], [ 552468.699999999953434, 177877.200000000011642 ], [ 552469.0, 177883.700000000011642 ], [ 552478.800000000046566, 177893.299999999988358 ], [ 552485.400000000023283, 177898.5 ], [ 552488.400000000023283, 177900.6 ], [ 552506.900000000023283, 177909.5 ], [ 552513.300000000046566, 177911.4 ], [ 552521.800000000046566, 177912.9 ], [ 552526.300000000046566, 177913.299999999988358 ], [ 552531.599999999976717, 177911.799999999988358 ], [ 552540.599999999976717, 177911.700000000011642 ], [ 552544.199999999953434, 177913.0 ], [ 552553.099999999976717, 177918.0 ], [ 552561.199999999953434, 177917.0 ], [ 552567.300000000046566, 177914.799999999988358 ], [ 552577.599999999976717, 177908.299999999988358 ], [ 552580.400000000023283, 177905.0 ], [ 552581.699999999953434, 177902.200000000011642 ], [ 552582.699999999953434, 177898.1 ], [ 552584.699999999953434, 177897.0 ], [ 552587.0, 177896.299999999988358 ], [ 552589.099999999976717, 177896.9 ], [ 552590.900000000023283, 177897.9 ], [ 552592.800000000046566, 177899.9 ], [ 552602.900000000023283, 177896.299999999988358 ], [ 552607.199999999953434, 177905.9 ], [ 552610.400000000023283, 177908.9 ], [ 552613.199999999953434, 177909.799999999988358 ], [ 552616.599999999976717, 177909.6 ], [ 552618.400000000023283, 177908.9 ], [ 552624.699999999953434, 177899.6 ], [ 552625.800000000046566, 177898.6 ], [ 552628.699999999953434, 177905.5 ], [ 552632.900000000023283, 177904.9 ], [ 552638.5, 177905.4 ], [ 552648.099999999976717, 177909.799999999988358 ], [ 552653.699999999953434, 177914.1 ], [ 552660.5, 177909.5 ], [ 552664.599999999976717, 177912.200000000011642 ], [ 552669.699999999953434, 177911.299999999988358 ], [ 552671.800000000046566, 177911.700000000011642 ], [ 552675.5, 177914.0 ], [ 552679.699999999953434, 177921.200000000011642 ], [ 552681.599999999976717, 177912.0 ], [ 552680.699999999953434, 177906.799999999988358 ], [ 552690.599999999976717, 177905.9 ], [ 552693.400000000023283, 177903.700000000011642 ], [ 552699.0, 177907.799999999988358 ], [ 552703.699999999953434, 177903.5 ], [ 552708.0, 177905.6 ], [ 552707.0, 177911.0 ], [ 552716.0, 177914.6 ], [ 552730.300000000046566, 177917.1 ], [ 552741.5, 177922.700000000011642 ], [ 552736.900000000023283, 177916.6 ], [ 552737.400000000023283, 177910.700000000011642 ], [ 552738.099999999976717, 177910.5 ], [ 552743.900000000023283, 177913.0 ], [ 552746.900000000023283, 177915.700000000011642 ], [ 552754.699999999953434, 177916.5 ], [ 552757.900000000023283, 177917.700000000011642 ], [ 552761.0, 177919.1 ], [ 552769.5, 177924.5 ], [ 552780.800000000046566, 177911.299999999988358 ], [ 552783.699999999953434, 177900.299999999988358 ], [ 552775.900000000023283, 177897.6 ], [ 552771.800000000046566, 177894.4 ], [ 552770.199999999953434, 177892.0 ], [ 552769.099999999976717, 177888.6 ], [ 552769.800000000046566, 177887.299999999988358 ], [ 552771.599999999976717, 177885.700000000011642 ], [ 552774.300000000046566, 177885.5 ], [ 552783.400000000023283, 177889.799999999988358 ], [ 552793.0, 177891.799999999988358 ], [ 552798.5, 177895.799999999988358 ], [ 552801.099999999976717, 177899.200000000011642 ], [ 552804.0, 177904.700000000011642 ], [ 552806.800000000046566, 177911.700000000011642 ], [ 552808.099999999976717, 177914.0 ], [ 552812.800000000046566, 177918.799999999988358 ], [ 552816.199999999953434, 177923.6 ], [ 552819.900000000023283, 177932.700000000011642 ], [ 552822.900000000023283, 177946.4 ], [ 552836.900000000023283, 177961.0 ], [ 552839.5, 177962.299999999988358 ], [ 552842.300000000046566, 177962.799999999988358 ], [ 552845.599999999976717, 177962.5 ], [ 552856.599999999976717, 177964.9 ], [ 552859.199999999953434, 177964.9 ], [ 552861.900000000023283, 177963.9 ], [ 552863.0, 177962.9 ], [ 552860.199999999953434, 177951.700000000011642 ], [ 552860.699999999953434, 177948.700000000011642 ], [ 552861.900000000023283, 177945.9 ], [ 552863.300000000046566, 177944.0 ], [ 552880.400000000023283, 177930.299999999988358 ], [ 552884.199999999953434, 177923.200000000011642 ], [ 552886.099999999976717, 177914.5 ], [ 552888.199999999953434, 177910.4 ], [ 552896.300000000046566, 177925.0 ], [ 552910.099999999976717, 177943.200000000011642 ], [ 552921.5, 177947.9 ], [ 552918.300000000046566, 177955.5 ], [ 552916.699999999953434, 177961.9 ], [ 552916.199999999953434, 177972.1 ], [ 552916.5, 177973.299999999988358 ], [ 552924.300000000046566, 177987.200000000011642 ], [ 552942.5, 177993.299999999988358 ], [ 552945.599999999976717, 177991.799999999988358 ], [ 552952.099999999976717, 177987.0 ], [ 552955.900000000023283, 177986.1 ], [ 552957.900000000023283, 177986.4 ], [ 552967.400000000023283, 177990.700000000011642 ], [ 552969.199999999953434, 177990.9 ], [ 552972.099999999976717, 177990.4 ], [ 552974.300000000046566, 177988.5 ], [ 552975.0, 177987.200000000011642 ], [ 552972.800000000046566, 177982.5 ], [ 552973.300000000046566, 177980.799999999988358 ], [ 552980.800000000046566, 177980.5 ], [ 552984.400000000023283, 177974.4 ], [ 552979.199999999953434, 177972.700000000011642 ], [ 552976.699999999953434, 177970.1 ], [ 552982.800000000046566, 177966.4 ], [ 552981.199999999953434, 177963.4 ], [ 552980.0, 177958.200000000011642 ], [ 552985.0, 177935.200000000011642 ], [ 552986.5, 177932.200000000011642 ], [ 552988.699999999953434, 177929.6 ], [ 553003.800000000046566, 177920.1 ], [ 553006.800000000046566, 177916.200000000011642 ], [ 553007.599999999976717, 177914.299999999988358 ], [ 553008.900000000023283, 177898.5 ], [ 553008.699999999953434, 177888.799999999988358 ], [ 553010.0, 177870.0 ], [ 553009.300000000046566, 177866.5 ], [ 553008.300000000046566, 177863.299999999988358 ], [ 553000.0, 177863.4 ], [ 552994.5, 177862.700000000011642 ], [ 552989.0, 177861.1 ], [ 552983.400000000023283, 177858.5 ], [ 552980.300000000046566, 177856.6 ], [ 552966.199999999953434, 177844.200000000011642 ], [ 552962.199999999953434, 177842.5 ], [ 552936.300000000046566, 177841.0 ], [ 552929.300000000046566, 177834.700000000011642 ], [ 552925.800000000046566, 177830.9 ], [ 552923.300000000046566, 177827.299999999988358 ], [ 552922.300000000046566, 177824.1 ], [ 552922.599999999976717, 177821.5 ], [ 552924.199999999953434, 177819.4 ], [ 552926.5, 177818.4 ], [ 552928.800000000046566, 177818.5 ], [ 552930.5, 177819.1 ], [ 552934.099999999976717, 177823.5 ], [ 552952.0, 177831.700000000011642 ], [ 552963.699999999953434, 177832.200000000011642 ], [ 552968.800000000046566, 177833.4 ], [ 552972.699999999953434, 177835.5 ], [ 552978.699999999953434, 177841.0 ], [ 552984.0, 177844.700000000011642 ], [ 552991.400000000023283, 177849.5 ], [ 552994.800000000046566, 177851.0 ], [ 553002.099999999976717, 177852.4 ], [ 553010.199999999953434, 177852.200000000011642 ], [ 553011.800000000046566, 177853.0 ], [ 553016.400000000023283, 177857.0 ], [ 553019.400000000023283, 177861.9 ], [ 553020.400000000023283, 177871.9 ], [ 553018.900000000023283, 177906.5 ], [ 553017.300000000046566, 177919.5 ], [ 553013.599999999976717, 177925.6 ], [ 553007.0, 177932.700000000011642 ], [ 552996.300000000046566, 177936.9 ], [ 552995.699999999953434, 177937.6 ], [ 552994.0, 177945.299999999988358 ], [ 552993.900000000023283, 177950.0 ], [ 552995.5, 177960.5 ], [ 552995.800000000046566, 177966.9 ], [ 552995.5, 177971.700000000011642 ], [ 552991.0, 177995.9 ], [ 552995.699999999953434, 177997.299999999988358 ], [ 553000.300000000046566, 177997.5 ], [ 553007.599999999976717, 177996.799999999988358 ], [ 553013.0, 177997.5 ], [ 553010.699999999953434, 178001.700000000011642 ], [ 553010.300000000046566, 178003.9 ], [ 553010.699999999953434, 178006.299999999988358 ], [ 553018.300000000046566, 178021.299999999988358 ], [ 553019.300000000046566, 178025.9 ], [ 553018.599999999976717, 178032.799999999988358 ], [ 553020.599999999976717, 178034.1 ], [ 553024.800000000046566, 178035.799999999988358 ], [ 553028.699999999953434, 178036.6 ], [ 553040.5, 178037.0 ], [ 553045.300000000046566, 178038.700000000011642 ], [ 553057.800000000046566, 178044.700000000011642 ], [ 553083.400000000023283, 178052.0 ], [ 553087.0, 178051.799999999988358 ], [ 553094.5, 178048.299999999988358 ], [ 553099.0, 178047.1 ], [ 553104.300000000046566, 178047.0 ], [ 553115.099999999976717, 178048.799999999988358 ], [ 553120.199999999953434, 178049.200000000011642 ], [ 553123.5, 178048.799999999988358 ], [ 553125.800000000046566, 178047.9 ], [ 553132.0, 178043.5 ], [ 553135.400000000023283, 178042.799999999988358 ], [ 553137.800000000046566, 178043.6 ], [ 553140.199999999953434, 178045.6 ], [ 553141.199999999953434, 178047.200000000011642 ], [ 553140.5, 178053.4 ], [ 553141.300000000046566, 178054.0 ], [ 553142.199999999953434, 178054.299999999988358 ], [ 553147.400000000023283, 178053.200000000011642 ], [ 553149.599999999976717, 178053.5 ], [ 553153.800000000046566, 178055.6 ], [ 553160.699999999953434, 178061.700000000011642 ], [ 553164.699999999953434, 178063.6 ], [ 553180.199999999953434, 178067.4 ], [ 553182.300000000046566, 178068.200000000011642 ], [ 553190.599999999976717, 178073.5 ], [ 553191.900000000023283, 178073.299999999988358 ], [ 553194.0, 178072.1 ], [ 553195.599999999976717, 178070.0 ], [ 553196.400000000023283, 178067.6 ], [ 553195.400000000023283, 178062.9 ], [ 553190.400000000023283, 178054.799999999988358 ], [ 553189.400000000023283, 178050.6 ], [ 553212.400000000023283, 178072.0 ], [ 553218.0, 178074.5 ], [ 553218.599999999976717, 178074.4 ], [ 553228.800000000046566, 178047.4 ], [ 553233.199999999953434, 178040.4 ], [ 553238.099999999976717, 178034.700000000011642 ], [ 553242.300000000046566, 178030.9 ], [ 553250.599999999976717, 178026.799999999988358 ], [ 553274.099999999976717, 178045.799999999988358 ], [ 553287.099999999976717, 178053.700000000011642 ], [ 553302.5, 178060.700000000011642 ], [ 553298.900000000023283, 178065.200000000011642 ], [ 553296.300000000046566, 178070.6 ], [ 553296.0, 178082.5 ], [ 553291.699999999953434, 178098.9 ], [ 553300.0, 178111.4 ], [ 553301.699999999953434, 178115.1 ], [ 553303.699999999953434, 178123.200000000011642 ], [ 553309.900000000023283, 178117.700000000011642 ], [ 553314.800000000046566, 178126.299999999988358 ], [ 553316.300000000046566, 178128.1 ], [ 553319.0, 178130.299999999988358 ], [ 553321.400000000023283, 178131.200000000011642 ], [ 553323.5, 178131.200000000011642 ], [ 553334.699999999953434, 178127.200000000011642 ], [ 553344.5, 178131.0 ], [ 553355.099999999976717, 178128.6 ], [ 553358.599999999976717, 178129.799999999988358 ], [ 553364.599999999976717, 178139.1 ], [ 553382.599999999976717, 178142.0 ], [ 553385.0, 178140.700000000011642 ], [ 553387.400000000023283, 178140.200000000011642 ], [ 553389.800000000046566, 178140.299999999988358 ], [ 553393.800000000046566, 178143.200000000011642 ], [ 553401.300000000046566, 178139.700000000011642 ], [ 553407.5, 178146.200000000011642 ], [ 553409.099999999976717, 178145.299999999988358 ], [ 553414.800000000046566, 178139.799999999988358 ], [ 553417.900000000023283, 178152.0 ], [ 553423.199999999953434, 178156.4 ], [ 553428.099999999976717, 178159.299999999988358 ], [ 553433.199999999953434, 178161.299999999988358 ], [ 553438.400000000023283, 178162.5 ], [ 553446.099999999976717, 178163.299999999988358 ], [ 553457.699999999953434, 178166.0 ], [ 553462.0, 178166.200000000011642 ], [ 553466.5, 178168.5 ], [ 553472.5, 178174.4 ], [ 553475.300000000046566, 178176.299999999988358 ], [ 553478.5, 178177.9 ], [ 553482.5, 178178.9 ], [ 553495.099999999976717, 178179.6 ], [ 553502.699999999953434, 178178.5 ], [ 553499.199999999953434, 178180.4 ], [ 553497.099999999976717, 178182.200000000011642 ], [ 553495.300000000046566, 178185.700000000011642 ], [ 553502.0, 178187.700000000011642 ], [ 553505.099999999976717, 178187.5 ], [ 553508.599999999976717, 178186.6 ], [ 553511.800000000046566, 178185.299999999988358 ], [ 553517.300000000046566, 178180.700000000011642 ], [ 553524.099999999976717, 178172.1 ], [ 553525.0, 178170.0 ], [ 553526.599999999976717, 178168.799999999988358 ], [ 553528.699999999953434, 178168.4 ], [ 553530.300000000046566, 178168.799999999988358 ], [ 553531.300000000046566, 178169.799999999988358 ], [ 553541.199999999953434, 178188.5 ], [ 553544.900000000023283, 178194.0 ], [ 553556.800000000046566, 178208.299999999988358 ], [ 553558.199999999953434, 178210.9 ], [ 553565.0, 178225.6 ], [ 553575.699999999953434, 178261.299999999988358 ], [ 553578.599999999976717, 178265.5 ], [ 553584.699999999953434, 178269.9 ], [ 553633.800000000046566, 178288.799999999988358 ], [ 553645.5, 178292.0 ], [ 553653.599999999976717, 178293.200000000011642 ], [ 553667.800000000046566, 178293.9 ], [ 553676.900000000023283, 178292.1 ], [ 553682.0, 178290.1 ], [ 553699.800000000046566, 178280.200000000011642 ], [ 553715.0, 178268.4 ], [ 553722.699999999953434, 178261.700000000011642 ], [ 553726.099999999976717, 178260.4 ], [ 553742.0, 178260.4 ], [ 553744.599999999976717, 178260.0 ], [ 553751.400000000023283, 178257.4 ], [ 553768.900000000023283, 178244.200000000011642 ], [ 553858.5, 178193.799999999988358 ], [ 553871.199999999953434, 178187.700000000011642 ], [ 553876.699999999953434, 178185.0 ], [ 553888.300000000046566, 178178.799999999988358 ], [ 553902.800000000046566, 178170.0 ], [ 553925.599999999976717, 178154.4 ], [ 553971.0, 178127.799999999988358 ], [ 553981.199999999953434, 178122.799999999988358 ], [ 553988.400000000023283, 178118.1 ], [ 554006.099999999976717, 178104.700000000011642 ], [ 554087.900000000023283, 178055.5 ], [ 554089.199999999953434, 178052.9 ], [ 554088.900000000023283, 178051.1 ], [ 554087.0, 178049.0 ], [ 554062.099999999976717, 178043.799999999988358 ], [ 554054.300000000046566, 178041.299999999988358 ], [ 554046.900000000023283, 178038.0 ], [ 554039.400000000023283, 178033.799999999988358 ], [ 554032.300000000046566, 178028.9 ], [ 554026.0, 178023.6 ], [ 554019.5, 178016.799999999988358 ], [ 554014.5, 178010.299999999988358 ], [ 554011.099999999976717, 178004.700000000011642 ], [ 554005.599999999976717, 177993.1 ], [ 553997.300000000046566, 177978.9 ], [ 553991.699999999953434, 177972.5 ], [ 553986.5, 177963.9 ], [ 553978.099999999976717, 177946.299999999988358 ], [ 553975.800000000046566, 177940.1 ], [ 553973.699999999953434, 177932.4 ], [ 553971.699999999953434, 177915.799999999988358 ], [ 553976.0, 177877.5 ], [ 553975.599999999976717, 177873.200000000011642 ], [ 553972.5, 177864.299999999988358 ], [ 553982.400000000023283, 177823.700000000011642 ], [ 553988.599999999976717, 177818.0 ], [ 553996.199999999953434, 177813.4 ], [ 554000.900000000023283, 177783.799999999988358 ], [ 553996.0, 177779.0 ], [ 553994.5, 177775.799999999988358 ], [ 553993.5, 177771.5 ], [ 553993.599999999976717, 177766.5 ], [ 553995.800000000046566, 177759.799999999988358 ], [ 554002.300000000046566, 177725.4 ], [ 554002.699999999953434, 177717.0 ], [ 554001.900000000023283, 177712.6 ], [ 553999.900000000023283, 177707.200000000011642 ], [ 553994.300000000046566, 177702.5 ], [ 553986.400000000023283, 177699.4 ], [ 553989.5, 177692.200000000011642 ], [ 553989.699999999953434, 177691.0 ], [ 553988.599999999976717, 177683.4 ], [ 553987.300000000046566, 177678.799999999988358 ], [ 553985.699999999953434, 177675.299999999988358 ], [ 553980.099999999976717, 177666.799999999988358 ], [ 553968.0, 177651.299999999988358 ], [ 553945.900000000023283, 177637.5 ], [ 553941.099999999976717, 177635.200000000011642 ], [ 553937.0, 177633.9 ], [ 553926.800000000046566, 177632.0 ], [ 553919.5, 177629.9 ], [ 553909.099999999976717, 177628.200000000011642 ], [ 553905.699999999953434, 177627.200000000011642 ], [ 553870.5, 177611.1 ], [ 553858.699999999953434, 177610.9 ], [ 553850.800000000046566, 177608.799999999988358 ], [ 553828.199999999953434, 177597.5 ], [ 553819.599999999976717, 177593.799999999988358 ], [ 553803.300000000046566, 177587.0 ], [ 553777.099999999976717, 177577.6 ], [ 553751.0, 177566.4 ], [ 553747.5, 177564.4 ], [ 553737.599999999976717, 177557.299999999988358 ], [ 553710.199999999953434, 177532.5 ], [ 553702.699999999953434, 177523.299999999988358 ], [ 553690.699999999953434, 177499.0 ], [ 553681.300000000046566, 177483.6 ], [ 553677.599999999976717, 177478.4 ], [ 553665.0, 177465.0 ], [ 553665.0, 177448.799999999988358 ], [ 553664.599999999976717, 177443.0 ], [ 553660.0, 177421.799999999988358 ], [ 553660.099999999976717, 177390.1 ], [ 553658.199999999953434, 177366.5 ], [ 553658.800000000046566, 177361.299999999988358 ], [ 553662.099999999976717, 177349.0 ], [ 553667.199999999953434, 177333.299999999988358 ], [ 553667.400000000023283, 177329.0 ], [ 553665.599999999976717, 177320.9 ], [ 553664.699999999953434, 177311.700000000011642 ], [ 553671.300000000046566, 177295.1 ], [ 553674.5, 177284.9 ], [ 553677.699999999953434, 177269.700000000011642 ], [ 553678.900000000023283, 177249.5 ], [ 553678.199999999953434, 177242.9 ], [ 553675.5, 177232.4 ], [ 553632.099999999976717, 177175.4 ], [ 553617.400000000023283, 177159.0 ], [ 553606.699999999953434, 177148.700000000011642 ], [ 553546.199999999953434, 177084.9 ], [ 553539.400000000023283, 177080.0 ], [ 553536.400000000023283, 177078.4 ], [ 553519.699999999953434, 177072.799999999988358 ], [ 553513.0, 177067.700000000011642 ], [ 553510.099999999976717, 177064.1 ], [ 553508.699999999953434, 177061.799999999988358 ], [ 553502.099999999976717, 177036.1 ], [ 553477.400000000023283, 176994.0 ], [ 553469.300000000046566, 176976.1 ], [ 553463.099999999976717, 176965.6 ], [ 553461.400000000023283, 176959.799999999988358 ], [ 553461.599999999976717, 176953.6 ], [ 553462.400000000023283, 176950.5 ], [ 553463.699999999953434, 176947.799999999988358 ], [ 553470.199999999953434, 176937.9 ], [ 553475.599999999976717, 176926.0 ], [ 553479.300000000046566, 176919.1 ], [ 553485.599999999976717, 176909.299999999988358 ], [ 553492.800000000046566, 176900.0 ], [ 553499.900000000023283, 176892.4 ], [ 553505.599999999976717, 176887.1 ], [ 553511.300000000046566, 176882.5 ], [ 553512.900000000023283, 176876.9 ], [ 553514.5, 176873.299999999988358 ], [ 553516.699999999953434, 176869.9 ], [ 553522.099999999976717, 176864.4 ], [ 553549.0, 176833.700000000011642 ], [ 553591.400000000023283, 176793.9 ], [ 553599.300000000046566, 176788.200000000011642 ], [ 553625.199999999953434, 176771.799999999988358 ], [ 553629.300000000046566, 176768.200000000011642 ], [ 553641.0, 176755.700000000011642 ], [ 553652.199999999953434, 176737.799999999988358 ], [ 553662.5, 176716.799999999988358 ], [ 553665.800000000046566, 176708.6 ], [ 553671.099999999976717, 176690.299999999988358 ], [ 553671.800000000046566, 176686.700000000011642 ], [ 553669.5, 176665.1 ], [ 553672.5, 176655.4 ], [ 553673.900000000023283, 176647.200000000011642 ], [ 553674.300000000046566, 176638.9 ], [ 553672.400000000023283, 176620.6 ], [ 553660.199999999953434, 176556.5 ], [ 553642.400000000023283, 176508.0 ], [ 553620.400000000023283, 176444.200000000011642 ], [ 553610.0, 176411.799999999988358 ], [ 553608.599999999976717, 176399.9 ], [ 553608.5, 176359.5 ], [ 553609.099999999976717, 176346.1 ], [ 553609.199999999953434, 176304.9 ], [ 553617.800000000046566, 176281.200000000011642 ], [ 553620.800000000046566, 176269.799999999988358 ], [ 553627.199999999953434, 176199.9 ], [ 553637.900000000023283, 176115.6 ], [ 553641.099999999976717, 176066.9 ], [ 553640.300000000046566, 176058.5 ], [ 553637.699999999953434, 176048.0 ], [ 553628.099999999976717, 176030.700000000011642 ], [ 553624.699999999953434, 176026.6 ], [ 553619.699999999953434, 176022.1 ], [ 553614.800000000046566, 176019.0 ], [ 553606.300000000046566, 176015.799999999988358 ], [ 553516.099999999976717, 175972.5 ], [ 553476.699999999953434, 175952.0 ], [ 553451.0, 175935.9 ], [ 553447.599999999976717, 175933.200000000011642 ], [ 553441.0, 175926.4 ], [ 553425.099999999976717, 175902.4 ], [ 553406.599999999976717, 175879.799999999988358 ], [ 553399.300000000046566, 175871.6 ], [ 553394.300000000046566, 175864.6 ], [ 553382.099999999976717, 175852.4 ], [ 553344.5, 175827.1 ], [ 553341.0, 175823.5 ], [ 553338.0, 175819.299999999988358 ], [ 553335.5, 175813.0 ], [ 553325.5, 175798.299999999988358 ], [ 553322.800000000046566, 175795.700000000011642 ], [ 553306.300000000046566, 175782.299999999988358 ], [ 553300.800000000046566, 175778.9 ], [ 553294.400000000023283, 175775.6 ], [ 553255.599999999976717, 175759.799999999988358 ], [ 553241.400000000023283, 175748.5 ], [ 553237.300000000046566, 175744.5 ], [ 553230.099999999976717, 175735.6 ], [ 553219.0, 175712.4 ], [ 553215.900000000023283, 175703.6 ], [ 553209.400000000023283, 175691.200000000011642 ], [ 553184.099999999976717, 175656.6 ], [ 553169.0, 175633.4 ], [ 553134.400000000023283, 175574.6 ], [ 553124.0, 175564.799999999988358 ], [ 553119.099999999976717, 175561.299999999988358 ], [ 553116.699999999953434, 175559.9 ], [ 553107.300000000046566, 175557.5 ], [ 552997.900000000023283, 175569.700000000011642 ], [ 552994.0, 175565.700000000011642 ], [ 552872.699999999953434, 175582.5 ], [ 552857.800000000046566, 175577.4 ], [ 552842.199999999953434, 175570.799999999988358 ], [ 552840.400000000023283, 175570.0 ], [ 552831.099999999976717, 175565.299999999988358 ], [ 552761.0, 175489.9 ], [ 552753.900000000023283, 175462.799999999988358 ], [ 552770.099999999976717, 175459.5 ], [ 552826.900000000023283, 175540.4 ], [ 552857.900000000023283, 175520.0 ], [ 552863.0, 175509.200000000011642 ], [ 552824.199999999953434, 175442.5 ], [ 552829.699999999953434, 175437.700000000011642 ], [ 552836.099999999976717, 175442.6 ], [ 552843.400000000023283, 175450.700000000011642 ], [ 552846.900000000023283, 175456.0 ], [ 552852.199999999953434, 175466.9 ], [ 552874.300000000046566, 175499.6 ], [ 552879.0, 175507.5 ], [ 552879.599999999976717, 175508.700000000011642 ], [ 552906.800000000046566, 175557.1 ], [ 552910.300000000046566, 175559.799999999988358 ], [ 552914.099999999976717, 175560.700000000011642 ], [ 553101.300000000046566, 175535.799999999988358 ], [ 553143.599999999976717, 175529.200000000011642 ], [ 553152.900000000023283, 175524.799999999988358 ], [ 553155.199999999953434, 175522.9 ], [ 553159.5, 175513.200000000011642 ], [ 553165.699999999953434, 175495.9 ], [ 553165.300000000046566, 175482.5 ], [ 553160.300000000046566, 175460.4 ], [ 553142.800000000046566, 175396.4 ], [ 553126.300000000046566, 175328.299999999988358 ], [ 553124.199999999953434, 175319.5 ], [ 553125.599999999976717, 175318.299999999988358 ], [ 553164.400000000023283, 175315.4 ], [ 553184.400000000023283, 175313.1 ], [ 553210.099999999976717, 175309.200000000011642 ], [ 553212.400000000023283, 175303.4 ], [ 553214.300000000046566, 175296.4 ], [ 553218.0, 175268.0 ], [ 553217.800000000046566, 175260.799999999988358 ], [ 553217.099999999976717, 175257.299999999988358 ], [ 553214.800000000046566, 175250.799999999988358 ], [ 553181.0, 175196.799999999988358 ], [ 553177.5, 175190.799999999988358 ], [ 553176.099999999976717, 175186.299999999988358 ], [ 553176.099999999976717, 175183.299999999988358 ], [ 553176.900000000023283, 175180.1 ], [ 553180.800000000046566, 175174.200000000011642 ], [ 553181.800000000046566, 175170.299999999988358 ], [ 553186.800000000046566, 175144.4 ], [ 553187.5, 175124.9 ], [ 553186.199999999953434, 175121.5 ], [ 553184.400000000023283, 175118.4 ], [ 553164.199999999953434, 175112.1 ], [ 553159.5, 175109.1 ], [ 553157.300000000046566, 175106.700000000011642 ], [ 553156.099999999976717, 175104.5 ], [ 553147.400000000023283, 175078.0 ], [ 553141.800000000046566, 175073.1 ], [ 553126.699999999953434, 175066.700000000011642 ], [ 553123.5, 175066.4 ], [ 553117.099999999976717, 175069.299999999988358 ], [ 553093.900000000023283, 175090.6 ], [ 553093.099999999976717, 175090.799999999988358 ], [ 553088.800000000046566, 175089.6 ], [ 553086.699999999953434, 175088.1 ], [ 553084.199999999953434, 175084.299999999988358 ], [ 553083.800000000046566, 175069.4 ], [ 553081.699999999953434, 175065.6 ], [ 553049.400000000023283, 175061.200000000011642 ], [ 553028.599999999976717, 175036.4 ], [ 553024.900000000023283, 175030.4 ], [ 553023.900000000023283, 175026.200000000011642 ], [ 553023.900000000023283, 175022.9 ], [ 553024.5, 175020.6 ], [ 553027.099999999976717, 175016.4 ], [ 553035.099999999976717, 175008.299999999988358 ], [ 553035.900000000023283, 175007.1 ], [ 553037.5, 175000.0 ], [ 553033.5, 174995.299999999988358 ], [ 553025.400000000023283, 174993.6 ], [ 553015.099999999976717, 174990.4 ], [ 553005.199999999953434, 174988.4 ], [ 553003.800000000046566, 174987.299999999988358 ], [ 553000.0, 174982.200000000011642 ], [ 552998.300000000046566, 174976.4 ], [ 552998.800000000046566, 174971.1 ], [ 553002.599999999976717, 174965.9 ], [ 553006.699999999953434, 174953.9 ], [ 553001.599999999976717, 174949.4 ], [ 552985.300000000046566, 174948.9 ], [ 552979.199999999953434, 174947.5 ], [ 552976.099999999976717, 174943.200000000011642 ], [ 552975.599999999976717, 174935.4 ], [ 552976.699999999953434, 174926.4 ], [ 552973.5, 174919.299999999988358 ], [ 552966.400000000023283, 174921.9 ], [ 552951.300000000046566, 174931.4 ], [ 552947.699999999953434, 174932.5 ], [ 552944.199999999953434, 174932.9 ], [ 552940.800000000046566, 174932.4 ], [ 552937.5, 174931.4 ], [ 552934.400000000023283, 174929.299999999988358 ], [ 552931.400000000023283, 174925.9 ], [ 552929.599999999976717, 174921.700000000011642 ], [ 552928.900000000023283, 174918.0 ], [ 552928.699999999953434, 174912.200000000011642 ], [ 552926.900000000023283, 174907.700000000011642 ], [ 552924.0, 174903.299999999988358 ], [ 552920.199999999953434, 174899.799999999988358 ], [ 552915.699999999953434, 174897.4 ], [ 552911.099999999976717, 174896.1 ], [ 552900.199999999953434, 174895.700000000011642 ], [ 552896.400000000023283, 174894.0 ], [ 552893.199999999953434, 174891.4 ], [ 552891.599999999976717, 174889.0 ], [ 552890.599999999976717, 174884.4 ], [ 552890.800000000046566, 174881.9 ], [ 552892.099999999976717, 174878.6 ], [ 552894.099999999976717, 174875.6 ], [ 552896.599999999976717, 174873.299999999988358 ], [ 552898.800000000046566, 174866.1 ], [ 552875.699999999953434, 174861.6 ], [ 552863.199999999953434, 174855.4 ], [ 552849.199999999953434, 174855.200000000011642 ], [ 552843.900000000023283, 174852.299999999988358 ], [ 552834.599999999976717, 174845.1 ], [ 552830.599999999976717, 174841.4 ], [ 552827.800000000046566, 174835.799999999988358 ], [ 552825.0, 174832.799999999988358 ], [ 552821.900000000023283, 174830.799999999988358 ], [ 552818.400000000023283, 174829.5 ], [ 552814.900000000023283, 174829.200000000011642 ], [ 552811.5, 174829.799999999988358 ], [ 552808.099999999976717, 174831.299999999988358 ], [ 552805.199999999953434, 174833.5 ], [ 552803.0, 174836.1 ], [ 552799.400000000023283, 174845.4 ], [ 552795.199999999953434, 174848.1 ], [ 552791.0, 174839.700000000011642 ], [ 552788.800000000046566, 174831.700000000011642 ], [ 552783.300000000046566, 174823.200000000011642 ], [ 552770.699999999953434, 174824.4 ], [ 552765.400000000023283, 174824.1 ], [ 552758.400000000023283, 174822.700000000011642 ], [ 552751.699999999953434, 174820.6 ], [ 552744.300000000046566, 174817.299999999988358 ], [ 552731.900000000023283, 174825.0 ], [ 552725.199999999953434, 174819.799999999988358 ], [ 552720.699999999953434, 174817.299999999988358 ], [ 552716.199999999953434, 174815.0 ], [ 552713.5, 174814.700000000011642 ], [ 552710.800000000046566, 174814.799999999988358 ], [ 552700.199999999953434, 174819.5 ], [ 552694.5, 174820.700000000011642 ], [ 552688.900000000023283, 174821.4 ], [ 552681.099999999976717, 174820.1 ], [ 552679.300000000046566, 174822.1 ], [ 552676.5, 174827.1 ], [ 552675.0, 174832.9 ], [ 552674.900000000023283, 174838.4 ], [ 552676.099999999976717, 174843.200000000011642 ], [ 552678.599999999976717, 174848.1 ], [ 552682.900000000023283, 174853.1 ], [ 552690.300000000046566, 174858.9 ], [ 552692.099999999976717, 174861.5 ], [ 552692.800000000046566, 174863.5 ], [ 552693.099999999976717, 174866.299999999988358 ], [ 552692.5, 174870.0 ], [ 552689.800000000046566, 174874.5 ], [ 552679.300000000046566, 174883.200000000011642 ], [ 552674.800000000046566, 174885.0 ], [ 552672.5, 174885.200000000011642 ], [ 552669.400000000023283, 174884.9 ], [ 552666.300000000046566, 174883.799999999988358 ], [ 552663.800000000046566, 174882.200000000011642 ], [ 552661.800000000046566, 174879.9 ], [ 552659.699999999953434, 174876.200000000011642 ], [ 552658.900000000023283, 174873.700000000011642 ], [ 552657.199999999953434, 174858.799999999988358 ], [ 552655.5, 174852.799999999988358 ], [ 552651.800000000046566, 174847.799999999988358 ], [ 552647.199999999953434, 174844.9 ], [ 552642.300000000046566, 174843.700000000011642 ], [ 552637.800000000046566, 174844.200000000011642 ], [ 552630.099999999976717, 174851.1 ], [ 552628.699999999953434, 174854.1 ], [ 552625.800000000046566, 174857.1 ], [ 552623.300000000046566, 174858.299999999988358 ], [ 552620.300000000046566, 174858.9 ], [ 552617.699999999953434, 174858.6 ], [ 552615.199999999953434, 174857.5 ], [ 552613.0, 174855.200000000011642 ], [ 552611.5, 174851.700000000011642 ], [ 552611.300000000046566, 174848.700000000011642 ], [ 552614.199999999953434, 174830.200000000011642 ], [ 552613.699999999953434, 174827.5 ], [ 552612.599999999976717, 174825.1 ], [ 552610.800000000046566, 174823.0 ], [ 552608.900000000023283, 174821.5 ], [ 552604.900000000023283, 174820.5 ], [ 552602.199999999953434, 174821.200000000011642 ], [ 552599.599999999976717, 174822.5 ], [ 552598.0, 174824.0 ], [ 552595.5, 174828.299999999988358 ], [ 552588.699999999953434, 174828.9 ], [ 552586.699999999953434, 174828.5 ], [ 552582.099999999976717, 174826.799999999988358 ], [ 552576.5, 174823.5 ], [ 552572.400000000023283, 174820.299999999988358 ], [ 552567.400000000023283, 174813.9 ], [ 552562.900000000023283, 174806.1 ], [ 552561.0, 174804.4 ], [ 552556.099999999976717, 174803.0 ], [ 552553.900000000023283, 174804.299999999988358 ], [ 552550.0, 174807.700000000011642 ], [ 552548.400000000023283, 174809.9 ], [ 552546.5, 174817.9 ], [ 552546.800000000046566, 174822.4 ], [ 552546.199999999953434, 174825.6 ], [ 552545.099999999976717, 174828.299999999988358 ], [ 552543.300000000046566, 174830.6 ], [ 552541.099999999976717, 174832.5 ], [ 552538.300000000046566, 174833.700000000011642 ], [ 552535.099999999976717, 174834.200000000011642 ], [ 552531.900000000023283, 174833.9 ], [ 552527.5, 174832.1 ], [ 552523.0, 174829.6 ], [ 552519.699999999953434, 174827.0 ], [ 552517.0, 174824.0 ], [ 552514.800000000046566, 174820.4 ], [ 552513.199999999953434, 174816.1 ], [ 552511.800000000046566, 174809.5 ], [ 552507.5, 174805.6 ], [ 552475.300000000046566, 174804.799999999988358 ], [ 552467.800000000046566, 174795.700000000011642 ], [ 552467.5, 174788.799999999988358 ], [ 552466.599999999976717, 174784.5 ], [ 552465.0, 174780.5 ], [ 552463.099999999976717, 174777.1 ], [ 552458.099999999976717, 174771.799999999988358 ], [ 552452.5, 174768.0 ], [ 552450.199999999953434, 174765.9 ], [ 552439.400000000023283, 174753.200000000011642 ], [ 552434.800000000046566, 174746.0 ], [ 552417.900000000023283, 174713.5 ], [ 552407.900000000023283, 174700.5 ], [ 552403.699999999953434, 174694.1 ], [ 552401.800000000046566, 174690.700000000011642 ], [ 552392.099999999976717, 174689.6 ], [ 552390.300000000046566, 174688.4 ], [ 552345.5, 174476.6 ], [ 552194.199999999953434, 174510.200000000011642 ], [ 552192.400000000023283, 174508.9 ], [ 552167.0, 174452.200000000011642 ], [ 552164.900000000023283, 174451.4 ], [ 552113.800000000046566, 174460.299999999988358 ], [ 552111.800000000046566, 174459.6 ], [ 552096.199999999953434, 174415.9 ], [ 552094.900000000023283, 174404.5 ], [ 552093.099999999976717, 174302.299999999988358 ], [ 552097.5, 174279.9 ], [ 552103.300000000046566, 174264.700000000011642 ], [ 552105.5, 174258.9 ], [ 552105.400000000023283, 174256.5 ], [ 552079.699999999953434, 174226.4 ], [ 552042.5, 174180.299999999988358 ], [ 551992.0, 174123.299999999988358 ], [ 551947.5, 174071.5 ], [ 551891.300000000046566, 174003.1 ], [ 551889.199999999953434, 174002.299999999988358 ], [ 551876.400000000023283, 174007.6 ], [ 551849.900000000023283, 174018.6 ], [ 551847.599999999976717, 174018.4 ], [ 551818.800000000046566, 173987.799999999988358 ], [ 551816.800000000046566, 173987.1 ], [ 551808.099999999976717, 173992.299999999988358 ], [ 551805.900000000023283, 173992.299999999988358 ], [ 551787.800000000046566, 173973.5 ], [ 551780.0, 173969.9 ], [ 551772.800000000046566, 173966.9 ], [ 551747.400000000023283, 173959.799999999988358 ], [ 551695.900000000023283, 173949.1 ], [ 551671.0, 173943.9 ], [ 551669.800000000046566, 173942.1 ], [ 551669.300000000046566, 173935.799999999988358 ], [ 551667.0, 173887.700000000011642 ], [ 551667.0, 173887.4 ], [ 551659.5, 173870.200000000011642 ], [ 551657.599999999976717, 173868.9 ], [ 551636.800000000046566, 173862.9 ], [ 551630.699999999953434, 173860.6 ], [ 551614.699999999953434, 173852.9 ], [ 551590.599999999976717, 173837.4 ], [ 551569.699999999953434, 173822.4 ], [ 551567.699999999953434, 173822.4 ], [ 551544.300000000046566, 173858.0 ], [ 551542.300000000046566, 173858.1 ], [ 551523.0, 173845.799999999988358 ], [ 551521.099999999976717, 173846.5 ], [ 551511.199999999953434, 173860.0 ], [ 551509.400000000023283, 173860.6 ], [ 551465.300000000046566, 173828.299999999988358 ], [ 551344.5, 173705.299999999988358 ], [ 551326.099999999976717, 173691.4 ], [ 551323.800000000046566, 173691.0 ], [ 551267.099999999976717, 173727.5 ], [ 551232.800000000046566, 173747.9 ], [ 551213.099999999976717, 173762.299999999988358 ], [ 551198.0, 173777.1 ], [ 551188.300000000046566, 173784.5 ], [ 551178.199999999953434, 173790.700000000011642 ], [ 551169.199999999953434, 173795.1 ], [ 551161.900000000023283, 173797.9 ], [ 551155.199999999953434, 173799.799999999988358 ], [ 551148.300000000046566, 173800.9 ], [ 551140.199999999953434, 173801.5 ], [ 551124.400000000023283, 173801.200000000011642 ], [ 551098.900000000023283, 173798.799999999988358 ], [ 551098.199999999953434, 173800.299999999988358 ], [ 551102.199999999953434, 173822.700000000011642 ], [ 551097.199999999953434, 173815.6 ], [ 551080.400000000023283, 173785.799999999988358 ], [ 551080.0, 173783.299999999988358 ], [ 551085.099999999976717, 173769.6 ], [ 551084.5, 173767.6 ], [ 551076.699999999953434, 173756.799999999988358 ], [ 551074.300000000046566, 173751.1 ], [ 551071.300000000046566, 173746.4 ], [ 551067.800000000046566, 173741.9 ], [ 551058.400000000023283, 173732.6 ], [ 551049.300000000046566, 173722.0 ], [ 551039.400000000023283, 173709.0 ], [ 551030.599999999976717, 173695.299999999988358 ], [ 551004.599999999976717, 173659.799999999988358 ], [ 550988.400000000023283, 173632.4 ], [ 550980.800000000046566, 173609.0 ], [ 550973.300000000046566, 173592.1 ], [ 550966.400000000023283, 173576.4 ], [ 550950.099999999976717, 173547.799999999988358 ], [ 550899.0, 173413.200000000011642 ], [ 550900.199999999953434, 173411.700000000011642 ], [ 550904.099999999976717, 173410.5 ], [ 550903.199999999953434, 173408.5 ], [ 550905.599999999976717, 173397.700000000011642 ], [ 550906.0, 173392.700000000011642 ], [ 550905.199999999953434, 173382.700000000011642 ], [ 550903.300000000046566, 173376.200000000011642 ], [ 550899.800000000046566, 173368.6 ], [ 550895.099999999976717, 173361.799999999988358 ], [ 550889.199999999953434, 173355.9 ], [ 550883.800000000046566, 173351.9 ], [ 550878.0, 173348.6 ], [ 550861.199999999953434, 173313.4 ], [ 550854.300000000046566, 173292.299999999988358 ], [ 550836.0, 173230.5 ], [ 550832.099999999976717, 173199.799999999988358 ], [ 550833.5, 173173.1 ], [ 550820.900000000023283, 173158.1 ], [ 550811.699999999953434, 173145.9 ], [ 550804.900000000023283, 173135.5 ], [ 550799.400000000023283, 173125.799999999988358 ], [ 550789.800000000046566, 173105.6 ], [ 550783.400000000023283, 173088.5 ], [ 550774.099999999976717, 173069.1 ], [ 550764.5, 173052.299999999988358 ], [ 550757.5, 173035.700000000011642 ], [ 550746.599999999976717, 173018.200000000011642 ], [ 550737.300000000046566, 173001.0 ], [ 550729.199999999953434, 172983.200000000011642 ], [ 550725.599999999976717, 172973.6 ], [ 550722.099999999976717, 172963.4 ], [ 550717.099999999976717, 172939.799999999988358 ], [ 550700.800000000046566, 172898.9 ], [ 550701.0, 172887.0 ], [ 550700.599999999976717, 172872.299999999988358 ], [ 550694.699999999953434, 172861.0 ], [ 550694.699999999953434, 172844.200000000011642 ], [ 550693.0, 172787.6 ], [ 550711.0, 172751.5 ], [ 550709.099999999976717, 172619.0 ], [ 550718.800000000046566, 172606.0 ], [ 550721.800000000046566, 172597.200000000011642 ], [ 550721.800000000046566, 172554.0 ], [ 550689.900000000023283, 172518.200000000011642 ], [ 550680.5, 172506.700000000011642 ], [ 550671.400000000023283, 172495.0 ], [ 550712.099999999976717, 172482.799999999988358 ], [ 550713.400000000023283, 172481.299999999988358 ], [ 550694.0, 172396.799999999988358 ], [ 550683.099999999976717, 172367.6 ], [ 550681.400000000023283, 172366.299999999988358 ], [ 550642.0, 172374.4 ], [ 550639.800000000046566, 172373.700000000011642 ], [ 550617.0, 172332.6 ], [ 550574.400000000023283, 172228.6 ], [ 550565.199999999953434, 172192.9 ], [ 550564.800000000046566, 172187.9 ], [ 550563.699999999953434, 172183.700000000011642 ], [ 550561.300000000046566, 172179.0 ], [ 550557.900000000023283, 172175.0 ], [ 550554.300000000046566, 172172.299999999988358 ], [ 550550.300000000046566, 172170.5 ], [ 550545.599999999976717, 172169.6 ], [ 550541.300000000046566, 172169.5 ], [ 550537.5, 172170.299999999988358 ], [ 550523.300000000046566, 172176.700000000011642 ], [ 550528.0, 172184.6 ], [ 550528.599999999976717, 172212.799999999988358 ], [ 550502.599999999976717, 172207.700000000011642 ], [ 550486.599999999976717, 172225.4 ], [ 550457.099999999976717, 172231.1 ], [ 550438.099999999976717, 172240.6 ], [ 550419.0, 172249.200000000011642 ], [ 550404.5, 172255.200000000011642 ], [ 550341.800000000046566, 172277.200000000011642 ], [ 550328.300000000046566, 172281.4 ], [ 550301.800000000046566, 172288.700000000011642 ], [ 550299.900000000023283, 172288.9 ], [ 550275.300000000046566, 172256.200000000011642 ], [ 550254.599999999976717, 172244.4 ], [ 550243.699999999953434, 172234.5 ], [ 550236.599999999976717, 172243.299999999988358 ], [ 550235.0, 172283.1 ], [ 550233.0, 172286.799999999988358 ], [ 550228.099999999976717, 172293.799999999988358 ], [ 550221.699999999953434, 172301.1 ], [ 550211.300000000046566, 172310.5 ], [ 550209.300000000046566, 172312.9 ], [ 550195.099999999976717, 172334.4 ], [ 550188.099999999976717, 172346.6 ], [ 550172.099999999976717, 172339.5 ], [ 550156.900000000023283, 172334.799999999988358 ], [ 550150.800000000046566, 172342.4 ], [ 550144.199999999953434, 172349.6 ], [ 550137.400000000023283, 172355.9 ], [ 550127.5, 172362.799999999988358 ], [ 550121.400000000023283, 172366.200000000011642 ], [ 550112.400000000023283, 172370.0 ], [ 550097.5, 172374.6 ], [ 550083.0, 172380.4 ], [ 550062.599999999976717, 172387.299999999988358 ], [ 550040.5, 172393.200000000011642 ], [ 550021.699999999953434, 172396.9 ], [ 550000.099999999976717, 172402.9 ], [ 550000.0, 172402.9 ], [ 549962.800000000046566, 172412.5 ], [ 549947.599999999976717, 172363.299999999988358 ], [ 549938.900000000023283, 172323.6 ], [ 549936.800000000046566, 172308.200000000011642 ], [ 549934.599999999976717, 172280.0 ], [ 549934.599999999976717, 172274.5 ], [ 549936.699999999953434, 172243.5 ], [ 549935.900000000023283, 172229.0 ], [ 549933.199999999953434, 172213.6 ], [ 549929.099999999976717, 172199.9 ], [ 549923.400000000023283, 172186.1 ], [ 549895.900000000023283, 172136.0 ], [ 549875.400000000023283, 172108.9 ], [ 549846.800000000046566, 172066.5 ], [ 549827.0, 172035.299999999988358 ], [ 549819.900000000023283, 171958.0 ], [ 549814.400000000023283, 171898.4 ], [ 549805.199999999953434, 171825.1 ], [ 549803.699999999953434, 171804.9 ], [ 549803.300000000046566, 171789.0 ], [ 549803.400000000023283, 171773.1 ], [ 549804.300000000046566, 171754.799999999988358 ], [ 549807.099999999976717, 171724.5 ], [ 549816.599999999976717, 171667.9 ], [ 549821.099999999976717, 171646.299999999988358 ], [ 549822.599999999976717, 171632.700000000011642 ], [ 549823.099999999976717, 171624.4 ], [ 549822.699999999953434, 171599.0 ], [ 549820.599999999976717, 171578.700000000011642 ], [ 549820.099999999976717, 171576.0 ], [ 549816.5, 171556.4 ], [ 549811.300000000046566, 171524.4 ], [ 549800.300000000046566, 171455.700000000011642 ], [ 549792.300000000046566, 171417.4 ], [ 549782.599999999976717, 171386.299999999988358 ], [ 549725.5, 171307.0 ], [ 549689.599999999976717, 171268.700000000011642 ], [ 549683.099999999976717, 171260.9 ], [ 549669.099999999976717, 171241.299999999988358 ], [ 549686.400000000023283, 171228.700000000011642 ], [ 549704.199999999953434, 171216.9 ], [ 549749.599999999976717, 171195.299999999988358 ], [ 549807.5, 171146.200000000011642 ], [ 549811.800000000046566, 171138.299999999988358 ], [ 549856.099999999976717, 171099.6 ], [ 549870.099999999976717, 171086.1 ], [ 549883.099999999976717, 171071.799999999988358 ], [ 549916.800000000046566, 171032.6 ], [ 549917.300000000046566, 171030.4 ], [ 549900.300000000046566, 170998.0 ], [ 549883.5, 170952.4 ], [ 549881.900000000023283, 170950.6 ], [ 549842.800000000046566, 170943.6 ], [ 549817.800000000046566, 170936.4 ], [ 549771.300000000046566, 170941.0 ], [ 549759.0, 170941.6 ], [ 549745.900000000023283, 170941.0 ], [ 549732.800000000046566, 170940.0 ], [ 549721.400000000023283, 170938.1 ], [ 549688.099999999976717, 170930.700000000011642 ], [ 549671.099999999976717, 170928.1 ], [ 549673.400000000023283, 170907.9 ], [ 549679.699999999953434, 170828.5 ], [ 549679.699999999953434, 170827.299999999988358 ], [ 549681.800000000046566, 170719.0 ], [ 549686.0, 170691.700000000011642 ], [ 549687.699999999953434, 170665.4 ], [ 549687.5, 170654.799999999988358 ], [ 549686.300000000046566, 170644.5 ], [ 549682.800000000046566, 170628.700000000011642 ], [ 549662.199999999953434, 170567.0 ], [ 549652.300000000046566, 170546.200000000011642 ], [ 549648.099999999976717, 170541.0 ], [ 549645.699999999953434, 170539.5 ], [ 549642.300000000046566, 170538.5 ], [ 549632.0, 170537.6 ], [ 549627.300000000046566, 170536.4 ], [ 549623.300000000046566, 170534.5 ], [ 549620.300000000046566, 170532.200000000011642 ], [ 549618.0, 170529.4 ], [ 549609.599999999976717, 170513.6 ], [ 549607.199999999953434, 170507.700000000011642 ], [ 549607.199999999953434, 170507.4 ], [ 549602.300000000046566, 170489.799999999988358 ], [ 549597.0, 170459.0 ], [ 549591.400000000023283, 170410.200000000011642 ], [ 549589.400000000023283, 170399.799999999988358 ], [ 549586.5, 170390.700000000011642 ], [ 549582.400000000023283, 170382.5 ], [ 549578.300000000046566, 170376.200000000011642 ], [ 549564.099999999976717, 170358.799999999988358 ], [ 549556.199999999953434, 170348.200000000011642 ], [ 549581.800000000046566, 170296.799999999988358 ], [ 549599.900000000023283, 170263.0 ], [ 549731.199999999953434, 170242.799999999988358 ], [ 549792.099999999976717, 170235.0 ], [ 549880.599999999976717, 170227.5 ], [ 549871.0, 170206.299999999988358 ], [ 549867.300000000046566, 170196.299999999988358 ], [ 549863.800000000046566, 170184.0 ], [ 549859.800000000046566, 170167.200000000011642 ], [ 549856.300000000046566, 170149.700000000011642 ], [ 549854.599999999976717, 170140.4 ], [ 549850.199999999953434, 170107.6 ], [ 549837.800000000046566, 170000.0 ], [ 549830.699999999953434, 169941.5 ], [ 549770.300000000046566, 169935.5 ], [ 549737.800000000046566, 169935.299999999988358 ], [ 549708.699999999953434, 169941.0 ], [ 549676.800000000046566, 169947.700000000011642 ], [ 549630.699999999953434, 169962.1 ], [ 549577.5, 169982.200000000011642 ], [ 549556.800000000046566, 169924.0 ], [ 549551.199999999953434, 169908.200000000011642 ], [ 549542.599999999976717, 169883.9 ], [ 549537.699999999953434, 169868.6 ], [ 549577.800000000046566, 169841.799999999988358 ], [ 549608.699999999953434, 169822.0 ], [ 549640.199999999953434, 169795.6 ], [ 549656.599999999976717, 169772.700000000011642 ], [ 549658.800000000046566, 169769.200000000011642 ], [ 549662.699999999953434, 169763.0 ], [ 549666.800000000046566, 169756.9 ], [ 549671.0, 169750.799999999988358 ], [ 549672.0, 169749.5 ], [ 549675.199999999953434, 169745.200000000011642 ], [ 549678.400000000023283, 169741.0 ], [ 549681.699999999953434, 169736.799999999988358 ], [ 549685.0, 169732.700000000011642 ], [ 549688.5, 169728.799999999988358 ], [ 549692.0, 169724.9 ], [ 549695.699999999953434, 169721.1 ], [ 549697.199999999953434, 169719.6 ], [ 549700.300000000046566, 169716.6 ], [ 549703.5, 169713.700000000011642 ], [ 549706.699999999953434, 169710.799999999988358 ], [ 549710.0, 169708.0 ], [ 549713.400000000023283, 169705.299999999988358 ], [ 549716.800000000046566, 169702.6 ], [ 549720.300000000046566, 169700.1 ], [ 549723.900000000023283, 169697.700000000011642 ], [ 549727.5, 169695.299999999988358 ], [ 549727.699999999953434, 169695.200000000011642 ], [ 549731.5, 169693.0 ], [ 549735.400000000023283, 169690.9 ], [ 549739.300000000046566, 169688.9 ], [ 549743.300000000046566, 169687.0 ], [ 549747.300000000046566, 169685.1 ], [ 549751.300000000046566, 169683.5 ], [ 549755.5, 169681.9 ], [ 549759.599999999976717, 169680.4 ], [ 549763.800000000046566, 169679.1 ], [ 549768.099999999976717, 169677.9 ], [ 549772.300000000046566, 169676.799999999988358 ], [ 549773.5, 169676.5 ], [ 549777.5, 169675.4 ], [ 549779.5, 169674.9 ], [ 549781.5, 169674.4 ], [ 549783.5, 169674.0 ], [ 549785.5, 169673.5 ], [ 549787.5, 169673.1 ], [ 549789.599999999976717, 169672.799999999988358 ], [ 549791.599999999976717, 169672.5 ], [ 549793.599999999976717, 169672.200000000011642 ], [ 549795.599999999976717, 169672.0 ], [ 549797.699999999953434, 169672.0 ], [ 549799.699999999953434, 169671.9 ], [ 549801.699999999953434, 169672.0 ], [ 549803.800000000046566, 169672.200000000011642 ], [ 549804.400000000023283, 169672.299999999988358 ], [ 549806.400000000023283, 169672.6 ], [ 549808.400000000023283, 169673.0 ], [ 549810.400000000023283, 169673.4 ], [ 549812.400000000023283, 169673.9 ], [ 549814.400000000023283, 169674.5 ], [ 549816.300000000046566, 169675.1 ], [ 549822.900000000023283, 169678.4 ], [ 549831.0, 169670.5 ], [ 549830.300000000046566, 169669.6 ], [ 549829.599999999976717, 169668.5 ], [ 549828.900000000023283, 169667.5 ], [ 549828.300000000046566, 169666.4 ], [ 549827.800000000046566, 169665.4 ], [ 549827.199999999953434, 169664.200000000011642 ], [ 549826.900000000023283, 169663.5 ], [ 549826.599999999976717, 169662.799999999988358 ], [ 549826.300000000046566, 169662.0 ], [ 549826.0, 169661.299999999988358 ], [ 549825.699999999953434, 169660.5 ], [ 549825.5, 169659.799999999988358 ], [ 549825.300000000046566, 169659.0 ], [ 549825.199999999953434, 169658.200000000011642 ], [ 549825.099999999976717, 169657.4 ], [ 549825.099999999976717, 169656.6 ], [ 549825.099999999976717, 169655.4 ], [ 549825.199999999953434, 169654.200000000011642 ], [ 549825.400000000023283, 169653.0 ], [ 549825.699999999953434, 169651.799999999988358 ], [ 549825.900000000023283, 169650.6 ], [ 549826.099999999976717, 169649.9 ], [ 549826.199999999953434, 169649.700000000011642 ], [ 549826.5, 169648.5 ], [ 549826.900000000023283, 169647.4 ], [ 549827.400000000023283, 169646.200000000011642 ], [ 549860.400000000023283, 169597.700000000011642 ], [ 549861.699999999953434, 169597.700000000011642 ], [ 549863.599999999976717, 169597.6 ], [ 549865.5, 169597.4 ], [ 549867.400000000023283, 169597.1 ], [ 549869.199999999953434, 169596.799999999988358 ], [ 549869.800000000046566, 169596.700000000011642 ], [ 549870.699999999953434, 169596.5 ], [ 549871.599999999976717, 169596.4 ], [ 549872.5, 169596.200000000011642 ], [ 549873.400000000023283, 169596.0 ], [ 549874.300000000046566, 169595.700000000011642 ], [ 549875.199999999953434, 169595.4 ], [ 549876.099999999976717, 169595.1 ], [ 549876.800000000046566, 169594.700000000011642 ], [ 549877.699999999953434, 169594.200000000011642 ], [ 549878.599999999976717, 169593.700000000011642 ], [ 549879.5, 169593.1 ], [ 549880.300000000046566, 169592.5 ], [ 549881.099999999976717, 169591.799999999988358 ], [ 549881.900000000023283, 169591.1 ], [ 549882.199999999953434, 169590.799999999988358 ], [ 549882.900000000023283, 169590.1 ], [ 549883.599999999976717, 169589.299999999988358 ], [ 549901.099999999976717, 169568.700000000011642 ], [ 549916.300000000046566, 169550.0 ], [ 549938.099999999976717, 169524.799999999988358 ], [ 549963.800000000046566, 169488.0 ], [ 550000.099999999976717, 169425.700000000011642 ], [ 550007.300000000046566, 169419.5 ], [ 550000.099999999976717, 169408.6 ], [ 549988.699999999953434, 169384.200000000011642 ], [ 550000.0, 169380.299999999988358 ], [ 550000.099999999976717, 169380.299999999988358 ], [ 550012.199999999953434, 169377.1 ], [ 550027.0, 169376.0 ], [ 550050.400000000023283, 169332.700000000011642 ], [ 550060.199999999953434, 169314.5 ], [ 550078.699999999953434, 169279.799999999988358 ], [ 550094.599999999976717, 169257.6 ], [ 550099.699999999953434, 169246.6 ], [ 550102.199999999953434, 169238.4 ], [ 550109.199999999953434, 169213.5 ], [ 550119.0, 169184.1 ], [ 550132.199999999953434, 169161.6 ], [ 550144.300000000046566, 169137.1 ], [ 550153.800000000046566, 169108.200000000011642 ], [ 550159.900000000023283, 169087.799999999988358 ], [ 550164.599999999976717, 169069.299999999988358 ], [ 550166.199999999953434, 169042.700000000011642 ], [ 550170.400000000023283, 169017.700000000011642 ], [ 550178.400000000023283, 168989.4 ], [ 550189.599999999976717, 168937.0 ], [ 550199.300000000046566, 168897.1 ], [ 550194.5, 168872.299999999988358 ], [ 550195.400000000023283, 168835.9 ], [ 550197.199999999953434, 168806.5 ], [ 550198.800000000046566, 168776.9 ], [ 550213.0, 168751.799999999988358 ], [ 550217.900000000023283, 168735.0 ], [ 550221.699999999953434, 168713.9 ], [ 550226.0, 168696.9 ], [ 550236.199999999953434, 168672.200000000011642 ], [ 550254.300000000046566, 168629.1 ], [ 550268.400000000023283, 168592.4 ], [ 550279.599999999976717, 168560.5 ], [ 550287.800000000046566, 168535.9 ], [ 550293.5, 168520.799999999988358 ], [ 550301.800000000046566, 168507.1 ], [ 550315.400000000023283, 168482.0 ], [ 550321.199999999953434, 168482.0 ], [ 550332.599999999976717, 168459.5 ], [ 550328.800000000046566, 168455.799999999988358 ], [ 550343.599999999976717, 168426.799999999988358 ], [ 550362.5, 168392.299999999988358 ], [ 550389.199999999953434, 168351.1 ], [ 550404.099999999976717, 168325.200000000011642 ], [ 550421.5, 168300.9 ], [ 550429.800000000046566, 168289.6 ], [ 550440.699999999953434, 168274.700000000011642 ], [ 550462.300000000046566, 168246.0 ], [ 550486.300000000046566, 168218.4 ], [ 550507.5, 168194.700000000011642 ], [ 550526.900000000023283, 168173.5 ], [ 550541.199999999953434, 168157.4 ], [ 550492.900000000023283, 168146.799999999988358 ], [ 550467.099999999976717, 168141.799999999988358 ], [ 550459.900000000023283, 168140.4 ], [ 550424.800000000046566, 168137.1 ], [ 550392.0, 168132.5 ], [ 550347.0, 168128.799999999988358 ], [ 550307.199999999953434, 168127.1 ], [ 550256.099999999976717, 168121.1 ], [ 550196.199999999953434, 168127.1 ], [ 550124.0, 168129.5 ], [ 550064.800000000046566, 168132.9 ], [ 550017.199999999953434, 168135.9 ], [ 550000.099999999976717, 168138.200000000011642 ], [ 550000.0, 168138.200000000011642 ], [ 549941.300000000046566, 168139.799999999988358 ], [ 549897.599999999976717, 168139.0 ], [ 549861.599999999976717, 168140.9 ], [ 549830.699999999953434, 168142.6 ], [ 549777.099999999976717, 168146.299999999988358 ], [ 549726.300000000046566, 168148.700000000011642 ], [ 549679.300000000046566, 168149.9 ], [ 549603.300000000046566, 168152.6 ], [ 549544.0, 168159.200000000011642 ], [ 549521.5, 168162.0 ], [ 549520.400000000023283, 168112.299999999988358 ], [ 549509.199999999953434, 168089.9 ], [ 549541.800000000046566, 168053.4 ], [ 549587.599999999976717, 168004.200000000011642 ], [ 549643.900000000023283, 167973.299999999988358 ], [ 549666.0, 167960.9 ], [ 549673.5, 167951.799999999988358 ], [ 549667.599999999976717, 167938.5 ], [ 549663.300000000046566, 167926.1 ], [ 549659.599999999976717, 167911.700000000011642 ], [ 549654.800000000046566, 167891.4 ], [ 549654.300000000046566, 167865.200000000011642 ], [ 549652.0, 167851.6 ], [ 549648.5, 167840.200000000011642 ], [ 549642.0, 167825.5 ], [ 549623.900000000023283, 167794.5 ], [ 549613.900000000023283, 167776.6 ], [ 549609.199999999953434, 167764.799999999988358 ], [ 549603.400000000023283, 167741.5 ], [ 549598.599999999976717, 167720.700000000011642 ], [ 549598.5, 167704.299999999988358 ], [ 549606.099999999976717, 167691.799999999988358 ], [ 549629.800000000046566, 167649.200000000011642 ], [ 549654.199999999953434, 167615.4 ], [ 549619.300000000046566, 167582.9 ], [ 549628.0, 167568.6 ], [ 549651.5, 167534.799999999988358 ], [ 549678.099999999976717, 167487.799999999988358 ], [ 549693.800000000046566, 167474.0 ], [ 549694.599999999976717, 167473.200000000011642 ], [ 549707.199999999953434, 167461.5 ], [ 549708.099999999976717, 167460.6 ], [ 549709.400000000023283, 167459.6 ], [ 549710.599999999976717, 167458.6 ], [ 549711.900000000023283, 167457.5 ], [ 549713.099999999976717, 167456.5 ], [ 549714.400000000023283, 167455.5 ], [ 549715.599999999976717, 167454.5 ], [ 549716.699999999953434, 167453.4 ], [ 549717.800000000046566, 167452.200000000011642 ], [ 549718.900000000023283, 167451.0 ], [ 549720.400000000023283, 167448.799999999988358 ], [ 549721.800000000046566, 167446.5 ], [ 549723.099999999976717, 167444.1 ], [ 549724.199999999953434, 167441.700000000011642 ], [ 549725.400000000023283, 167439.200000000011642 ], [ 549726.099999999976717, 167437.5 ], [ 549727.099999999976717, 167435.200000000011642 ], [ 549728.0, 167432.799999999988358 ], [ 549728.800000000046566, 167430.4 ], [ 549729.599999999976717, 167427.9 ], [ 549730.300000000046566, 167425.5 ], [ 549730.800000000046566, 167423.700000000011642 ], [ 549731.199999999953434, 167422.0 ], [ 549731.5, 167420.200000000011642 ], [ 549731.900000000023283, 167418.5 ], [ 549732.199999999953434, 167416.799999999988358 ], [ 549732.5, 167415.0 ], [ 549732.699999999953434, 167413.299999999988358 ], [ 549732.800000000046566, 167411.5 ], [ 549732.900000000023283, 167409.799999999988358 ], [ 549732.900000000023283, 167408.0 ], [ 549732.900000000023283, 167406.299999999988358 ], [ 549732.800000000046566, 167406.0 ], [ 549732.800000000046566, 167405.5 ], [ 549732.800000000046566, 167405.0 ], [ 549732.800000000046566, 167404.5 ], [ 549732.800000000046566, 167404.0 ], [ 549732.900000000023283, 167403.4 ], [ 549732.900000000023283, 167402.9 ], [ 549732.900000000023283, 167402.4 ], [ 549732.900000000023283, 167401.9 ], [ 549732.900000000023283, 167401.4 ], [ 549732.900000000023283, 167400.9 ], [ 549732.800000000046566, 167400.4 ], [ 549732.800000000046566, 167399.9 ], [ 549732.699999999953434, 167399.4 ], [ 549732.599999999976717, 167398.9 ], [ 549732.400000000023283, 167398.5 ], [ 549732.199999999953434, 167398.1 ], [ 549732.0, 167397.6 ], [ 549731.699999999953434, 167397.299999999988358 ], [ 549731.300000000046566, 167396.9 ], [ 549731.0, 167396.6 ], [ 549730.599999999976717, 167396.200000000011642 ], [ 549730.199999999953434, 167395.9 ], [ 549729.800000000046566, 167395.700000000011642 ], [ 549729.400000000023283, 167395.4 ], [ 549728.900000000023283, 167395.200000000011642 ], [ 549728.400000000023283, 167395.0 ], [ 549728.0, 167394.799999999988358 ], [ 549727.5, 167394.700000000011642 ], [ 549727.0, 167394.6 ], [ 549726.5, 167394.5 ], [ 549726.0, 167394.4 ], [ 549700.800000000046566, 167392.6 ], [ 549698.0, 167372.799999999988358 ], [ 549695.300000000046566, 167336.6 ], [ 549690.599999999976717, 167284.299999999988358 ], [ 549693.800000000046566, 167243.9 ], [ 549694.400000000023283, 167217.4 ], [ 549694.800000000046566, 167169.4 ], [ 549693.599999999976717, 167150.9 ], [ 549700.0, 167148.200000000011642 ], [ 549713.099999999976717, 167143.299999999988358 ], [ 549741.599999999976717, 167127.4 ], [ 549744.300000000046566, 167054.200000000011642 ], [ 549745.199999999953434, 166993.799999999988358 ], [ 549746.400000000023283, 166926.0 ], [ 549746.099999999976717, 166925.700000000011642 ], [ 549744.599999999976717, 166924.299999999988358 ], [ 549743.099999999976717, 166923.0 ], [ 549742.900000000023283, 166922.9 ], [ 549742.400000000023283, 166922.5 ], [ 549741.900000000023283, 166922.1 ], [ 549741.400000000023283, 166921.799999999988358 ], [ 549740.300000000046566, 166921.1 ], [ 549739.800000000046566, 166920.799999999988358 ], [ 549739.300000000046566, 166920.4 ], [ 549738.800000000046566, 166920.0 ], [ 549738.300000000046566, 166919.6 ], [ 549737.900000000023283, 166919.1 ], [ 549737.699999999953434, 166918.799999999988358 ], [ 549737.300000000046566, 166918.200000000011642 ], [ 549737.0, 166917.700000000011642 ], [ 549736.699999999953434, 166917.1 ], [ 549736.400000000023283, 166916.5 ], [ 549736.199999999953434, 166915.9 ], [ 549736.0, 166915.299999999988358 ], [ 549735.800000000046566, 166914.6 ], [ 549735.699999999953434, 166914.0 ], [ 549735.599999999976717, 166913.4 ], [ 549735.599999999976717, 166912.700000000011642 ], [ 549735.599999999976717, 166912.1 ], [ 549735.599999999976717, 166911.4 ], [ 549735.599999999976717, 166910.799999999988358 ], [ 549735.699999999953434, 166910.1 ], [ 549735.800000000046566, 166909.5 ], [ 549742.800000000046566, 166865.4 ], [ 549689.599999999976717, 166863.5 ], [ 549688.400000000023283, 166845.299999999988358 ], [ 549690.599999999976717, 166825.299999999988358 ], [ 549695.400000000023283, 166777.5 ], [ 549693.199999999953434, 166752.299999999988358 ], [ 549717.900000000023283, 166742.700000000011642 ], [ 549737.599999999976717, 166737.700000000011642 ], [ 549799.599999999976717, 166733.9 ], [ 549799.300000000046566, 166705.9 ], [ 549791.199999999953434, 166643.4 ], [ 549839.400000000023283, 166621.200000000011642 ], [ 549888.400000000023283, 166602.299999999988358 ], [ 549878.199999999953434, 166562.6 ], [ 549895.0, 166555.1 ], [ 549904.300000000046566, 166549.799999999988358 ], [ 549918.300000000046566, 166544.299999999988358 ], [ 549937.400000000023283, 166539.5 ], [ 549952.0, 166531.4 ], [ 549949.900000000023283, 166521.5 ], [ 549946.099999999976717, 166489.1 ], [ 549942.599999999976717, 166469.700000000011642 ], [ 549928.599999999976717, 166428.700000000011642 ], [ 549922.599999999976717, 166404.799999999988358 ], [ 549922.599999999976717, 166403.9 ], [ 549922.099999999976717, 166393.6 ], [ 549915.099999999976717, 166368.700000000011642 ], [ 549911.599999999976717, 166338.5 ], [ 549913.5, 166307.9 ], [ 549917.099999999976717, 166284.1 ], [ 549917.5, 166265.5 ], [ 549916.199999999953434, 166236.5 ], [ 549912.5, 166217.9 ], [ 549871.400000000023283, 166231.5 ], [ 549856.099999999976717, 166239.200000000011642 ], [ 549846.0, 166226.5 ], [ 549828.900000000023283, 166200.700000000011642 ], [ 549813.5, 166178.799999999988358 ], [ 549793.599999999976717, 166142.200000000011642 ], [ 549785.5, 166126.6 ], [ 549732.300000000046566, 166064.5 ], [ 549725.300000000046566, 166054.200000000011642 ], [ 549713.5, 166028.700000000011642 ], [ 549801.5, 165957.6 ], [ 549799.300000000046566, 165943.9 ], [ 549798.599999999976717, 165921.0 ], [ 549803.900000000023283, 165895.1 ], [ 549814.199999999953434, 165884.6 ], [ 549829.800000000046566, 165876.799999999988358 ], [ 549761.300000000046566, 165648.9 ], [ 549813.699999999953434, 165630.4 ], [ 549897.199999999953434, 165601.299999999988358 ], [ 549883.900000000023283, 165520.200000000011642 ], [ 549872.199999999953434, 165462.1 ], [ 549872.199999999953434, 165462.0 ], [ 549872.199999999953434, 165460.799999999988358 ], [ 549872.099999999976717, 165459.700000000011642 ], [ 549872.0, 165458.6 ], [ 549871.800000000046566, 165457.5 ], [ 549871.599999999976717, 165456.4 ], [ 549871.300000000046566, 165455.299999999988358 ], [ 549871.0, 165454.200000000011642 ], [ 549870.599999999976717, 165453.1 ], [ 549870.199999999953434, 165452.1 ], [ 549869.800000000046566, 165451.0 ], [ 549869.300000000046566, 165450.0 ], [ 549868.800000000046566, 165449.0 ], [ 549868.300000000046566, 165448.200000000011642 ], [ 549867.800000000046566, 165447.5 ], [ 549867.400000000023283, 165446.799999999988358 ], [ 549867.0, 165446.200000000011642 ], [ 549866.5, 165445.5 ], [ 549866.099999999976717, 165444.9 ], [ 549865.599999999976717, 165444.299999999988358 ], [ 549865.0, 165443.700000000011642 ], [ 549864.5, 165443.1 ], [ 549863.900000000023283, 165442.6 ], [ 549863.300000000046566, 165442.1 ], [ 549862.699999999953434, 165441.6 ], [ 549862.0, 165441.200000000011642 ], [ 549861.400000000023283, 165440.9 ], [ 549860.400000000023283, 165440.4 ], [ 549859.400000000023283, 165440.0 ], [ 549858.300000000046566, 165439.700000000011642 ], [ 549857.199999999953434, 165439.4 ], [ 549856.099999999976717, 165439.200000000011642 ], [ 549855.0, 165439.0 ], [ 549853.800000000046566, 165438.9 ], [ 549852.199999999953434, 165438.799999999988358 ], [ 549850.199999999953434, 165438.9 ], [ 549848.099999999976717, 165439.1 ], [ 549846.099999999976717, 165439.6 ], [ 549844.099999999976717, 165440.200000000011642 ], [ 549842.099999999976717, 165440.9 ], [ 549840.199999999953434, 165441.700000000011642 ], [ 549838.199999999953434, 165442.5 ], [ 549836.300000000046566, 165443.4 ], [ 549834.400000000023283, 165444.299999999988358 ], [ 549833.599999999976717, 165444.700000000011642 ], [ 549831.699999999953434, 165445.700000000011642 ], [ 549829.800000000046566, 165446.700000000011642 ], [ 549828.0, 165447.700000000011642 ], [ 549826.300000000046566, 165448.9 ], [ 549824.5, 165450.0 ], [ 549808.0, 165463.1 ], [ 549774.0, 165489.4 ], [ 549722.400000000023283, 165531.1 ], [ 549716.599999999976717, 165536.9 ], [ 549692.800000000046566, 165484.200000000011642 ], [ 549685.800000000046566, 165461.9 ], [ 549680.900000000023283, 165420.200000000011642 ], [ 549665.5, 165395.9 ], [ 549578.599999999976717, 165304.0 ], [ 549573.400000000023283, 165293.6 ], [ 549571.199999999953434, 165289.1 ], [ 549574.599999999976717, 165286.200000000011642 ], [ 549610.300000000046566, 165258.700000000011642 ], [ 549649.800000000046566, 165224.299999999988358 ], [ 549621.099999999976717, 165169.200000000011642 ], [ 549584.0, 165096.700000000011642 ], [ 549531.599999999976717, 165000.0 ], [ 549481.300000000046566, 164911.5 ], [ 549443.300000000046566, 164845.9 ], [ 549442.800000000046566, 164845.1 ], [ 549431.599999999976717, 164826.1 ], [ 549447.0, 164804.9 ], [ 549456.599999999976717, 164788.1 ], [ 549453.900000000023283, 164781.1 ], [ 549451.0, 164774.1 ], [ 549448.0, 164767.299999999988358 ], [ 549447.199999999953434, 164765.700000000011642 ], [ 549443.800000000046566, 164759.0 ], [ 549440.099999999976717, 164752.5 ], [ 549436.300000000046566, 164746.0 ], [ 549432.5, 164739.5 ], [ 549429.0, 164732.9 ], [ 549427.800000000046566, 164730.5 ], [ 549424.400000000023283, 164723.1 ], [ 549421.099999999976717, 164715.6 ], [ 549418.099999999976717, 164708.1 ], [ 549415.199999999953434, 164700.5 ], [ 549412.599999999976717, 164692.799999999988358 ], [ 549410.800000000046566, 164687.1 ], [ 549408.699999999953434, 164680.1 ], [ 549406.800000000046566, 164673.0 ], [ 549405.099999999976717, 164665.9 ], [ 549403.5, 164658.700000000011642 ], [ 549402.199999999953434, 164651.5 ], [ 549401.099999999976717, 164644.200000000011642 ], [ 549400.300000000046566, 164638.1 ], [ 549399.800000000046566, 164632.0 ], [ 549399.300000000046566, 164626.0 ], [ 549399.0, 164619.9 ], [ 549398.800000000046566, 164613.799999999988358 ], [ 549398.900000000023283, 164607.799999999988358 ], [ 549399.300000000046566, 164601.700000000011642 ], [ 549399.5, 164599.299999999988358 ], [ 549400.0, 164595.0 ], [ 549400.099999999976717, 164594.299999999988358 ], [ 549400.400000000023283, 164593.5 ], [ 549400.699999999953434, 164592.700000000011642 ], [ 549401.0, 164591.9 ], [ 549401.099999999976717, 164591.5 ], [ 549401.599999999976717, 164590.299999999988358 ], [ 549402.199999999953434, 164589.1 ], [ 549402.800000000046566, 164588.0 ], [ 549403.300000000046566, 164587.1 ], [ 549404.0, 164586.0 ], [ 549404.800000000046566, 164584.9 ], [ 549405.699999999953434, 164583.9 ], [ 549406.599999999976717, 164582.9 ], [ 549407.599999999976717, 164582.0 ], [ 549408.599999999976717, 164581.1 ], [ 549409.599999999976717, 164580.200000000011642 ], [ 549410.699999999953434, 164579.4 ], [ 549411.800000000046566, 164578.5 ], [ 549412.800000000046566, 164577.700000000011642 ], [ 549415.099999999976717, 164576.1 ], [ 549416.199999999953434, 164575.299999999988358 ], [ 549417.199999999953434, 164574.5 ], [ 549418.300000000046566, 164573.6 ], [ 549418.900000000023283, 164573.1 ], [ 549426.5, 164566.6 ], [ 549434.300000000046566, 164560.4 ], [ 549439.099999999976717, 164556.9 ], [ 549443.199999999953434, 164553.9 ], [ 549447.300000000046566, 164551.1 ], [ 549450.300000000046566, 164549.700000000011642 ], [ 549451.599999999976717, 164549.200000000011642 ], [ 549452.800000000046566, 164548.799999999988358 ], [ 549454.099999999976717, 164548.4 ], [ 549455.400000000023283, 164548.1 ], [ 549456.699999999953434, 164547.799999999988358 ], [ 549458.099999999976717, 164547.6 ], [ 549459.400000000023283, 164547.4 ], [ 549460.699999999953434, 164547.299999999988358 ], [ 549462.099999999976717, 164547.299999999988358 ], [ 549463.5, 164547.299999999988358 ], [ 549462.699999999953434, 164530.5 ], [ 549461.5, 164519.9 ], [ 549458.599999999976717, 164511.799999999988358 ], [ 549456.0, 164503.700000000011642 ], [ 549453.900000000023283, 164496.6 ], [ 549451.699999999953434, 164488.4 ], [ 549449.800000000046566, 164480.1 ], [ 549448.0, 164471.799999999988358 ], [ 549446.099999999976717, 164463.5 ], [ 549445.400000000023283, 164460.700000000011642 ], [ 549442.599999999976717, 164449.299999999988358 ], [ 549442.5, 164447.700000000011642 ], [ 549442.5, 164446.1 ], [ 549442.599999999976717, 164444.6 ], [ 549442.599999999976717, 164443.0 ], [ 549442.699999999953434, 164441.5 ], [ 549442.599999999976717, 164440.700000000011642 ], [ 549442.300000000046566, 164436.1 ], [ 549442.199999999953434, 164432.700000000011642 ], [ 549442.400000000023283, 164431.200000000011642 ], [ 549442.599999999976717, 164429.799999999988358 ], [ 549442.900000000023283, 164428.299999999988358 ], [ 549443.300000000046566, 164426.9 ], [ 549444.099999999976717, 164424.1 ], [ 549444.5, 164422.6 ], [ 549444.800000000046566, 164421.200000000011642 ], [ 549445.0, 164420.1 ], [ 549445.5, 164417.0 ], [ 549445.800000000046566, 164413.9 ], [ 549446.0, 164411.5 ], [ 549446.099999999976717, 164409.1 ], [ 549446.099999999976717, 164406.700000000011642 ], [ 549446.099999999976717, 164404.4 ], [ 549445.900000000023283, 164402.0 ], [ 549445.800000000046566, 164400.5 ], [ 549445.599999999976717, 164397.5 ], [ 549445.199999999953434, 164394.6 ], [ 549444.800000000046566, 164391.700000000011642 ], [ 549444.599999999976717, 164390.9 ], [ 549438.800000000046566, 164366.700000000011642 ], [ 549436.199999999953434, 164359.1 ], [ 549435.300000000046566, 164355.4 ], [ 549434.800000000046566, 164352.9 ], [ 549434.099999999976717, 164349.200000000011642 ], [ 549433.5, 164345.5 ], [ 549433.199999999953434, 164342.9 ], [ 549432.0, 164334.700000000011642 ], [ 549469.0, 164324.6 ], [ 549505.599999999976717, 164313.4 ], [ 549492.099999999976717, 164199.6 ], [ 549469.400000000023283, 164085.799999999988358 ], [ 549459.199999999953434, 164038.200000000011642 ], [ 549442.800000000046566, 164010.6 ], [ 549404.400000000023283, 163941.299999999988358 ], [ 549403.0, 163940.5 ], [ 549401.5, 163939.700000000011642 ], [ 549400.099999999976717, 163939.1 ], [ 549398.599999999976717, 163938.4 ], [ 549397.599999999976717, 163938.1 ], [ 549396.0, 163937.5 ], [ 549394.5, 163937.0 ], [ 549392.900000000023283, 163936.6 ], [ 549391.400000000023283, 163936.299999999988358 ], [ 549389.800000000046566, 163936.0 ], [ 549388.199999999953434, 163935.700000000011642 ], [ 549387.800000000046566, 163935.700000000011642 ], [ 549385.800000000046566, 163920.9 ], [ 549384.800000000046566, 163913.700000000011642 ], [ 549377.099999999976717, 163841.9 ], [ 549372.5, 163802.299999999988358 ], [ 549371.900000000023283, 163799.1 ], [ 549371.400000000023283, 163795.9 ], [ 549371.099999999976717, 163792.700000000011642 ], [ 549370.800000000046566, 163789.4 ], [ 549370.599999999976717, 163786.200000000011642 ], [ 549370.5, 163783.0 ], [ 549370.5, 163782.9 ], [ 549370.5, 163779.6 ], [ 549370.599999999976717, 163776.4 ], [ 549370.800000000046566, 163773.200000000011642 ], [ 549371.099999999976717, 163769.9 ], [ 549373.400000000023283, 163761.299999999988358 ], [ 549364.900000000023283, 163729.799999999988358 ], [ 549330.599999999976717, 163732.299999999988358 ], [ 549329.599999999976717, 163731.1 ], [ 549321.699999999953434, 163713.700000000011642 ], [ 549317.900000000023283, 163703.1 ], [ 549313.5, 163688.4 ], [ 549310.699999999953434, 163676.299999999988358 ], [ 549309.599999999976717, 163668.9 ], [ 549308.599999999976717, 163652.6 ], [ 549308.900000000023283, 163626.299999999988358 ], [ 549305.300000000046566, 163595.6 ], [ 549305.099999999976717, 163581.1 ], [ 549305.5, 163566.700000000011642 ], [ 549310.699999999953434, 163537.6 ], [ 549312.199999999953434, 163513.6 ], [ 549309.300000000046566, 163507.799999999988358 ], [ 549308.699999999953434, 163506.0 ], [ 549307.800000000046566, 163504.4 ], [ 549307.099999999976717, 163502.700000000011642 ], [ 549306.300000000046566, 163500.9 ], [ 549305.699999999953434, 163499.1 ], [ 549305.099999999976717, 163497.4 ], [ 549304.599999999976717, 163495.6 ], [ 549304.199999999953434, 163493.700000000011642 ], [ 549303.800000000046566, 163491.9 ], [ 549303.400000000023283, 163490.1 ], [ 549303.300000000046566, 163489.700000000011642 ], [ 549302.900000000023283, 163487.200000000011642 ], [ 549302.5, 163484.700000000011642 ], [ 549302.300000000046566, 163482.200000000011642 ], [ 549302.099999999976717, 163479.700000000011642 ], [ 549301.900000000023283, 163477.200000000011642 ], [ 549301.900000000023283, 163474.700000000011642 ], [ 549301.900000000023283, 163473.9 ], [ 549301.300000000046566, 163473.5 ], [ 549189.900000000023283, 163405.1 ], [ 549212.199999999953434, 163364.9 ], [ 549212.5, 163337.6 ], [ 549200.400000000023283, 163331.5 ], [ 549195.5, 163325.9 ], [ 549181.199999999953434, 163311.0 ], [ 549168.5, 163305.1 ], [ 549161.0, 163300.700000000011642 ], [ 549154.0, 163295.6 ], [ 549147.099999999976717, 163289.5 ], [ 549135.099999999976717, 163277.0 ], [ 549123.0, 163264.4 ], [ 549115.800000000046566, 163255.799999999988358 ], [ 549109.0, 163246.799999999988358 ], [ 549103.800000000046566, 163238.799999999988358 ], [ 549094.099999999976717, 163221.299999999988358 ], [ 549076.0, 163179.700000000011642 ], [ 549040.300000000046566, 163109.0 ], [ 549036.0, 163096.5 ], [ 549095.300000000046566, 163085.6 ], [ 549092.699999999953434, 163050.200000000011642 ], [ 549078.5, 163053.0 ], [ 549071.300000000046566, 163054.4 ], [ 549064.300000000046566, 163055.700000000011642 ], [ 549057.300000000046566, 163056.799999999988358 ], [ 549051.900000000023283, 163057.5 ], [ 549032.199999999953434, 163059.200000000011642 ], [ 549030.300000000046566, 163059.4 ], [ 549028.400000000023283, 163059.6 ], [ 549026.5, 163059.9 ], [ 549025.199999999953434, 163060.0 ], [ 549024.599999999976717, 163060.0 ], [ 549022.699999999953434, 163060.200000000011642 ], [ 549020.800000000046566, 163060.299999999988358 ], [ 549018.900000000023283, 163060.200000000011642 ], [ 549018.300000000046566, 163060.200000000011642 ], [ 549016.400000000023283, 163060.1 ], [ 549014.5, 163059.9 ], [ 549012.599999999976717, 163059.6 ], [ 549010.699999999953434, 163059.200000000011642 ], [ 549008.5, 163015.4 ], [ 549007.900000000023283, 163015.299999999988358 ], [ 549005.699999999953434, 163014.700000000011642 ], [ 549003.5, 163014.0 ], [ 549001.400000000023283, 163013.299999999988358 ], [ 548999.300000000046566, 163012.5 ], [ 548998.5, 163012.1 ], [ 548996.400000000023283, 163011.200000000011642 ], [ 548994.300000000046566, 163010.200000000011642 ], [ 548992.300000000046566, 163009.1 ], [ 548990.300000000046566, 163008.0 ], [ 548988.300000000046566, 163006.799999999988358 ], [ 548986.300000000046566, 163005.6 ], [ 548984.400000000023283, 163004.299999999988358 ], [ 548983.699999999953434, 163003.700000000011642 ], [ 548981.400000000023283, 163001.9 ], [ 548979.300000000046566, 163000.1 ], [ 548977.300000000046566, 162998.200000000011642 ], [ 548975.300000000046566, 162996.200000000011642 ], [ 548973.300000000046566, 162994.1 ], [ 548971.5, 162992.0 ], [ 548969.599999999976717, 162989.9 ], [ 548967.5, 162987.299999999988358 ], [ 548966.599999999976717, 162986.1 ], [ 548965.599999999976717, 162984.9 ], [ 548964.699999999953434, 162983.700000000011642 ], [ 548963.699999999953434, 162982.5 ], [ 548962.800000000046566, 162981.200000000011642 ], [ 548962.0, 162980.0 ], [ 548961.199999999953434, 162978.700000000011642 ], [ 548960.400000000023283, 162977.4 ], [ 548959.699999999953434, 162976.1 ], [ 548959.0, 162974.700000000011642 ], [ 548958.400000000023283, 162973.299999999988358 ], [ 548957.900000000023283, 162971.9 ], [ 548957.400000000023283, 162970.5 ], [ 548957.300000000046566, 162970.200000000011642 ], [ 548957.099999999976717, 162969.0 ], [ 548956.800000000046566, 162967.9 ], [ 548956.5, 162966.700000000011642 ], [ 548956.300000000046566, 162965.5 ], [ 548956.099999999976717, 162964.4 ], [ 548955.900000000023283, 162963.200000000011642 ], [ 548955.800000000046566, 162962.0 ], [ 548955.699999999953434, 162960.9 ], [ 548955.599999999976717, 162959.700000000011642 ], [ 548955.599999999976717, 162958.5 ], [ 548955.699999999953434, 162957.299999999988358 ], [ 548955.800000000046566, 162956.1 ], [ 548955.900000000023283, 162955.0 ], [ 548956.199999999953434, 162953.799999999988358 ], [ 548956.400000000023283, 162952.700000000011642 ], [ 548956.5, 162952.4 ], [ 548956.800000000046566, 162951.299999999988358 ], [ 548957.199999999953434, 162950.200000000011642 ], [ 548957.599999999976717, 162949.1 ], [ 548958.099999999976717, 162948.0 ], [ 548958.599999999976717, 162946.9 ], [ 548959.199999999953434, 162945.9 ], [ 548959.800000000046566, 162944.9 ], [ 548960.400000000023283, 162943.9 ], [ 548940.0, 162922.1 ], [ 548938.900000000023283, 162922.9 ], [ 548936.699999999953434, 162924.4 ], [ 548934.5, 162925.9 ], [ 548932.199999999953434, 162927.299999999988358 ], [ 548930.300000000046566, 162928.4 ], [ 548929.099999999976717, 162929.1 ], [ 548927.900000000023283, 162929.799999999988358 ], [ 548926.599999999976717, 162930.5 ], [ 548925.400000000023283, 162931.200000000011642 ], [ 548924.099999999976717, 162931.799999999988358 ], [ 548922.800000000046566, 162932.4 ], [ 548921.5, 162932.9 ], [ 548920.199999999953434, 162933.299999999988358 ], [ 548918.800000000046566, 162933.700000000011642 ], [ 548918.099999999976717, 162933.9 ], [ 548917.199999999953434, 162934.1 ], [ 548916.300000000046566, 162934.299999999988358 ], [ 548915.5, 162934.5 ], [ 548914.599999999976717, 162934.6 ], [ 548913.699999999953434, 162934.799999999988358 ], [ 548912.800000000046566, 162934.9 ], [ 548911.900000000023283, 162935.0 ], [ 548911.0, 162935.0 ], [ 548910.099999999976717, 162935.0 ], [ 548909.199999999953434, 162935.0 ], [ 548908.300000000046566, 162934.9 ], [ 548907.400000000023283, 162934.700000000011642 ], [ 548906.5, 162934.5 ], [ 548905.699999999953434, 162934.299999999988358 ], [ 548904.800000000046566, 162934.0 ], [ 548904.0, 162933.700000000011642 ], [ 548903.199999999953434, 162933.299999999988358 ], [ 548902.400000000023283, 162932.9 ], [ 548901.699999999953434, 162932.5 ], [ 548900.900000000023283, 162932.1 ], [ 548900.199999999953434, 162931.6 ], [ 548899.5, 162931.1 ], [ 548898.800000000046566, 162930.5 ], [ 548898.400000000023283, 162930.1 ], [ 548897.699999999953434, 162929.5 ], [ 548897.099999999976717, 162928.9 ], [ 548896.599999999976717, 162928.200000000011642 ], [ 548896.0, 162927.5 ], [ 548895.5, 162926.799999999988358 ], [ 548895.099999999976717, 162926.1 ], [ 548894.599999999976717, 162925.299999999988358 ], [ 548870.400000000023283, 162927.299999999988358 ], [ 548870.199999999953434, 162926.1 ], [ 548869.800000000046566, 162924.1 ], [ 548869.599999999976717, 162922.0 ], [ 548869.300000000046566, 162919.9 ], [ 548869.199999999953434, 162917.799999999988358 ], [ 548869.099999999976717, 162915.700000000011642 ], [ 548869.099999999976717, 162913.6 ], [ 548869.199999999953434, 162911.5 ], [ 548869.300000000046566, 162909.4 ], [ 548869.599999999976717, 162907.299999999988358 ], [ 548869.800000000046566, 162905.299999999988358 ], [ 548870.199999999953434, 162903.200000000011642 ], [ 548870.599999999976717, 162901.1 ], [ 548870.900000000023283, 162899.700000000011642 ], [ 548871.199999999953434, 162898.4 ], [ 548871.5, 162897.1 ], [ 548871.900000000023283, 162895.799999999988358 ], [ 548872.199999999953434, 162894.6 ], [ 548872.599999999976717, 162893.299999999988358 ], [ 548873.099999999976717, 162892.0 ], [ 548873.599999999976717, 162890.799999999988358 ], [ 548874.099999999976717, 162889.6 ], [ 548874.699999999953434, 162888.4 ], [ 548875.300000000046566, 162887.200000000011642 ], [ 548876.0, 162886.1 ], [ 548877.199999999953434, 162884.5 ], [ 548885.0, 162876.9 ], [ 548885.300000000046566, 162876.5 ], [ 548892.800000000046566, 162868.5 ], [ 548894.0, 162867.5 ], [ 548896.699999999953434, 162865.299999999988358 ], [ 548899.300000000046566, 162863.0 ], [ 548901.800000000046566, 162860.6 ], [ 548904.300000000046566, 162858.200000000011642 ], [ 548906.699999999953434, 162855.700000000011642 ], [ 548909.0, 162853.1 ], [ 548911.099999999976717, 162850.6 ], [ 548914.099999999976717, 162846.6 ], [ 548917.0, 162842.5 ], [ 548919.699999999953434, 162838.200000000011642 ], [ 548922.300000000046566, 162833.9 ], [ 548924.800000000046566, 162829.5 ], [ 548927.199999999953434, 162825.1 ], [ 548927.900000000023283, 162823.6 ], [ 548930.099999999976717, 162819.6 ], [ 548931.199999999953434, 162817.6 ], [ 548932.199999999953434, 162815.5 ], [ 548933.199999999953434, 162813.5 ], [ 548934.199999999953434, 162811.4 ], [ 548935.099999999976717, 162809.299999999988358 ], [ 548935.900000000023283, 162807.200000000011642 ], [ 548936.699999999953434, 162805.1 ], [ 548937.400000000023283, 162802.9 ], [ 548937.900000000023283, 162800.700000000011642 ], [ 548938.099999999976717, 162800.200000000011642 ], [ 548938.599999999976717, 162797.6 ], [ 548939.0, 162794.9 ], [ 548939.300000000046566, 162792.200000000011642 ], [ 548939.5, 162789.5 ], [ 548939.599999999976717, 162786.799999999988358 ], [ 548939.599999999976717, 162784.1 ], [ 548939.5, 162781.5 ], [ 548939.300000000046566, 162778.799999999988358 ], [ 548939.300000000046566, 162778.0 ], [ 548939.099999999976717, 162776.1 ], [ 548939.0, 162774.700000000011642 ], [ 548938.699999999953434, 162772.0 ], [ 548938.199999999953434, 162769.4 ], [ 548937.699999999953434, 162766.700000000011642 ], [ 548937.099999999976717, 162764.1 ], [ 548936.5, 162761.5 ], [ 548935.699999999953434, 162758.9 ], [ 548932.699999999953434, 162744.299999999988358 ], [ 548928.900000000023283, 162732.9 ], [ 548909.400000000023283, 162743.4 ], [ 548900.099999999976717, 162748.299999999988358 ], [ 548880.300000000046566, 162758.299999999988358 ], [ 548860.300000000046566, 162767.799999999988358 ], [ 548859.900000000023283, 162767.9 ], [ 548844.900000000023283, 162774.5 ], [ 548829.699999999953434, 162780.799999999988358 ], [ 548814.400000000023283, 162786.700000000011642 ], [ 548813.099999999976717, 162787.1 ], [ 548778.5, 162802.799999999988358 ], [ 548773.699999999953434, 162804.9 ], [ 548768.0, 162807.5 ], [ 548757.300000000046566, 162812.0 ], [ 548750.099999999976717, 162814.799999999988358 ], [ 548739.300000000046566, 162818.799999999988358 ], [ 548728.400000000023283, 162822.6 ], [ 548717.400000000023283, 162826.1 ], [ 548713.300000000046566, 162827.4 ], [ 548696.400000000023283, 162832.6 ], [ 548679.300000000046566, 162837.4 ], [ 548673.800000000046566, 162838.799999999988358 ], [ 548611.199999999953434, 162856.200000000011642 ], [ 548592.0, 162861.700000000011642 ], [ 548563.800000000046566, 162870.5 ], [ 548557.300000000046566, 162835.5 ], [ 548542.900000000023283, 162837.5 ], [ 548520.300000000046566, 162841.0 ], [ 548520.599999999976717, 162843.5 ], [ 548472.0, 162851.799999999988358 ], [ 548423.599999999976717, 162858.6 ], [ 548403.0, 162861.200000000011642 ], [ 548403.0, 162859.1 ], [ 548363.800000000046566, 162865.1 ], [ 548278.300000000046566, 162874.6 ], [ 548249.800000000046566, 162873.9 ], [ 548250.800000000046566, 162880.1 ], [ 548240.0, 162881.799999999988358 ], [ 548228.099999999976717, 162883.299999999988358 ], [ 548226.300000000046566, 162883.5 ], [ 548211.0, 162885.0 ], [ 548195.699999999953434, 162886.1 ], [ 548182.400000000023283, 162886.700000000011642 ], [ 548166.900000000023283, 162887.299999999988358 ], [ 548144.0, 162889.200000000011642 ], [ 548142.0, 162889.299999999988358 ], [ 548140.0, 162889.299999999988358 ], [ 548135.900000000023283, 162889.4 ], [ 548133.900000000023283, 162889.5 ], [ 548131.900000000023283, 162889.6 ], [ 548129.800000000046566, 162889.700000000011642 ], [ 548127.900000000023283, 162890.0 ], [ 548125.900000000023283, 162890.4 ], [ 548125.099999999976717, 162890.5 ], [ 548123.900000000023283, 162890.799999999988358 ], [ 548122.599999999976717, 162891.200000000011642 ], [ 548121.300000000046566, 162891.5 ], [ 548120.099999999976717, 162892.0 ], [ 548119.400000000023283, 162892.200000000011642 ], [ 548118.199999999953434, 162892.799999999988358 ], [ 548117.0, 162893.299999999988358 ], [ 548115.800000000046566, 162893.9 ], [ 548114.699999999953434, 162894.6 ], [ 548105.5, 162897.4 ], [ 548099.900000000023283, 162896.799999999988358 ], [ 548068.099999999976717, 162883.0 ], [ 548022.800000000046566, 162855.5 ], [ 548012.0, 162850.299999999988358 ], [ 548001.699999999953434, 162844.1 ], [ 547994.5, 162839.1 ], [ 547990.199999999953434, 162835.299999999988358 ], [ 547992.0, 162811.9 ], [ 547957.900000000023283, 162790.9 ], [ 547931.800000000046566, 162774.9 ], [ 547902.300000000046566, 162756.799999999988358 ], [ 547871.400000000023283, 162743.6 ], [ 547838.300000000046566, 162731.0 ], [ 547790.400000000023283, 162718.299999999988358 ], [ 547745.599999999976717, 162706.299999999988358 ], [ 547742.199999999953434, 162716.200000000011642 ], [ 547735.699999999953434, 162714.700000000011642 ], [ 547692.699999999953434, 162706.4 ], [ 547650.900000000023283, 162699.5 ], [ 547640.5, 162692.5 ], [ 547615.300000000046566, 162659.299999999988358 ], [ 547589.400000000023283, 162616.200000000011642 ], [ 547582.800000000046566, 162617.1 ], [ 547583.0, 162594.799999999988358 ], [ 547583.199999999953434, 162577.5 ], [ 547571.599999999976717, 162579.0 ], [ 547558.400000000023283, 162580.6 ], [ 547548.699999999953434, 162525.299999999988358 ], [ 547541.199999999953434, 162476.700000000011642 ], [ 547525.5, 162391.799999999988358 ], [ 547526.0, 162372.6 ], [ 547550.900000000023283, 162290.299999999988358 ], [ 547572.800000000046566, 162204.6 ], [ 547589.5, 162209.6 ], [ 547654.900000000023283, 162229.299999999988358 ], [ 547696.900000000023283, 162086.1 ], [ 547648.0, 162053.6 ], [ 547688.300000000046566, 161947.299999999988358 ], [ 547710.300000000046566, 161861.700000000011642 ], [ 547731.599999999976717, 161793.0 ], [ 547746.800000000046566, 161725.0 ], [ 547762.900000000023283, 161704.4 ], [ 547779.0, 161649.5 ], [ 547800.199999999953434, 161624.5 ], [ 547843.699999999953434, 161585.799999999988358 ], [ 547893.5, 161544.1 ], [ 547899.099999999976717, 161530.200000000011642 ], [ 547886.400000000023283, 161516.0 ], [ 547856.099999999976717, 161457.4 ], [ 547821.300000000046566, 161391.6 ], [ 547803.699999999953434, 161360.6 ], [ 547794.699999999953434, 161350.4 ], [ 547768.099999999976717, 161323.0 ], [ 547749.5, 161303.6 ], [ 547720.099999999976717, 161273.0 ], [ 547704.800000000046566, 161257.6 ], [ 547699.099999999976717, 161252.1 ], [ 547690.0, 161243.0 ], [ 547681.0, 161233.6 ], [ 547678.900000000023283, 161231.4 ], [ 547674.599999999976717, 161226.700000000011642 ], [ 547670.300000000046566, 161222.0 ], [ 547666.099999999976717, 161217.200000000011642 ], [ 547662.0, 161212.200000000011642 ], [ 547659.0, 161208.299999999988358 ], [ 547655.199999999953434, 161203.200000000011642 ], [ 547651.5, 161198.0 ], [ 547648.0, 161192.700000000011642 ], [ 547644.599999999976717, 161187.299999999988358 ], [ 547644.599999999976717, 161187.1 ], [ 547643.599999999976717, 161184.700000000011642 ], [ 547642.599999999976717, 161182.200000000011642 ], [ 547641.800000000046566, 161179.6 ], [ 547641.0, 161177.0 ], [ 547640.900000000023283, 161176.5 ], [ 547640.199999999953434, 161174.1 ], [ 547639.699999999953434, 161171.700000000011642 ], [ 547639.199999999953434, 161169.200000000011642 ], [ 547638.800000000046566, 161166.700000000011642 ], [ 547638.400000000023283, 161164.299999999988358 ], [ 547638.199999999953434, 161161.5 ], [ 547638.0, 161156.200000000011642 ], [ 547638.199999999953434, 161150.9 ], [ 547638.400000000023283, 161145.4 ], [ 547638.699999999953434, 161140.1 ], [ 547639.099999999976717, 161136.5 ], [ 547640.599999999976717, 161119.5 ], [ 547644.599999999976717, 161090.799999999988358 ], [ 547647.599999999976717, 161083.799999999988358 ], [ 547648.5, 161080.799999999988358 ], [ 547611.400000000023283, 161059.5 ], [ 547585.400000000023283, 161084.700000000011642 ], [ 547559.5, 161116.1 ], [ 547498.5, 161059.1 ], [ 547461.5, 160981.9 ], [ 547398.5, 160821.5 ], [ 547386.199999999953434, 160820.799999999988358 ], [ 547360.199999999953434, 160826.700000000011642 ], [ 547314.800000000046566, 160837.1 ], [ 547315.400000000023283, 160840.299999999988358 ], [ 547219.400000000023283, 160855.200000000011642 ], [ 547193.400000000023283, 160861.700000000011642 ], [ 547149.900000000023283, 160885.1 ], [ 547130.400000000023283, 160885.1 ], [ 547113.800000000046566, 160884.299999999988358 ], [ 547112.300000000046566, 160881.0 ], [ 547111.199999999953434, 160875.299999999988358 ], [ 547105.900000000023283, 160827.200000000011642 ], [ 547100.300000000046566, 160802.4 ], [ 547093.900000000023283, 160784.4 ], [ 547090.599999999976717, 160733.200000000011642 ], [ 547054.099999999976717, 160744.299999999988358 ], [ 547008.400000000023283, 160773.700000000011642 ], [ 546965.199999999953434, 160790.5 ], [ 546921.800000000046566, 160813.799999999988358 ], [ 546912.300000000046566, 160821.5 ], [ 546895.699999999953434, 160814.5 ], [ 546885.199999999953434, 160810.1 ], [ 546865.599999999976717, 160804.299999999988358 ], [ 546844.400000000023283, 160803.5 ], [ 546814.699999999953434, 160807.700000000011642 ], [ 546769.5, 160809.6 ], [ 546761.800000000046566, 160808.9 ], [ 546749.900000000023283, 160804.5 ], [ 546741.0, 160796.299999999988358 ], [ 546737.300000000046566, 160788.4 ], [ 546715.900000000023283, 160745.1 ], [ 546711.0, 160735.6 ], [ 546704.599999999976717, 160724.700000000011642 ], [ 546697.199999999953434, 160714.4 ], [ 546689.699999999953434, 160705.1 ], [ 546684.0, 160698.9 ], [ 546661.5, 160673.0 ], [ 546638.699999999953434, 160643.6 ], [ 546632.099999999976717, 160641.200000000011642 ], [ 546625.599999999976717, 160640.1 ], [ 546590.699999999953434, 160641.6 ], [ 546562.5, 160640.1 ], [ 546552.800000000046566, 160636.6 ], [ 546547.400000000023283, 160622.299999999988358 ], [ 546496.5, 160605.9 ], [ 546469.400000000023283, 160593.1 ], [ 546471.199999999953434, 160579.799999999988358 ], [ 546471.5, 160571.200000000011642 ], [ 546470.900000000023283, 160563.5 ], [ 546469.599999999976717, 160556.0 ], [ 546454.0, 160494.700000000011642 ], [ 546450.800000000046566, 160476.799999999988358 ], [ 546446.699999999953434, 160460.799999999988358 ], [ 546441.800000000046566, 160446.5 ], [ 546439.099999999976717, 160439.9 ], [ 546431.300000000046566, 160423.6 ], [ 546393.099999999976717, 160366.1 ], [ 546388.199999999953434, 160359.6 ], [ 546377.800000000046566, 160349.0 ], [ 546354.800000000046566, 160325.5 ], [ 546318.800000000046566, 160288.4 ], [ 546265.800000000046566, 160219.5 ], [ 546229.800000000046566, 160176.6 ], [ 546184.900000000023283, 160134.0 ], [ 546161.699999999953434, 160106.6 ], [ 546127.699999999953434, 160083.0 ], [ 546045.599999999976717, 160013.700000000011642 ], [ 546019.300000000046566, 159994.4 ], [ 546001.0, 159984.299999999988358 ], [ 545978.400000000023283, 159971.9 ], [ 545968.5, 159965.200000000011642 ], [ 545940.699999999953434, 159943.799999999988358 ], [ 545936.699999999953434, 159939.799999999988358 ], [ 545929.300000000046566, 159935.1 ], [ 545888.800000000046566, 159919.6 ], [ 545855.699999999953434, 159900.6 ], [ 545842.099999999976717, 159890.700000000011642 ], [ 545807.900000000023283, 159878.6 ], [ 545800.300000000046566, 159874.9 ], [ 545777.400000000023283, 159862.9 ], [ 545750.400000000023283, 159846.4 ], [ 545729.300000000046566, 159834.299999999988358 ], [ 545712.199999999953434, 159820.799999999988358 ], [ 545700.300000000046566, 159813.5 ], [ 545692.300000000046566, 159809.299999999988358 ], [ 545676.099999999976717, 159802.299999999988358 ], [ 545648.900000000023283, 159794.6 ], [ 545629.900000000023283, 159785.200000000011642 ], [ 545617.099999999976717, 159779.9 ], [ 545586.199999999953434, 159758.5 ], [ 545563.800000000046566, 159708.5 ], [ 545551.5, 159683.6 ], [ 545545.0, 159671.299999999988358 ], [ 545522.599999999976717, 159632.1 ], [ 545486.800000000046566, 159588.5 ], [ 545463.800000000046566, 159561.700000000011642 ], [ 545425.699999999953434, 159520.299999999988358 ], [ 545401.400000000023283, 159498.5 ], [ 545402.900000000023283, 159474.6 ], [ 545407.199999999953434, 159455.9 ], [ 545409.699999999953434, 159447.799999999988358 ], [ 545410.900000000023283, 159444.700000000011642 ], [ 545421.800000000046566, 159424.4 ], [ 545433.699999999953434, 159395.799999999988358 ], [ 545437.599999999976717, 159384.700000000011642 ], [ 545448.0, 159362.0 ], [ 545444.900000000023283, 159358.9 ], [ 545443.199999999953434, 159356.6 ], [ 545442.099999999976717, 159354.0 ], [ 545425.400000000023283, 159253.6 ], [ 545413.900000000023283, 159205.4 ], [ 545410.900000000023283, 159185.0 ], [ 545409.800000000046566, 159170.0 ], [ 545412.699999999953434, 159140.700000000011642 ], [ 545414.800000000046566, 159131.9 ], [ 545415.400000000023283, 159125.9 ], [ 545415.099999999976717, 159117.799999999988358 ], [ 545410.199999999953434, 159094.200000000011642 ], [ 545407.900000000023283, 159073.700000000011642 ], [ 545406.300000000046566, 159069.9 ], [ 545400.300000000046566, 159059.4 ], [ 545387.699999999953434, 159044.700000000011642 ], [ 545384.699999999953434, 159040.299999999988358 ], [ 545379.300000000046566, 159031.4 ], [ 545374.699999999953434, 159021.700000000011642 ], [ 545371.599999999976717, 159013.0 ], [ 545356.599999999976717, 158950.299999999988358 ], [ 545354.800000000046566, 158946.1 ], [ 545353.800000000046566, 158938.700000000011642 ], [ 545319.300000000046566, 158904.9 ], [ 545318.300000000046566, 158900.200000000011642 ], [ 545317.199999999953434, 158884.6 ], [ 545330.599999999976717, 158872.799999999988358 ], [ 545341.800000000046566, 158832.0 ], [ 545341.5, 158826.0 ], [ 545342.5, 158818.5 ], [ 545345.300000000046566, 158811.0 ], [ 545350.0, 158795.4 ], [ 545351.0, 158793.1 ], [ 545356.699999999953434, 158785.200000000011642 ], [ 545360.800000000046566, 158775.299999999988358 ], [ 545371.199999999953434, 158720.799999999988358 ], [ 545376.5, 158699.0 ], [ 545382.300000000046566, 158682.200000000011642 ], [ 545386.099999999976717, 158674.200000000011642 ], [ 545391.300000000046566, 158665.9 ], [ 545394.5, 158661.4 ], [ 545400.099999999976717, 158656.299999999988358 ], [ 545403.300000000046566, 158651.9 ], [ 545405.5, 158647.0 ], [ 545406.099999999976717, 158644.299999999988358 ], [ 545405.300000000046566, 158639.1 ], [ 545401.300000000046566, 158633.6 ], [ 545361.0, 158613.4 ], [ 545360.800000000046566, 158611.799999999988358 ], [ 545360.900000000023283, 158610.0 ], [ 545370.900000000023283, 158591.799999999988358 ], [ 545373.400000000023283, 158586.0 ], [ 545386.900000000023283, 158543.5 ], [ 545401.699999999953434, 158514.0 ], [ 545404.5, 158506.1 ], [ 545407.5, 158473.4 ], [ 545422.400000000023283, 158388.700000000011642 ], [ 545382.599999999976717, 158377.799999999988358 ], [ 545329.699999999953434, 158357.5 ], [ 545303.900000000023283, 158348.299999999988358 ], [ 545284.5, 158341.4 ], [ 545280.0, 158338.9 ], [ 545308.0, 158269.5 ], [ 545321.300000000046566, 158246.4 ], [ 545371.699999999953434, 158172.6 ], [ 545403.400000000023283, 158126.299999999988358 ], [ 545415.400000000023283, 158104.799999999988358 ], [ 545435.300000000046566, 158068.9 ], [ 545450.699999999953434, 158043.200000000011642 ], [ 545472.199999999953434, 157997.799999999988358 ], [ 545507.800000000046566, 157910.9 ], [ 545515.699999999953434, 157893.1 ], [ 545517.599999999976717, 157881.5 ], [ 545520.199999999953434, 157865.4 ], [ 545520.400000000023283, 157842.0 ], [ 545524.900000000023283, 157805.4 ], [ 545533.400000000023283, 157758.6 ], [ 545538.199999999953434, 157746.299999999988358 ], [ 545542.800000000046566, 157738.6 ], [ 545545.5, 157735.1 ], [ 545566.599999999976717, 157715.0 ], [ 545588.599999999976717, 157690.0 ], [ 545604.099999999976717, 157673.200000000011642 ], [ 545620.0, 157657.6 ], [ 545632.099999999976717, 157645.9 ], [ 545651.900000000023283, 157624.299999999988358 ], [ 545708.099999999976717, 157554.700000000011642 ], [ 545749.400000000023283, 157496.700000000011642 ], [ 545760.199999999953434, 157484.1 ], [ 545766.400000000023283, 157477.700000000011642 ], [ 545769.800000000046566, 157474.4 ], [ 545799.699999999953434, 157450.700000000011642 ], [ 545891.199999999953434, 157376.299999999988358 ], [ 545885.300000000046566, 157368.700000000011642 ], [ 545875.800000000046566, 157359.1 ], [ 545868.400000000023283, 157353.1 ], [ 545860.400000000023283, 157347.9 ], [ 545856.300000000046566, 157345.6 ], [ 545797.300000000046566, 157317.1 ], [ 545786.400000000023283, 157311.200000000011642 ], [ 545780.400000000023283, 157307.299999999988358 ], [ 545776.800000000046566, 157305.0 ], [ 545768.900000000023283, 157298.9 ], [ 545759.5, 157290.1 ], [ 545650.300000000046566, 157153.1 ], [ 545628.699999999953434, 157123.799999999988358 ], [ 545613.5, 157107.299999999988358 ], [ 545613.5, 157102.0 ], [ 545608.199999999953434, 157056.799999999988358 ], [ 545602.900000000023283, 157046.799999999988358 ], [ 545574.300000000046566, 157013.5 ], [ 545568.900000000023283, 157004.0 ], [ 545563.0, 156996.9 ], [ 545556.599999999976717, 156992.200000000011642 ], [ 545548.800000000046566, 156983.200000000011642 ], [ 545540.099999999976717, 156969.9 ], [ 545532.5, 156964.6 ], [ 545526.0, 156956.4 ], [ 545520.199999999953434, 156949.200000000011642 ], [ 545513.400000000023283, 156944.4 ], [ 545503.900000000023283, 156938.9 ], [ 545491.800000000046566, 156930.9 ], [ 545470.699999999953434, 156925.4 ], [ 545397.5, 156898.9 ], [ 545364.900000000023283, 156864.700000000011642 ], [ 545354.800000000046566, 156852.299999999988358 ], [ 545327.699999999953434, 156849.0 ], [ 545295.400000000023283, 156839.0 ], [ 545280.099999999976717, 156834.9 ], [ 545270.900000000023283, 156831.5 ], [ 545267.300000000046566, 156830.4 ], [ 545265.5, 156829.799999999988358 ], [ 545263.699999999953434, 156829.200000000011642 ], [ 545261.900000000023283, 156828.5 ], [ 545260.199999999953434, 156827.799999999988358 ], [ 545258.5, 156827.0 ], [ 545256.800000000046566, 156826.1 ], [ 545255.199999999953434, 156825.1 ], [ 545253.400000000023283, 156823.9 ], [ 545251.699999999953434, 156822.5 ], [ 545249.900000000023283, 156821.1 ], [ 545248.300000000046566, 156819.6 ], [ 545246.699999999953434, 156818.1 ], [ 545245.099999999976717, 156816.5 ], [ 545243.599999999976717, 156814.9 ], [ 545242.199999999953434, 156813.200000000011642 ], [ 545240.900000000023283, 156811.6 ], [ 545239.599999999976717, 156809.9 ], [ 545238.300000000046566, 156808.0 ], [ 545237.900000000023283, 156806.6 ], [ 545237.300000000046566, 156804.4 ], [ 545237.199999999953434, 156803.200000000011642 ], [ 545237.5, 156802.299999999988358 ], [ 545237.400000000023283, 156802.200000000011642 ], [ 545233.699999999953434, 156800.799999999988358 ], [ 545227.199999999953434, 156806.6 ], [ 545218.900000000023283, 156802.299999999988358 ], [ 545204.099999999976717, 156796.299999999988358 ], [ 545182.099999999976717, 156790.0 ], [ 545167.699999999953434, 156786.4 ], [ 545163.599999999976717, 156785.299999999988358 ], [ 545159.5, 156784.299999999988358 ], [ 545153.699999999953434, 156783.200000000011642 ], [ 545147.599999999976717, 156782.200000000011642 ], [ 545141.400000000023283, 156781.5 ], [ 545135.300000000046566, 156781.0 ], [ 545129.099999999976717, 156780.6 ], [ 545125.400000000023283, 156780.4 ], [ 545119.900000000023283, 156777.4 ], [ 545111.099999999976717, 156778.6 ], [ 545106.400000000023283, 156777.4 ], [ 545104.800000000046566, 156780.4 ], [ 545087.599999999976717, 156780.9 ], [ 545077.599999999976717, 156780.9 ], [ 545053.0, 156783.9 ], [ 545048.300000000046566, 156784.4 ], [ 545029.5, 156790.0 ], [ 545022.099999999976717, 156790.200000000011642 ], [ 545015.0, 156790.299999999988358 ], [ 545007.699999999953434, 156790.200000000011642 ], [ 545000.099999999976717, 156786.299999999988358 ], [ 545000.0, 156786.299999999988358 ], [ 544965.300000000046566, 156784.299999999988358 ], [ 544954.099999999976717, 156786.6 ], [ 544949.199999999953434, 156787.5 ], [ 544940.300000000046566, 156788.0 ], [ 544920.900000000023283, 156788.6 ], [ 544920.900000000023283, 156778.0 ], [ 544917.0, 156778.4 ], [ 544909.199999999953434, 156779.200000000011642 ], [ 544898.599999999976717, 156780.9 ], [ 544891.599999999976717, 156780.9 ], [ 544879.800000000046566, 156780.9 ], [ 544874.5, 156782.1 ], [ 544872.099999999976717, 156780.299999999988358 ], [ 544869.800000000046566, 156783.299999999988358 ], [ 544854.0, 156782.700000000011642 ], [ 544835.199999999953434, 156779.700000000011642 ], [ 544804.699999999953434, 156776.799999999988358 ], [ 544791.199999999953434, 156775.6 ], [ 544773.599999999976717, 156775.1 ], [ 544744.800000000046566, 156770.9 ], [ 544704.900000000023283, 156767.4 ], [ 544690.800000000046566, 156764.5 ], [ 544665.599999999976717, 156760.4 ], [ 544661.300000000046566, 156759.299999999988358 ], [ 544656.199999999953434, 156758.0 ], [ 544645.0, 156753.9 ], [ 544632.699999999953434, 156751.6 ], [ 544619.199999999953434, 156749.799999999988358 ], [ 544605.099999999976717, 156744.5 ], [ 544593.800000000046566, 156739.9 ], [ 544592.199999999953434, 156739.4 ], [ 544586.800000000046566, 156737.9 ], [ 544581.5, 156736.4 ], [ 544576.199999999953434, 156734.9 ], [ 544570.900000000023283, 156733.200000000011642 ], [ 544565.699999999953434, 156731.5 ], [ 544560.5, 156729.6 ], [ 544555.300000000046566, 156727.5 ], [ 544542.300000000046566, 156721.1 ], [ 544524.300000000046566, 156711.0 ], [ 544511.199999999953434, 156704.6 ], [ 544501.800000000046566, 156700.5 ], [ 544487.699999999953434, 156693.5 ], [ 544491.0, 156686.6 ], [ 544485.099999999976717, 156685.6 ], [ 544480.099999999976717, 156688.6 ], [ 544467.800000000046566, 156690.5 ], [ 544453.599999999976717, 156692.5 ], [ 544325.199999999953434, 156649.6 ], [ 544264.599999999976717, 156629.299999999988358 ], [ 544264.699999999953434, 156613.1 ], [ 544253.199999999953434, 156615.299999999988358 ], [ 544241.300000000046566, 156615.5 ], [ 544238.800000000046566, 156615.6 ], [ 544235.800000000046566, 156615.700000000011642 ], [ 544232.800000000046566, 156615.700000000011642 ], [ 544229.900000000023283, 156615.799999999988358 ], [ 544226.900000000023283, 156616.0 ], [ 544223.900000000023283, 156616.4 ], [ 544223.400000000023283, 156616.5 ], [ 544222.5, 156616.6 ], [ 544220.699999999953434, 156617.0 ], [ 544219.800000000046566, 156617.200000000011642 ], [ 544218.800000000046566, 156617.299999999988358 ], [ 544217.900000000023283, 156617.4 ], [ 544217.5, 156617.4 ], [ 544216.599999999976717, 156617.4 ], [ 544215.699999999953434, 156617.299999999988358 ], [ 544214.699999999953434, 156617.200000000011642 ], [ 544202.800000000046566, 156615.200000000011642 ], [ 544186.300000000046566, 156612.200000000011642 ], [ 544155.900000000023283, 156605.700000000011642 ], [ 544154.699999999953434, 156605.4 ], [ 544152.599999999976717, 156605.0 ], [ 544150.599999999976717, 156604.700000000011642 ], [ 544146.5, 156604.0 ], [ 544144.400000000023283, 156603.6 ], [ 544142.400000000023283, 156603.200000000011642 ], [ 544140.400000000023283, 156602.799999999988358 ], [ 544138.400000000023283, 156602.299999999988358 ], [ 544136.400000000023283, 156601.6 ], [ 544134.5, 156600.9 ], [ 544131.699999999953434, 156599.5 ], [ 544126.300000000046566, 156596.1 ], [ 544121.199999999953434, 156592.299999999988358 ], [ 544115.900000000023283, 156588.700000000011642 ], [ 544111.599999999976717, 156586.299999999988358 ], [ 544100.199999999953434, 156580.4 ], [ 544088.599999999976717, 156574.799999999988358 ], [ 544079.0, 156570.200000000011642 ], [ 544068.0, 156565.4 ], [ 544067.199999999953434, 156565.0 ], [ 544063.900000000023283, 156563.6 ], [ 544060.699999999953434, 156562.1 ], [ 544057.5, 156560.700000000011642 ], [ 544054.300000000046566, 156559.299999999988358 ], [ 544051.099999999976717, 156557.9 ], [ 544047.800000000046566, 156556.5 ], [ 544044.599999999976717, 156555.200000000011642 ], [ 544041.300000000046566, 156554.0 ], [ 544038.0, 156553.0 ], [ 544034.599999999976717, 156552.0 ], [ 544031.199999999953434, 156551.200000000011642 ], [ 544026.300000000046566, 156550.4 ], [ 544015.400000000023283, 156549.5 ], [ 544004.400000000023283, 156549.4 ], [ 543993.400000000023283, 156549.5 ], [ 543992.599999999976717, 156549.5 ], [ 543985.900000000023283, 156549.5 ], [ 543979.099999999976717, 156549.5 ], [ 543972.400000000023283, 156549.700000000011642 ], [ 543965.699999999953434, 156550.0 ], [ 543959.0, 156550.5 ], [ 543934.800000000046566, 156554.0 ], [ 543918.0, 156556.200000000011642 ], [ 543911.400000000023283, 156551.799999999988358 ], [ 543906.900000000023283, 156551.1 ], [ 543894.800000000046566, 156546.5 ], [ 543837.5, 156528.0 ], [ 543810.699999999953434, 156521.1 ], [ 543787.900000000023283, 156517.6 ], [ 543763.199999999953434, 156511.700000000011642 ], [ 543733.599999999976717, 156506.799999999988358 ], [ 543693.0, 156494.1 ], [ 543646.900000000023283, 156482.200000000011642 ], [ 543636.699999999953434, 156480.9 ], [ 543628.599999999976717, 156490.5 ], [ 543612.0, 156509.200000000011642 ], [ 543610.599999999976717, 156510.700000000011642 ], [ 543608.800000000046566, 156512.6 ], [ 543607.0, 156514.5 ], [ 543605.099999999976717, 156516.5 ], [ 543603.300000000046566, 156518.5 ], [ 543601.599999999976717, 156520.5 ], [ 543600.0, 156522.6 ], [ 543596.599999999976717, 156528.1 ], [ 543593.599999999976717, 156533.799999999988358 ], [ 543591.099999999976717, 156539.799999999988358 ], [ 543588.800000000046566, 156545.9 ], [ 543586.5, 156552.0 ], [ 543581.400000000023283, 156567.6 ], [ 543576.5, 156583.799999999988358 ], [ 543573.400000000023283, 156592.6 ], [ 543570.0, 156602.299999999988358 ], [ 543569.800000000046566, 156603.6 ], [ 543569.5, 156605.5 ], [ 543569.199999999953434, 156607.299999999988358 ], [ 543568.800000000046566, 156609.0 ], [ 543568.300000000046566, 156610.799999999988358 ], [ 543567.800000000046566, 156612.6 ], [ 543567.199999999953434, 156614.299999999988358 ], [ 543566.5, 156616.0 ], [ 543566.5, 156616.1 ], [ 543564.900000000023283, 156619.4 ], [ 543563.199999999953434, 156622.6 ], [ 543561.300000000046566, 156625.799999999988358 ], [ 543560.400000000023283, 156627.299999999988358 ], [ 543558.699999999953434, 156629.9 ], [ 543556.800000000046566, 156632.5 ], [ 543555.0, 156635.1 ], [ 543553.300000000046566, 156637.799999999988358 ], [ 543552.599999999976717, 156639.1 ], [ 543549.5, 156645.5 ], [ 543546.599999999976717, 156652.0 ], [ 543544.599999999976717, 156656.700000000011642 ], [ 543542.800000000046566, 156661.6 ], [ 543540.900000000023283, 156666.6 ], [ 543538.800000000046566, 156671.4 ], [ 543536.0, 156677.200000000011642 ], [ 543532.400000000023283, 156684.0 ], [ 543529.099999999976717, 156689.9 ], [ 543525.099999999976717, 156696.5 ], [ 543521.199999999953434, 156703.200000000011642 ], [ 543519.699999999953434, 156706.200000000011642 ], [ 543517.599999999976717, 156710.700000000011642 ], [ 543515.5, 156715.200000000011642 ], [ 543513.400000000023283, 156719.700000000011642 ], [ 543511.0, 156724.0 ], [ 543510.300000000046566, 156725.299999999988358 ], [ 543506.800000000046566, 156731.1 ], [ 543503.0, 156736.799999999988358 ], [ 543499.099999999976717, 156742.5 ], [ 543487.300000000046566, 156757.9 ], [ 543485.199999999953434, 156760.6 ], [ 543482.599999999976717, 156763.9 ], [ 543480.0, 156767.200000000011642 ], [ 543477.5, 156770.5 ], [ 543475.0, 156774.0 ], [ 543472.699999999953434, 156777.5 ], [ 543472.199999999953434, 156778.200000000011642 ], [ 543470.099999999976717, 156781.9 ], [ 543468.0, 156785.5 ], [ 543466.0, 156789.299999999988358 ], [ 543464.199999999953434, 156793.0 ], [ 543462.400000000023283, 156796.9 ], [ 543460.800000000046566, 156800.799999999988358 ], [ 543455.699999999953434, 156814.299999999988358 ], [ 543448.599999999976717, 156811.799999999988358 ], [ 543436.900000000023283, 156807.299999999988358 ], [ 543430.199999999953434, 156804.200000000011642 ], [ 543422.800000000046566, 156800.9 ], [ 543415.400000000023283, 156797.9 ], [ 543407.900000000023283, 156795.0 ], [ 543400.800000000046566, 156792.4 ], [ 543393.099999999976717, 156789.9 ], [ 543385.400000000023283, 156787.5 ], [ 543377.699999999953434, 156785.4 ], [ 543366.5, 156782.0 ], [ 543340.900000000023283, 156777.0 ], [ 543309.900000000023283, 156803.1 ], [ 543289.300000000046566, 156818.1 ], [ 543282.300000000046566, 156823.200000000011642 ], [ 543270.900000000023283, 156831.200000000011642 ], [ 543259.300000000046566, 156838.9 ], [ 543258.400000000023283, 156839.5 ], [ 543241.0, 156850.1 ], [ 543223.5, 156860.6 ], [ 543216.699999999953434, 156865.0 ], [ 543199.699999999953434, 156876.200000000011642 ], [ 543172.5, 156895.4 ], [ 543170.0, 156897.200000000011642 ], [ 543160.599999999976717, 156903.799999999988358 ], [ 543151.300000000046566, 156910.6 ], [ 543142.199999999953434, 156917.700000000011642 ], [ 543140.800000000046566, 156918.700000000011642 ], [ 543138.800000000046566, 156920.299999999988358 ], [ 543136.800000000046566, 156921.799999999988358 ], [ 543134.699999999953434, 156923.4 ], [ 543132.800000000046566, 156925.0 ], [ 543130.800000000046566, 156926.700000000011642 ], [ 543129.0, 156928.5 ], [ 543117.400000000023283, 156943.299999999988358 ], [ 543103.400000000023283, 156961.9 ], [ 543102.5, 156963.1 ], [ 543101.599999999976717, 156964.4 ], [ 543100.699999999953434, 156965.700000000011642 ], [ 543099.900000000023283, 156967.0 ], [ 543099.0, 156968.299999999988358 ], [ 543098.099999999976717, 156969.6 ], [ 543097.199999999953434, 156970.9 ], [ 543096.199999999953434, 156972.1 ], [ 543095.199999999953434, 156973.299999999988358 ], [ 543094.199999999953434, 156974.5 ], [ 543093.0, 156975.5 ], [ 543092.099999999976717, 156976.4 ], [ 543091.300000000046566, 156977.0 ], [ 543090.599999999976717, 156977.6 ], [ 543089.800000000046566, 156978.1 ], [ 543089.099999999976717, 156978.700000000011642 ], [ 543088.300000000046566, 156979.200000000011642 ], [ 543087.5, 156979.700000000011642 ], [ 543086.599999999976717, 156980.1 ], [ 543086.300000000046566, 156980.299999999988358 ], [ 543084.0, 156981.0 ], [ 543081.5, 156981.4 ], [ 543079.0, 156981.5 ], [ 543076.5, 156981.4 ], [ 543073.900000000023283, 156981.299999999988358 ], [ 543071.400000000023283, 156981.1 ], [ 543069.800000000046566, 156981.1 ], [ 543065.400000000023283, 156980.700000000011642 ], [ 543061.099999999976717, 156980.1 ], [ 543056.800000000046566, 156979.4 ], [ 543029.0, 156972.0 ], [ 543017.5, 156969.1 ], [ 542999.599999999976717, 156964.6 ], [ 542992.0, 156962.5 ], [ 542969.900000000023283, 156956.1 ], [ 542966.800000000046566, 156955.200000000011642 ], [ 542962.699999999953434, 156954.0 ], [ 542958.699999999953434, 156952.799999999988358 ], [ 542954.599999999976717, 156951.700000000011642 ], [ 542950.599999999976717, 156950.6 ], [ 542946.5, 156949.700000000011642 ], [ 542942.300000000046566, 156948.9 ], [ 542941.800000000046566, 156948.799999999988358 ], [ 542939.0, 156948.4 ], [ 542936.199999999953434, 156948.0 ], [ 542933.400000000023283, 156947.700000000011642 ], [ 542930.599999999976717, 156947.4 ], [ 542927.800000000046566, 156947.200000000011642 ], [ 542924.900000000023283, 156947.1 ], [ 542924.599999999976717, 156947.1 ], [ 542919.5, 156947.299999999988358 ], [ 542914.300000000046566, 156947.799999999988358 ], [ 542909.199999999953434, 156948.5 ], [ 542904.099999999976717, 156949.4 ], [ 542897.199999999953434, 156950.700000000011642 ], [ 542884.5, 156953.6 ], [ 542879.199999999953434, 156954.9 ], [ 542863.900000000023283, 156958.799999999988358 ], [ 542862.5, 156959.200000000011642 ], [ 542841.099999999976717, 156963.799999999988358 ], [ 542838.199999999953434, 156964.5 ], [ 542834.400000000023283, 156965.299999999988358 ], [ 542830.599999999976717, 156966.1 ], [ 542826.800000000046566, 156966.9 ], [ 542822.900000000023283, 156967.5 ], [ 542822.699999999953434, 156967.5 ], [ 542818.900000000023283, 156967.9 ], [ 542815.0, 156968.299999999988358 ], [ 542811.099999999976717, 156968.5 ], [ 542810.199999999953434, 156968.6 ], [ 542798.400000000023283, 156969.9 ], [ 542786.699999999953434, 156971.5 ], [ 542752.300000000046566, 156975.1 ], [ 542750.800000000046566, 156975.5 ], [ 542731.300000000046566, 156973.1 ], [ 542716.599999999976717, 156963.700000000011642 ], [ 542705.699999999953434, 156948.9 ], [ 542699.300000000046566, 156923.799999999988358 ], [ 542689.0, 156894.799999999988358 ], [ 542666.900000000023283, 156869.200000000011642 ], [ 542628.699999999953434, 156849.200000000011642 ], [ 542624.099999999976717, 156846.700000000011642 ], [ 542620.800000000046566, 156845.1 ], [ 542616.099999999976717, 156842.9 ], [ 542611.300000000046566, 156840.799999999988358 ], [ 542608.599999999976717, 156839.4 ], [ 542603.300000000046566, 156837.0 ], [ 542598.099999999976717, 156834.700000000011642 ], [ 542592.699999999953434, 156832.5 ], [ 542587.300000000046566, 156830.5 ], [ 542581.900000000023283, 156828.6 ], [ 542579.300000000046566, 156827.799999999988358 ], [ 542575.099999999976717, 156826.4 ], [ 542570.800000000046566, 156825.200000000011642 ], [ 542566.5, 156824.0 ], [ 542562.199999999953434, 156822.9 ], [ 542557.800000000046566, 156822.0 ], [ 542553.5, 156821.1 ], [ 542549.099999999976717, 156820.4 ], [ 542545.199999999953434, 156820.0 ], [ 542540.800000000046566, 156819.5 ], [ 542536.400000000023283, 156819.200000000011642 ], [ 542531.900000000023283, 156819.0 ], [ 542527.5, 156818.9 ], [ 542523.699999999953434, 156818.700000000011642 ], [ 542516.800000000046566, 156818.5 ], [ 542514.0, 156818.5 ], [ 542507.099999999976717, 156818.5 ], [ 542502.900000000023283, 156818.6 ], [ 542503.199999999953434, 156819.9 ], [ 542507.0, 156853.4 ], [ 542519.400000000023283, 156917.4 ], [ 542521.099999999976717, 156929.1 ], [ 542523.599999999976717, 156951.5 ], [ 542524.400000000023283, 156962.299999999988358 ], [ 542524.800000000046566, 156979.5 ], [ 542529.5, 157039.700000000011642 ], [ 542535.400000000023283, 157054.4 ], [ 542537.599999999976717, 157063.5 ], [ 542538.599999999976717, 157072.299999999988358 ], [ 542539.599999999976717, 157113.0 ], [ 542544.699999999953434, 157184.9 ], [ 542547.800000000046566, 157211.1 ], [ 542554.699999999953434, 157255.0 ], [ 542555.800000000046566, 157258.700000000011642 ], [ 542561.599999999976717, 157273.1 ], [ 542563.300000000046566, 157279.5 ], [ 542567.0, 157304.5 ], [ 542569.900000000023283, 157310.9 ], [ 542577.599999999976717, 157335.9 ], [ 542580.300000000046566, 157347.299999999988358 ], [ 542586.0, 157393.0 ], [ 542587.400000000023283, 157403.9 ], [ 542600.5, 157428.700000000011642 ], [ 542603.599999999976717, 157434.799999999988358 ], [ 542602.400000000023283, 157435.799999999988358 ], [ 542595.800000000046566, 157441.200000000011642 ], [ 542602.599999999976717, 157455.1 ], [ 542608.5, 157459.200000000011642 ], [ 542610.099999999976717, 157460.200000000011642 ], [ 542617.199999999953434, 157479.200000000011642 ], [ 542608.199999999953434, 157484.0 ], [ 542589.699999999953434, 157493.799999999988358 ], [ 542580.5, 157500.700000000011642 ], [ 542564.199999999953434, 157512.799999999988358 ], [ 542551.800000000046566, 157520.0 ], [ 542540.099999999976717, 157525.0 ], [ 542531.699999999953434, 157529.5 ], [ 542530.0, 157581.700000000011642 ], [ 542529.599999999976717, 157597.299999999988358 ], [ 542526.800000000046566, 157616.200000000011642 ], [ 542522.699999999953434, 157637.1 ], [ 542521.099999999976717, 157653.5 ], [ 542511.300000000046566, 157712.700000000011642 ], [ 542505.5, 157743.6 ], [ 542498.699999999953434, 157764.299999999988358 ], [ 542487.900000000023283, 157790.799999999988358 ], [ 542478.0, 157815.200000000011642 ], [ 542476.0, 157824.4 ], [ 542467.800000000046566, 157846.9 ], [ 542451.300000000046566, 157875.4 ], [ 542443.699999999953434, 157886.5 ], [ 542430.199999999953434, 157912.299999999988358 ], [ 542409.400000000023283, 157949.9 ], [ 542409.400000000023283, 157957.0 ], [ 542411.5, 157963.0 ], [ 542409.800000000046566, 157964.0 ], [ 542401.400000000023283, 157951.200000000011642 ], [ 542384.0, 157934.200000000011642 ], [ 542381.900000000023283, 157932.200000000011642 ], [ 542375.599999999976717, 157940.0 ], [ 542368.699999999953434, 157933.0 ], [ 542358.0, 157945.4 ], [ 542365.199999999953434, 157953.200000000011642 ], [ 542332.900000000023283, 157986.6 ], [ 542320.599999999976717, 157999.299999999988358 ], [ 542316.800000000046566, 157994.700000000011642 ], [ 542311.400000000023283, 157988.1 ], [ 542262.400000000023283, 158023.799999999988358 ], [ 542219.199999999953434, 158063.200000000011642 ], [ 542182.300000000046566, 158116.5 ], [ 542149.0, 158146.1 ], [ 542138.300000000046566, 158157.299999999988358 ], [ 542071.400000000023283, 158234.1 ], [ 542067.900000000023283, 158235.700000000011642 ], [ 542063.599999999976717, 158237.799999999988358 ], [ 542060.199999999953434, 158233.5 ], [ 542044.900000000023283, 158253.1 ], [ 542049.900000000023283, 158256.9 ], [ 542053.800000000046566, 158260.0 ], [ 542039.699999999953434, 158273.5 ], [ 542028.900000000023283, 158281.700000000011642 ], [ 542019.0, 158289.1 ], [ 541987.300000000046566, 158307.200000000011642 ], [ 541952.699999999953434, 158340.1 ], [ 541881.900000000023283, 158378.6 ], [ 541871.099999999976717, 158384.9 ], [ 541865.800000000046566, 158388.6 ], [ 541856.900000000023283, 158396.4 ], [ 541839.400000000023283, 158414.200000000011642 ], [ 541819.400000000023283, 158434.5 ], [ 541795.699999999953434, 158451.200000000011642 ], [ 541759.199999999953434, 158390.1 ], [ 541737.800000000046566, 158370.9 ], [ 541731.0, 158365.6 ], [ 541716.5, 158356.1 ], [ 541682.0, 158331.6 ], [ 541676.099999999976717, 158325.1 ], [ 541674.099999999976717, 158321.6 ], [ 541661.800000000046566, 158290.799999999988358 ], [ 541643.900000000023283, 158260.700000000011642 ], [ 541640.400000000023283, 158252.4 ], [ 541625.699999999953434, 158235.4 ], [ 541618.599999999976717, 158227.9 ], [ 541571.300000000046566, 158211.6 ], [ 541562.0, 158207.0 ], [ 541556.5, 158203.700000000011642 ], [ 541539.800000000046566, 158191.200000000011642 ], [ 541511.300000000046566, 158167.299999999988358 ], [ 541468.599999999976717, 158134.299999999988358 ], [ 541460.699999999953434, 158126.4 ], [ 541438.300000000046566, 158095.0 ], [ 541407.900000000023283, 158043.799999999988358 ], [ 541404.0, 158039.200000000011642 ], [ 541388.5, 158022.9 ], [ 541383.199999999953434, 158016.6 ], [ 541345.199999999953434, 157962.9 ], [ 541337.199999999953434, 157952.799999999988358 ], [ 541322.5, 157935.9 ], [ 541276.0, 157879.200000000011642 ], [ 541249.699999999953434, 157839.0 ], [ 541236.300000000046566, 157809.0 ], [ 541231.199999999953434, 157794.4 ], [ 541225.400000000023283, 157775.5 ], [ 541219.099999999976717, 157753.0 ], [ 541210.800000000046566, 157720.5 ], [ 541199.300000000046566, 157665.200000000011642 ], [ 541197.199999999953434, 157647.4 ], [ 541195.699999999953434, 157639.700000000011642 ], [ 541192.599999999976717, 157629.1 ], [ 541186.0, 157611.200000000011642 ], [ 541181.900000000023283, 157593.9 ], [ 541178.400000000023283, 157583.5 ], [ 541170.800000000046566, 157564.1 ], [ 541167.300000000046566, 157557.200000000011642 ], [ 541146.699999999953434, 157516.799999999988358 ], [ 541138.300000000046566, 157498.5 ], [ 541131.900000000023283, 157486.200000000011642 ], [ 541120.199999999953434, 157466.299999999988358 ], [ 541084.099999999976717, 157400.799999999988358 ], [ 541067.300000000046566, 157366.5 ], [ 541022.699999999953434, 157296.9 ], [ 541017.900000000023283, 157288.799999999988358 ], [ 541011.300000000046566, 157275.5 ], [ 540995.300000000046566, 157233.700000000011642 ], [ 540989.0, 157213.0 ], [ 540985.800000000046566, 157184.1 ], [ 540985.800000000046566, 157175.799999999988358 ], [ 540986.300000000046566, 157166.1 ], [ 540987.800000000046566, 157154.5 ], [ 540990.800000000046566, 157140.1 ], [ 540994.900000000023283, 157108.9 ], [ 540993.5, 157099.4 ], [ 540988.099999999976717, 157081.299999999988358 ], [ 540985.0, 157073.6 ], [ 540979.0, 157062.299999999988358 ], [ 540960.199999999953434, 157016.200000000011642 ], [ 540958.199999999953434, 157009.799999999988358 ], [ 540956.199999999953434, 157000.299999999988358 ], [ 540954.800000000046566, 156983.700000000011642 ], [ 540948.099999999976717, 156934.799999999988358 ], [ 540943.199999999953434, 156916.9 ], [ 540942.099999999976717, 156911.6 ], [ 540938.300000000046566, 156882.5 ], [ 540936.099999999976717, 156859.200000000011642 ], [ 540931.900000000023283, 156833.299999999988358 ], [ 540904.099999999976717, 156735.200000000011642 ], [ 540890.199999999953434, 156694.1 ], [ 540881.800000000046566, 156663.700000000011642 ], [ 540863.400000000023283, 156664.9 ], [ 540813.800000000046566, 156667.5 ], [ 540758.400000000023283, 156671.0 ], [ 540685.199999999953434, 156674.799999999988358 ], [ 540642.800000000046566, 156673.4 ], [ 540596.199999999953434, 156667.200000000011642 ], [ 540595.099999999976717, 156670.5 ], [ 540568.5, 156725.700000000011642 ], [ 540559.300000000046566, 156751.1 ], [ 540553.900000000023283, 156775.1 ], [ 540545.599999999976717, 156811.299999999988358 ], [ 540542.800000000046566, 156830.0 ], [ 540538.699999999953434, 156879.299999999988358 ], [ 540536.400000000023283, 156892.6 ], [ 540524.199999999953434, 156946.5 ], [ 540516.900000000023283, 156949.799999999988358 ], [ 540513.5, 156967.4 ], [ 540496.5, 157036.799999999988358 ], [ 540489.300000000046566, 157077.799999999988358 ], [ 540471.199999999953434, 157161.9 ], [ 540471.199999999953434, 157162.0 ], [ 540445.699999999953434, 157203.299999999988358 ], [ 540439.699999999953434, 157236.1 ], [ 540430.900000000023283, 157278.5 ], [ 540419.5, 157333.9 ], [ 540406.699999999953434, 157387.5 ], [ 540390.5, 157447.1 ], [ 540387.0, 157484.0 ], [ 540373.599999999976717, 157530.4 ], [ 540361.199999999953434, 157551.9 ], [ 540355.199999999953434, 157568.700000000011642 ], [ 540349.199999999953434, 157585.700000000011642 ], [ 540345.0, 157603.1 ], [ 540339.800000000046566, 157619.9 ], [ 540335.0, 157634.299999999988358 ], [ 540329.0, 157652.1 ], [ 540325.0, 157670.9 ], [ 540319.199999999953434, 157694.1 ], [ 540312.0, 157722.1 ], [ 540306.0, 157750.299999999988358 ], [ 540301.199999999953434, 157767.299999999988358 ], [ 540294.400000000023283, 157793.0 ], [ 540288.599999999976717, 157844.5 ], [ 540290.900000000023283, 157850.299999999988358 ], [ 540289.400000000023283, 157858.799999999988358 ], [ 540289.5, 157903.4 ], [ 540280.699999999953434, 157914.6 ], [ 540278.0, 157919.4 ], [ 540275.0, 157928.1 ], [ 540268.199999999953434, 157991.200000000011642 ], [ 540270.5, 158002.1 ], [ 540270.0, 158006.799999999988358 ], [ 540265.800000000046566, 158023.9 ], [ 540253.800000000046566, 158059.299999999988358 ], [ 540244.900000000023283, 158082.299999999988358 ], [ 540243.599999999976717, 158085.1 ], [ 540241.099999999976717, 158088.5 ], [ 540239.300000000046566, 158093.0 ], [ 540239.099999999976717, 158096.700000000011642 ], [ 540239.599999999976717, 158100.6 ], [ 540241.699999999953434, 158105.299999999988358 ], [ 540243.800000000046566, 158120.799999999988358 ], [ 540236.699999999953434, 158144.799999999988358 ], [ 540225.699999999953434, 158186.200000000011642 ], [ 540224.800000000046566, 158198.4 ], [ 540217.099999999976717, 158218.6 ], [ 540212.099999999976717, 158231.6 ], [ 540205.300000000046566, 158249.4 ], [ 540200.699999999953434, 158261.200000000011642 ], [ 540196.099999999976717, 158271.200000000011642 ], [ 540189.699999999953434, 158282.0 ], [ 540181.5, 158294.0 ], [ 540175.099999999976717, 158303.4 ], [ 540173.5, 158310.0 ], [ 540174.900000000023283, 158320.0 ], [ 540171.300000000046566, 158327.799999999988358 ], [ 540164.699999999953434, 158337.799999999988358 ], [ 540162.300000000046566, 158348.799999999988358 ], [ 540162.900000000023283, 158359.0 ], [ 540161.5, 158373.200000000011642 ], [ 540156.300000000046566, 158398.6 ], [ 540143.900000000023283, 158437.200000000011642 ], [ 540129.699999999953434, 158491.799999999988358 ], [ 540127.400000000023283, 158509.4 ], [ 540133.300000000046566, 158541.200000000011642 ], [ 540085.5, 158685.700000000011642 ], [ 540081.400000000023283, 158700.5 ], [ 540078.199999999953434, 158720.0 ], [ 540077.599999999976717, 158736.4 ], [ 540076.599999999976717, 158753.4 ], [ 540079.199999999953434, 158773.799999999988358 ], [ 540085.400000000023283, 158794.799999999988358 ], [ 540095.800000000046566, 158824.200000000011642 ], [ 540113.199999999953434, 158861.200000000011642 ], [ 540122.400000000023283, 158894.6 ], [ 540125.400000000023283, 158922.6 ], [ 540126.599999999976717, 158960.200000000011642 ], [ 540129.599999999976717, 158997.799999999988358 ], [ 540144.800000000046566, 159084.6 ], [ 540151.199999999953434, 159105.6 ], [ 540152.800000000046566, 159111.1 ], [ 540149.0, 159119.6 ], [ 540153.0, 159130.799999999988358 ], [ 540159.300000000046566, 159161.4 ], [ 540174.300000000046566, 159217.0 ], [ 540183.699999999953434, 159276.299999999988358 ], [ 540197.0, 159366.299999999988358 ], [ 540180.400000000023283, 159364.299999999988358 ], [ 540139.599999999976717, 159357.299999999988358 ], [ 540128.199999999953434, 159354.1 ], [ 540121.400000000023283, 159353.200000000011642 ], [ 540111.0, 159352.799999999988358 ], [ 540062.699999999953434, 159339.799999999988358 ], [ 540047.800000000046566, 159333.9 ], [ 540040.699999999953434, 159330.1 ], [ 540028.5, 159322.1 ], [ 540000.099999999976717, 159311.5 ], [ 540000.0, 159311.5 ], [ 539977.400000000023283, 159305.200000000011642 ], [ 539965.300000000046566, 159303.5 ], [ 539936.300000000046566, 159304.4 ], [ 539935.900000000023283, 159305.299999999988358 ], [ 539935.5, 159314.200000000011642 ], [ 539927.699999999953434, 159367.1 ], [ 539901.800000000046566, 159465.9 ], [ 539892.099999999976717, 159505.799999999988358 ], [ 539863.699999999953434, 159583.700000000011642 ], [ 539855.300000000046566, 159613.299999999988358 ], [ 539849.199999999953434, 159647.1 ], [ 539847.400000000023283, 159664.4 ], [ 539845.900000000023283, 159682.0 ], [ 539842.0, 159743.299999999988358 ], [ 539837.199999999953434, 159774.200000000011642 ], [ 539830.599999999976717, 159803.4 ], [ 539823.800000000046566, 159827.700000000011642 ], [ 539820.0, 159851.299999999988358 ], [ 539816.199999999953434, 159874.9 ], [ 539800.800000000046566, 160000.0 ], [ 539797.199999999953434, 160015.9 ], [ 539767.900000000023283, 160096.9 ], [ 539736.400000000023283, 160214.4 ], [ 539721.599999999976717, 160254.299999999988358 ], [ 539712.0, 160284.200000000011642 ], [ 539708.900000000023283, 160324.799999999988358 ], [ 539699.400000000023283, 160364.799999999988358 ], [ 539691.800000000046566, 160414.9 ], [ 539682.400000000023283, 160466.200000000011642 ], [ 539673.0, 160507.799999999988358 ], [ 539664.800000000046566, 160559.5 ], [ 539645.900000000023283, 160617.200000000011642 ], [ 539631.800000000046566, 160677.9 ], [ 539612.5, 160740.5 ], [ 539602.300000000046566, 160770.5 ], [ 539596.300000000046566, 160796.299999999988358 ], [ 539512.400000000023283, 160780.299999999988358 ], [ 539439.099999999976717, 160766.5 ], [ 539402.5, 160750.9 ], [ 539383.599999999976717, 160814.799999999988358 ], [ 539353.800000000046566, 160867.799999999988358 ], [ 539316.099999999976717, 160918.700000000011642 ], [ 539271.5, 160959.299999999988358 ], [ 539183.599999999976717, 161040.299999999988358 ], [ 539102.5, 161116.200000000011642 ], [ 539076.5, 161136.299999999988358 ], [ 539033.099999999976717, 161169.700000000011642 ], [ 538957.599999999976717, 161224.5 ], [ 538921.400000000023283, 161250.700000000011642 ], [ 538926.800000000046566, 161285.1 ], [ 538857.800000000046566, 161300.799999999988358 ], [ 538849.0, 161302.1 ], [ 538840.199999999953434, 161303.1 ], [ 538831.400000000023283, 161303.9 ], [ 538822.5, 161304.5 ], [ 538813.599999999976717, 161304.9 ], [ 538804.800000000046566, 161305.1 ], [ 538803.0, 161305.1 ], [ 538794.099999999976717, 161305.0 ], [ 538785.300000000046566, 161304.700000000011642 ], [ 538776.400000000023283, 161304.1 ], [ 538767.599999999976717, 161303.299999999988358 ], [ 538758.699999999953434, 161302.299999999988358 ], [ 538749.900000000023283, 161301.200000000011642 ], [ 538741.099999999976717, 161299.9 ], [ 538732.400000000023283, 161298.5 ], [ 538730.800000000046566, 161298.200000000011642 ], [ 538719.599999999976717, 161296.299999999988358 ], [ 538708.300000000046566, 161294.200000000011642 ], [ 538697.300000000046566, 161291.5 ], [ 538694.0, 161290.5 ], [ 538689.400000000023283, 161288.9 ], [ 538684.900000000023283, 161287.299999999988358 ], [ 538680.400000000023283, 161285.5 ], [ 538680.0, 161285.299999999988358 ], [ 538665.400000000023283, 161270.6 ], [ 538657.300000000046566, 161262.5 ], [ 538667.300000000046566, 161247.299999999988358 ], [ 538681.699999999953434, 161211.1 ], [ 538664.5, 161190.5 ], [ 538597.099999999976717, 161186.799999999988358 ], [ 538501.300000000046566, 161033.4 ], [ 538481.599999999976717, 161031.700000000011642 ], [ 538476.599999999976717, 161008.299999999988358 ], [ 538477.800000000046566, 160957.6 ], [ 538474.199999999953434, 160939.4 ], [ 538460.699999999953434, 160918.6 ], [ 538443.5, 160895.200000000011642 ], [ 538437.300000000046566, 160855.5 ], [ 538436.300000000046566, 160838.9 ], [ 538424.800000000046566, 160858.6 ], [ 538415.5, 160881.799999999988358 ], [ 538399.400000000023283, 160913.1 ], [ 538381.900000000023283, 160932.299999999988358 ], [ 538376.0, 160943.0 ], [ 538370.400000000023283, 160972.200000000011642 ], [ 538360.800000000046566, 160999.5 ], [ 538347.5, 161027.5 ], [ 538317.400000000023283, 161081.6 ], [ 538297.5, 161104.299999999988358 ], [ 538274.5, 161135.9 ], [ 538238.800000000046566, 161178.5 ], [ 538226.300000000046566, 161187.200000000011642 ], [ 538215.599999999976717, 161188.9 ], [ 538186.300000000046566, 161180.299999999988358 ], [ 538183.900000000023283, 161187.200000000011642 ], [ 538174.0, 161222.5 ], [ 538159.099999999976717, 161278.799999999988358 ], [ 538147.800000000046566, 161309.6 ], [ 538112.5, 161355.9 ], [ 538096.599999999976717, 161393.200000000011642 ], [ 538087.900000000023283, 161417.1 ], [ 538083.5, 161430.1 ], [ 538066.800000000046566, 161486.4 ], [ 538061.800000000046566, 161497.1 ], [ 538056.699999999953434, 161507.200000000011642 ], [ 538040.800000000046566, 161520.4 ], [ 538018.699999999953434, 161540.799999999988358 ], [ 537992.300000000046566, 161572.700000000011642 ], [ 537985.900000000023283, 161582.5 ], [ 537985.300000000046566, 161584.0 ], [ 537989.099999999976717, 161610.0 ], [ 537980.400000000023283, 161643.4 ], [ 537933.800000000046566, 161702.799999999988358 ], [ 537918.199999999953434, 161717.299999999988358 ], [ 537873.099999999976717, 161746.799999999988358 ], [ 537850.900000000023283, 161758.0 ], [ 537815.800000000046566, 161765.5 ], [ 537762.800000000046566, 161772.299999999988358 ], [ 537744.900000000023283, 161772.0 ], [ 537732.099999999976717, 161773.4 ], [ 537718.900000000023283, 161775.1 ], [ 537690.300000000046566, 161781.0 ], [ 537659.400000000023283, 161797.700000000011642 ], [ 537634.099999999976717, 161787.1 ], [ 537600.0, 161790.700000000011642 ], [ 537584.599999999976717, 161787.0 ], [ 537566.699999999953434, 161780.799999999988358 ], [ 537537.099999999976717, 161771.799999999988358 ], [ 537498.099999999976717, 161761.5 ], [ 537479.5, 161754.799999999988358 ], [ 537461.300000000046566, 161747.700000000011642 ], [ 537427.699999999953434, 161731.9 ], [ 537404.599999999976717, 161717.299999999988358 ], [ 537392.300000000046566, 161709.6 ], [ 537382.300000000046566, 161703.9 ], [ 537357.400000000023283, 161694.9 ], [ 537308.300000000046566, 161682.4 ], [ 537296.099999999976717, 161674.9 ], [ 537287.699999999953434, 161670.700000000011642 ], [ 537274.199999999953434, 161665.700000000011642 ], [ 537261.300000000046566, 161662.799999999988358 ], [ 537251.400000000023283, 161661.5 ], [ 537195.099999999976717, 161658.6 ], [ 537177.199999999953434, 161658.299999999988358 ], [ 537161.699999999953434, 161657.200000000011642 ], [ 537128.900000000023283, 161653.200000000011642 ], [ 537089.699999999953434, 161660.6 ], [ 537065.400000000023283, 161670.1 ], [ 537022.199999999953434, 161712.700000000011642 ], [ 537006.900000000023283, 161721.700000000011642 ], [ 536997.599999999976717, 161718.799999999988358 ], [ 536981.0, 161719.700000000011642 ], [ 536947.099999999976717, 161731.4 ], [ 536914.900000000023283, 161743.700000000011642 ], [ 536882.199999999953434, 161744.799999999988358 ], [ 536843.599999999976717, 161763.4 ], [ 536834.900000000023283, 161765.9 ], [ 536826.099999999976717, 161768.1 ], [ 536805.0, 161772.200000000011642 ], [ 536786.099999999976717, 161773.0 ], [ 536768.400000000023283, 161784.5 ], [ 536763.400000000023283, 161777.6 ], [ 536728.800000000046566, 161742.5 ], [ 536674.300000000046566, 161680.200000000011642 ], [ 536661.800000000046566, 161660.4 ], [ 536638.800000000046566, 161616.6 ], [ 536627.5, 161588.299999999988358 ], [ 536616.699999999953434, 161554.799999999988358 ], [ 536600.300000000046566, 161522.9 ], [ 536593.599999999976717, 161502.5 ], [ 536587.300000000046566, 161482.0 ], [ 536582.800000000046566, 161463.799999999988358 ], [ 536569.199999999953434, 161403.700000000011642 ], [ 536558.900000000023283, 161361.700000000011642 ], [ 536542.900000000023283, 161319.700000000011642 ], [ 536499.099999999976717, 161232.700000000011642 ], [ 536435.800000000046566, 161213.1 ], [ 536401.099999999976717, 161212.700000000011642 ], [ 536323.300000000046566, 161218.0 ], [ 536289.599999999976717, 161211.4 ], [ 536258.800000000046566, 161206.1 ], [ 536227.400000000023283, 161197.700000000011642 ], [ 536180.599999999976717, 161187.799999999988358 ], [ 536157.599999999976717, 161171.0 ], [ 536125.300000000046566, 161145.4 ], [ 536096.400000000023283, 161133.1 ], [ 536070.800000000046566, 161118.4 ], [ 536048.900000000023283, 161107.1 ], [ 536035.599999999976717, 161103.5 ], [ 536007.900000000023283, 161097.5 ], [ 535993.900000000023283, 161095.0 ], [ 535966.599999999976717, 161093.299999999988358 ], [ 535924.800000000046566, 161087.1 ], [ 535937.400000000023283, 161033.799999999988358 ], [ 535939.699999999953434, 161022.200000000011642 ], [ 535902.900000000023283, 161001.299999999988358 ], [ 535887.5, 160988.0 ], [ 535873.5, 160969.4 ], [ 535870.199999999953434, 160943.299999999988358 ], [ 535870.599999999976717, 160910.0 ], [ 535873.0, 160886.1 ], [ 535904.199999999953434, 160816.299999999988358 ], [ 535919.800000000046566, 160794.299999999988358 ], [ 535935.0, 160775.0 ], [ 535966.400000000023283, 160752.700000000011642 ], [ 535991.5, 160727.799999999988358 ], [ 536027.5, 160677.700000000011642 ], [ 536041.699999999953434, 160653.9 ], [ 536019.699999999953434, 160641.0 ], [ 536057.900000000023283, 160578.299999999988358 ], [ 536070.5, 160556.6 ], [ 536089.400000000023283, 160513.700000000011642 ], [ 536097.800000000046566, 160487.700000000011642 ], [ 536099.599999999976717, 160476.299999999988358 ], [ 536096.400000000023283, 160471.9 ], [ 536102.300000000046566, 160453.200000000011642 ], [ 536112.400000000023283, 160410.0 ], [ 536113.300000000046566, 160388.200000000011642 ], [ 536111.5, 160301.6 ], [ 536113.300000000046566, 160269.299999999988358 ], [ 536091.300000000046566, 160261.6 ], [ 536089.800000000046566, 160269.700000000011642 ], [ 536075.0, 160272.9 ], [ 536051.0, 160281.0 ], [ 536017.5, 160282.200000000011642 ], [ 535997.599999999976717, 160275.5 ], [ 535981.099999999976717, 160268.200000000011642 ], [ 535966.0, 160234.299999999988358 ], [ 535935.699999999953434, 160194.4 ], [ 535919.900000000023283, 160162.200000000011642 ], [ 535910.5, 160141.799999999988358 ], [ 535907.800000000046566, 160135.1 ], [ 535906.5, 160125.4 ], [ 535903.599999999976717, 160092.799999999988358 ], [ 535901.599999999976717, 160086.1 ], [ 535899.199999999953434, 160079.700000000011642 ], [ 535881.900000000023283, 160062.1 ], [ 535881.699999999953434, 160000.0 ], [ 535881.0, 159973.1 ], [ 535882.0, 159951.9 ], [ 535850.400000000023283, 159945.6 ], [ 535818.300000000046566, 159941.200000000011642 ], [ 535800.400000000023283, 159942.4 ], [ 535793.099999999976717, 159935.5 ], [ 535773.199999999953434, 159923.299999999988358 ], [ 535759.400000000023283, 159912.1 ], [ 535721.900000000023283, 159876.200000000011642 ], [ 535684.599999999976717, 159845.9 ], [ 535636.400000000023283, 159812.9 ], [ 535626.800000000046566, 159812.299999999988358 ], [ 535578.199999999953434, 159820.9 ], [ 535563.0, 159832.799999999988358 ], [ 535539.800000000046566, 159855.6 ], [ 535523.800000000046566, 159846.4 ], [ 535508.400000000023283, 159839.1 ], [ 535487.599999999976717, 159821.4 ], [ 535443.599999999976717, 159773.5 ], [ 535433.099999999976717, 159761.4 ], [ 535413.400000000023283, 159733.4 ], [ 535394.400000000023283, 159709.200000000011642 ], [ 535369.5, 159694.6 ], [ 535363.099999999976717, 159692.299999999988358 ], [ 535357.800000000046566, 159691.299999999988358 ], [ 535350.0, 159690.5 ], [ 535311.699999999953434, 159673.6 ], [ 535301.300000000046566, 159670.299999999988358 ], [ 535288.300000000046566, 159668.4 ], [ 535275.400000000023283, 159667.700000000011642 ], [ 535268.099999999976717, 159667.700000000011642 ], [ 535251.099999999976717, 159669.6 ], [ 535237.5, 159669.6 ], [ 535224.0, 159659.9 ], [ 535215.800000000046566, 159652.1 ], [ 535188.599999999976717, 159619.4 ], [ 535177.800000000046566, 159602.9 ], [ 535164.0, 159592.5 ], [ 535145.699999999953434, 159583.700000000011642 ], [ 535141.0, 159570.9 ], [ 535117.400000000023283, 159560.200000000011642 ], [ 535058.300000000046566, 159532.1 ], [ 535023.0, 159514.6 ], [ 535009.199999999953434, 159504.700000000011642 ], [ 535005.5, 159502.0 ], [ 535002.900000000023283, 159500.1 ], [ 535000.099999999976717, 159503.200000000011642 ], [ 535000.0, 159503.200000000011642 ], [ 534747.800000000046566, 159517.799999999988358 ] ] ] } }
]
}
